Date,PPI-yy US,CPI-yy US,ism-manufacturing-pmi US,ism-non-manufacturing-pmi US,cb-consumer-confidence US,nfib-small-business-optimism US,retail-sales-yy US,retail-sales-ex-autos-mm US,durable-goods-orders US,nonfarm-payrolls US,industrial-production-mm US,trade-balance US,housing-starts US,new-home-sales US,building-permits US,existing-home-sales US,unemployment-rate US,adp-nonfarm-employment-change US,ny-empire-state-manufacturing-index US,chicago-pmi US,capacity-utilization US,factory-orders US,durable-goods-orders-ex-transportation US,business-inventories-mm US,pce-price-index-yy US,pce-price-index-mm US,core-pce-price-index-yy US,core-pce-price-index-mm US,average-hourly-earnings US,adp-nonfarm-employment US,PPI EuroZone,CPI EuroZone,manufacturing-pmi EuroZone,services-pmi EuroZone,consumer-confidence EuroZone,business-and-consumer-survey EuroZone,retail-sales EuroZone,industrial-production EuroZone,trade-balance EuroZone,unemployment-rate EuroZone,markit-composite-pmi EuroZone,ecb-deposit-rate-decision EuroZone,zew-indicator-of-economic-sentiment EuroZone,fed-interest-rate-decision US,ecb-interest-rate-decision EuroZone,boe-interest-rate-decision UK,snb-interest-rate-decision Switzerland,EUR/USD
2022-06,10.8,8.6,56.1,55.9,98.7,89.5,8.1,0.5,0.7,390.0,0.2,-87.077,1.549,0.696,1.695,5.41,3.6,128.0,-1.2,56.0,79.0,0.3,0.7,1.2,6.3,0.6,4.7,0.3,0.3,128.0,37.2,8.1,54.6,52.8,-23.6,104.0,3.9,-2.0,-31.7,6.6,51.9,-0.5,-28.0,1.75,0.0,1.25,-0.25,1.044659
2022-05,11.0,8.3,55.4,57.1,106.4,93.1,8.2,0.6,0.4,428.0,1.1,-109.802,1.724,0.591,1.819,5.61,3.6,247.0,-11.6,60.3,79.0,2.2,0.3,2.0,6.3,0.2,4.9,0.3,0.3,247.0,36.8,7.4,54.4,57.7,-21.1,105.0,0.8,-0.8,-17.6,6.8,54.9,-0.5,-29.5,1.0,0.0,1.0,-0.25,1.077354
2022-04,11.2,8.5,57.1,58.3,107.3,93.2,6.9,1.1,0.8,431.0,0.9,-89.185,1.793,0.763,1.873,5.77,3.6,351.0,24.6,56.4,78.3,-0.5,1.1,1.5,6.6,0.9,5.2,0.3,0.4,351.0,31.4,7.5,55.3,55.6,-16.9,105.0,5.0,2.0,-9.4,6.8,55.8,-0.5,-43.0,1.0,0.0,1.0,-0.25,1.05463
2022-03,10.0,7.9,58.6,56.5,107.2,93.2,17.6,0.2,-2.2,678.0,0.5,-89.692,1.769,0.772,1.859,6.02,3.8,455.0,-11.8,62.9,77.6,1.4,-0.6,1.1,6.4,0.6,5.4,0.4,0.0,455.0,30.6,5.9,57.0,55.5,-18.7,108.5,7.8,-1.3,-7.7,6.8,54.5,-0.5,-38.7,0.5,0.0,0.75,-0.75,1.116184
2022-02,9.7,7.5,57.6,59.9,110.5,95.7,13.0,3.3,1.6,467.0,1.4,-80.731,1.638,0.801,1.899,6.5,4.0,-301.0,3.1,56.3,77.6,-0.4,0.7,2.1,6.1,0.6,5.2,0.5,0.7,-301.0,26.2,5.1,58.4,51.1,-8.8,114.0,2.0,1.6,-9.7,7.0,55.8,-0.5,48.6,0.5,0.0,0.5,-0.75,1.118105
2022-01,9.7,7.0,58.7,62.0,113.8,97.1,17.0,-2.3,-0.9,199.0,-0.1,-80.172,1.702,0.811,1.873,6.18,3.9,807.0,-0.7,65.2,76.5,1.6,0.4,1.3,5.8,0.4,4.9,0.5,0.6,807.0,23.7,5.0,58.0,53.1,-8.5,112.7,7.8,-1.5,-1.3,7.2,52.4,-0.5,49.4,0.25,0.0,0.5,-0.75,1.115237
2021-12,9.6,6.8,61.1,69.1,115.8,95.9,18.2,0.3,2.5,210.0,0.5,-67.116,1.679,0.744,1.712,6.46,4.2,534.0,31.9,63.1,76.8,1.0,0.8,1.2,5.7,0.6,4.7,0.5,0.3,534.0,21.9,4.9,58.0,55.9,-8.3,115.3,1.4,3.3,2.4,7.3,53.4,-0.5,26.8,0.25,0.0,0.25,-0.75,1.132503
2021-11,8.6,6.2,60.8,66.7,109.5,98.4,16.0,1.7,-0.5,531.0,1.6,-80.934,1.52,0.745,1.65,6.34,4.6,571.0,30.9,61.8,76.4,0.2,0.5,0.7,5.0,0.6,4.1,0.4,0.4,571.0,16.0,4.9,58.6,56.6,-6.8,117.5,2.5,5.2,6.1,7.4,54.2,-0.5,25.9,0.25,0.0,0.1,-0.75,1.129344
2021-10,8.6,5.4,61.1,61.9,113.8,98.2,13.8,0.8,-0.4,194.0,-1.3,-73.252,1.555,0.8,1.589,6.29,4.8,568.0,19.8,68.4,75.2,1.2,0.4,0.6,4.4,0.3,3.6,0.2,0.6,568.0,13.4,4.1,58.5,56.4,-4.8,118.6,0.0,5.1,11.1,7.45,54.3,-0.5,21.0,0.25,0.0,0.1,-0.75,1.156136
2021-09,8.3,5.3,59.9,61.7,109.3,99.1,14.9,1.8,1.8,235.0,0.4,-70.051,1.615,0.74,1.728,5.88,5.2,374.0,34.3,64.7,76.4,0.4,0.2,0.5,4.300000000000001,0.35,3.6,0.25,0.6,374.0,12.1,3.0,58.7,59.0,-4.0,117.8,3.1,7.7,13.4,7.5,56.1,-0.5,31.1,0.25,0.0,0.1,-0.75,1.16016
2021-08,7.8,5.4,59.5,64.1,113.8,100.1,15.8,-0.4,-0.1,943.0,0.9,-75.749,1.534,0.708,1.635,5.99,5.4,330.0,18.3,66.8,76.1,1.5,0.7,0.8,4.2,0.4,3.6,0.3,0.4,330.0,10.2,3.0,62.8,59.8,-5.3,117.5,5.0,9.7,12.4,7.7,59.5,-0.5,42.7,0.25,0.0,0.1,-0.75,1.17969
2021-07,7.3,5.4,60.6,60.1,129.1,99.7,18.0,1.3,0.8,850.0,0.4,-71.24,1.643,0.676,1.598,5.86,5.9,654.0,43.0,73.4,75.4,1.7,0.3,0.5,4.0,0.5,3.5,0.4,0.3,654.0,9.6,1.9,62.6,58.3,-4.4,119.0,9.0,20.5,9.4,7.9,60.6,-0.5,61.2,0.25,0.0,0.1,-0.75,1.18678
2021-06,6.6,5.0,61.2,64.0,127.3,102.5,28.1,-0.7,2.3,559.0,0.8,-68.899,1.572,0.769,1.681,5.8,5.8,978.0,17.4,66.1,75.2,-0.6,0.3,-0.2,3.9,0.4,3.4,0.5,0.5,978.0,7.6,1.9,63.1,58.0,-3.3,117.9,23.9,39.3,9.4,8.0,59.2,-0.5,81.3,0.25,0.0,0.1,-0.75,1.190193
2021-05,6.2,4.2,60.7,62.7,117.2,99.6,51.2,-0.8,-1.3,266.0,0.7,-74.448,1.569,0.863,1.76,5.85,6.1,742.0,24.3,75.2,74.9,1.1,1.0,0.3,3.6,0.6,3.1,0.7,0.7,742.0,4.3,1.6,62.8,55.1,-5.1,114.5,12.0,10.9,13.0,8.05,56.9,-0.5,84.0,0.25,0.0,0.1,-0.75,1.219007
2021-04,4.2,2.6,64.7,63.7,121.7,99.8,27.7,8.4,0.5,916.0,1.4,-71.078,1.739,1.021,1.766,6.01,6.0,629.5,26.3,72.1,74.4,-0.8,1.6,0.5,2.3,0.5,1.8,0.4,-0.1,629.5,1.5,1.6,63.3,49.6,-8.1,110.3,-2.9,-1.6,18.4,8.1,53.2,-0.5,66.3,0.25,0.0,0.1,-0.75,1.212709
2021-03,2.8,1.7,60.8,55.3,109.7,98.2,6.3,-2.7,-1.1,379.0,-2.2,-68.213,1.421,0.775,1.682,6.22,6.2,517.0,17.4,66.3,73.8,2.6,-0.9,0.3,1.6,0.2,1.4,0.1,0.2,517.0,0.0,1.3,62.4,45.7,-10.8,101.0,-6.4,0.1,24.2,8.1,48.8,-0.5,74.0,0.25,0.0,0.1,-0.75,1.17236
2021-02,1.7,1.4,58.7,58.7,91.3,95.8,7.4,5.9,3.4,49.0,0.9,-66.613,1.58,0.923,1.881,6.69,6.3,174.0,12.1,59.5,75.6,1.1,1.4,0.6,1.5,0.3,1.5,0.3,0.2,174.0,-1.1,0.9,54.8,45.4,-14.8,93.4,0.6,-0.8,27.5,8.3,48.1,-0.5,69.6,0.25,0.0,0.1,-0.75,1.207361
2021-01,0.8,1.4,60.7,57.2,89.3,95.0,2.9,-1.4,0.2,-140.0,1.6,-68.142,1.669,0.842,1.709,6.76,6.7,-123.0,3.5,63.8,74.5,1.0,0.7,0.5,1.3,0.4,1.5,0.3,0.8,-123.0,-1.9,-0.3,54.7,46.4,-15.5,91.5,-2.9,-0.6,25.1,8.3,47.5,-0.5,58.3,0.25,0.0,0.1,-0.75,1.2139
2020-12,0.8,1.2,57.5,55.9,88.6,102.7,4.1,-0.9,0.9,245.0,0.4,-63.123,1.547,0.841,1.639,6.69,6.7,307.0,4.9,59.5,73.3,1.0,0.4,0.7,1.1,0.0,1.4,0.0,0.3,307.0,-2.0,-0.3,55.5,47.3,-13.9,90.4,4.3,-3.8,25.9,8.4,49.8,-0.5,54.4,0.25,0.0,0.1,-0.75,1.22999
2020-11,0.5,1.2,59.3,56.6,96.1,101.4,5.7,0.2,1.3,638.0,1.1,-63.862,1.53,0.999,1.545,6.85,6.9,365.0,6.3,58.2,72.8,1.1,1.3,0.7,1.2,0.0,1.4,0.0,0.1,365.0,-2.4,-0.3,53.6,46.9,-17.6,87.6,2.2,-6.8,24.0,8.350000000000001,45.1,-0.5,32.8,0.25,0.0,0.1,-0.75,1.197146
2020-10,0.4,1.4,55.4,57.8,100.9,104.0,5.4,1.5,1.9,661.0,-0.6,-67.102,1.415,0.959,1.553,6.54,7.9,557.0,10.5,61.1,71.5,0.7,0.8,0.3,1.4,0.2,1.5,0.2,0.1,557.0,-2.5,-0.3,54.4,48.0,-15.5,90.9,3.7,-7.2,21.9,8.3,49.4,-0.5,52.3,0.25,0.0,0.1,-0.75,1.167679
2020-09,-0.2,1.3,56.0,56.9,101.8,104.0,2.6,0.7,0.4,1371.0,0.4,-63.556,1.416,1.011,1.47,6.0,8.4,749.0,17.0,62.4,71.4,6.4,0.4,0.1,1.2,0.25,1.4,0.25,0.4,749.0,-3.3,-0.2,51.7,50.5,-13.9,91.1,0.4,-7.7,20.3,7.9,50.1,-0.5,73.9,0.25,0.0,0.1,-0.75,1.174205
2020-08,-0.4,1.0,54.2,58.1,84.8,100.2,2.7,1.9,11.2,1763.0,3.0,-50.695,1.496,0.901,1.495,5.86,10.2,167.0,3.7,51.2,70.6,6.2,2.4,-1.1,1.0,0.3,1.3,0.3,0.2,167.0,-3.7,0.4,51.7,54.7,-14.7,87.7,1.3,-12.3,17.1,7.65,54.9,-0.5,64.0,0.25,0.0,0.1,-0.75,1.191824
2020-07,-0.8,0.6,52.6,57.1,92.6,98.8,1.1,7.3,7.3,4800.0,5.4,-54.601,1.186,0.776,1.241,4.72,11.1,2369.0,17.2,51.9,68.6,8.0,3.3,-2.3,0.8,0.4,0.9,0.2,-1.2,2369.0,-5.0,0.4,51.1,55.1,-15.0,82.3,-5.1,-20.9,8.0,7.4,54.8,-0.5,59.6,0.25,0.0,0.1,-0.75,1.187225
2020-06,-0.8,0.1,43.1,45.4,98.1,100.6,-6.1,12.4,15.8,2509.0,1.4,-49.408,0.974,0.676,1.22,3.91,13.3,-2760.0,-0.2,36.6,64.8,-13.0,4.0,-1.3,0.5,0.1,1.0,0.1,-1.0,-2760.0,-4.5,0.3,46.9,30.5,-14.7,75.7,-19.6,-28.0,1.2,7.3,47.5,-0.5,58.6,0.25,0.0,0.1,-0.75,1.12472
2020-05,-1.2,0.3,41.5,41.8,86.6,94.4,-21.6,-17.2,-17.2,-20500.0,-11.2,-44.415,0.891,0.623,1.074,4.33,14.7,-20236.0,-48.5,32.3,64.9,-10.3,-7.4,-0.2,0.5,-0.5,1.0,-0.4,4.7,-20236.0,-2.8,0.1,39.5,12.0,-18.8,67.5,-9.2,-12.9,23.5,7.3,30.5,-0.5,46.0,0.25,0.0,0.1,-0.75,1.111
2020-04,0.7,1.5,49.1,52.5,86.9,95.4,-6.2,-4.5,-14.4,-701.0,-5.4,-39.932,1.216,0.627,1.353,5.27,4.4,-27.0,-78.2,35.4,72.7,0.0,-0.2,-0.4,1.3,-0.3,1.7,-0.1,0.4,-27.0,-1.3,0.4,44.5,26.4,-22.7,67.0,3.0,-1.9,25.8,7.3,13.5,-0.5,25.2,0.25,0.0,0.1,-0.75,1.087725
2020-03,1.3,2.3,50.1,57.3,120.0,96.4,4.3,-0.4,1.2,273.0,0.6,-45.338,1.599,0.765,1.464,5.77,3.5,183.0,-21.5,47.8,77.0,-0.5,-0.6,-0.1,1.8,0.1,1.8,0.2,0.3,183.0,-0.5,1.2,44.8,52.6,-11.6,94.5,1.7,-1.9,17.3,7.4,31.4,-0.5,-49.5,0.25,0.0,0.25,-0.75,1.103047
2020-02,2.1,2.5,50.9,55.5,130.7,104.5,4.4,0.3,-0.2,225.0,-0.3,-48.88,1.567,0.764,1.551,5.46,3.6,291.0,12.9,49.0,76.8,1.8,0.9,0.1,1.7,0.1,1.6,0.1,0.2,291.0,-0.7,1.4,49.1,52.5,-6.6,103.5,1.3,-4.1,22.2,7.4,51.6,-0.5,10.4,0.25,0.0,0.25,-0.75,1.103
2020-01,1.3,2.3,47.2,55.0,131.6,104.3,5.8,0.7,2.4,145.0,-0.3,-43.086,1.608,0.694,1.416,5.54,3.5,202.0,4.8,42.9,77.0,-0.7,-0.1,-0.2,1.6,0.3,1.6,0.2,0.1,202.0,-1.4,1.4,47.8,52.2,-8.1,102.8,2.2,-1.5,19.2,7.4,50.9,-0.5,25.6,1.75,0.0,0.75,-0.75,1.102913
2019-12,1.1,2.1,48.1,53.9,126.5,104.4,3.3,0.1,-2.0,266.0,1.1,-47.199,1.365,0.719,1.482,5.35,3.5,67.0,3.5,48.9,77.3,0.3,0.0,0.2,1.5,0.2,1.6,0.1,0.2,67.0,-1.9,1.0,45.9,51.9,-8.1,101.5,1.4,-2.2,24.5,7.45,50.6,-0.5,11.2,1.75,0.0,0.75,-0.75,1.12023
2019-11,1.1,1.8,48.3,54.7,125.5,104.7,3.1,0.2,0.6,128.0,-0.8,-52.45,1.314,0.733,1.461,5.46,3.6,96.0,2.9,46.3,76.7,-0.6,0.6,0.0,1.3,0.2,1.6,0.1,0.2,96.0,-1.2,1.0,46.6,52.2,-7.2,101.3,3.1,-1.7,18.3,7.5,50.3,-0.5,-1.0,1.75,0.0,0.75,-0.75,1.102
2019-10,1.4,1.7,47.8,52.6,125.9,102.4,4.1,-0.1,-1.1,136.0,-0.4,-54.896,1.256,0.701,1.387,5.38,3.5,125.0,4.0,43.2,77.5,-0.1,-0.3,0.0,1.3,0.0,1.7,0.0,0.0,125.0,-0.8,0.8,45.7,51.6,-7.6,100.8,2.1,-2.8,20.3,7.5,50.2,-0.5,-23.5,1.75,0.0,0.75,-0.75,1.115449
2019-09,1.8,1.7,49.1,56.4,125.1,101.8,4.1,0.0,0.2,130.0,0.6,-53.989,1.364,0.713,1.419,5.49,3.7,195.0,2.0,47.1,77.9,1.4,0.5,0.4,1.4,0.0,1.8,0.1,0.4,195.0,0.2,1.0,47.0,53.5,-6.5,101.7,2.2,-2.0,19.0,7.4,50.4,-0.5,-22.4,2.0,0.0,0.75,-0.75,1.094271
2019-08,1.7,1.8,51.2,53.7,135.1,103.1,3.4,1.0,2.1,164.0,-0.2,-55.154,1.191,0.635,1.336,5.42,3.7,148.5,4.8,50.4,77.5,0.6,-0.4,0.0,1.4,0.2,1.6,0.2,0.3,148.5,0.7,1.0,47.0,53.4,-7.1,103.1,2.6,-2.6,17.9,7.5,51.8,-0.45,-43.6,2.0,0.0,0.75,-0.75,1.1012
2019-07,1.7,1.6,51.7,55.1,135.7,104.7,3.4,0.4,2.0,224.0,0.0,-55.52,1.253,0.646,1.22,5.27,3.7,102.0,4.3,44.4,77.9,-0.7,1.2,0.3,1.4,0.1,1.6,0.2,0.2,102.0,1.6,1.1,46.4,53.6,-6.6,102.7,1.3,-0.5,20.2,7.5,51.5,-0.4,-20.3,2.25,0.0,0.75,-0.75,1.115797
2019-06,1.8,1.8,52.1,56.9,121.5,103.3,3.2,0.5,-1.3,75.0,0.4,-50.791,1.269,0.626,1.294,5.34,3.6,27.0,-8.6,49.7,78.1,-0.8,0.3,0.5,1.5,0.2,1.6,0.2,0.2,27.0,2.6,1.2,47.8,52.9,-7.2,103.3,1.5,-0.4,15.3,7.6,52.1,-0.4,-20.2,2.5,0.0,0.75,-0.75,1.139095
2019-05,2.2,2.0,52.8,55.5,134.1,105.0,3.1,0.1,-2.1,263.0,-0.5,-50.002,1.235,0.673,1.296,5.19,3.6,275.0,17.8,54.2,77.9,1.9,0.0,0.0,1.5,0.3,1.6,0.2,0.2,275.0,2.9,1.7,47.7,52.8,-6.5,105.1,1.9,-0.6,17.9,7.65,51.5,-0.4,-1.6,2.5,0.0,0.75,-0.75,1.113115
2019-04,2.2,1.9,55.3,56.1,129.2,103.5,3.6,1.2,2.7,196.0,-0.1,-49.382,1.139,0.692,1.269,5.21,3.8,129.0,10.1,52.6,78.8,-0.5,0.4,0.3,1.5,0.2,1.6,0.0,0.1,129.0,3.0,1.4,47.5,53.3,-7.9,104.0,2.8,-0.3,19.5,7.7,51.3,-0.4,4.5,2.5,0.0,0.75,-0.75,1.118518
2019-03,1.9,1.5,54.2,59.7,124.1,101.8,2.3,0.9,0.4,20.0,0.1,-51.149,1.162,0.667,1.296,5.51,3.8,183.0,3.7,58.7,78.2,0.1,-0.1,0.6,1.7,-0.1,1.8,0.1,0.4,183.0,3.0,1.5,47.6,52.7,-7.2,105.5,2.2,-1.1,17.0,7.8,51.3,-0.4,-2.5,2.5,0.0,0.75,-0.75,1.123305
2019-02,2.0,1.6,56.6,56.7,131.4,101.7,2.3,-1.8,1.2,304.0,-0.6,-49.313,1.078,0.662,1.326,4.94,4.0,198.0,8.8,64.7,78.2,0.1,0.1,-0.1,1.7333333333333334,-0.0333333333333333,1.8333333333333333,0.1,0.1,198.0,3.0,1.4,49.2,51.2,-7.4,106.1,0.8,-4.2,15.6,7.85,51.4,-0.4,-16.6,2.5,0.0,0.75,-0.75,1.138019
2019-01,2.5,1.9,54.1,57.6,120.2,101.2,3.25,-0.8,1.0,312.0,0.3,-52.4005,1.167,0.657,1.327,4.99,3.9,213.0,3.9,56.7,78.7,-1.0,-0.1,0.2499999999999999,1.7666666666666666,0.0333333333333333,1.8666666666666667,0.1,0.4,213.0,4.0,1.6,50.5,51.2,-6.2,106.2,1.1,-3.3,15.1,7.9,50.7,-0.4,-20.9,2.5,0.0,0.75,-0.75,1.148765
2018-12,2.5,2.2,59.3,60.7,128.1,104.9,4.2,0.2,0.8,155.0,0.6,-55.488,1.256,0.6005,1.328,5.32,3.7,179.0,10.9,65.4,78.5,-2.1,-0.3,0.6,1.8,0.1,1.9,0.1,0.2,179.0,4.9,1.9,51.4,53.4,-6.2,107.3,1.7,1.2,12.5,8.0,51.3,-0.4,-21.0,2.5,0.0,0.75,-0.75,1.143995
2018-11,2.9,2.5,57.7,60.3,135.7,104.8,4.6,0.7,-4.4,250.0,0.1,-54.019,1.228,0.544,1.263,5.22,3.7,203.0,23.3,66.4,78.4,0.7,0.1,0.3,2.0,0.2,1.8,0.1,0.2,203.0,4.5,2.0,51.5,53.7,-3.9,109.5,0.8,0.9,13.4,8.1,52.4,-0.4,-22.0,2.25,0.0,0.75,-0.75,1.139277
2018-10,2.6,2.3,59.8,61.6,137.9,107.4,4.7,-0.1,0.8,134.0,0.3,-53.237,1.201,0.553,1.241,5.15,3.7,227.0,21.1,58.4,78.1,2.3,0.1,0.5,2.0,0.1,2.0,0.2,0.3,227.0,4.2,2.1,53.2,54.7,-2.7,109.8,1.8,0.9,16.6,8.1,54.1,-0.4,-19.4,2.25,0.0,0.75,-0.75,1.134636
2018-09,2.8,2.7,61.3,58.5,138.4,107.9,6.6,0.3,4.5,201.0,0.4,-50.082,1.282,0.629,1.229,5.34,3.9,163.0,19.0,60.4,78.1,-0.8,0.1,0.6,2.2,0.1,2.0,0.0,0.4,163.0,4.0,2.0,54.6,54.7,-2.9,110.9,1.1,-0.1,12.8,8.149999999999999,54.2,-0.4,-7.2,2.25,0.0,0.75,-0.75,1.162304
2018-08,3.3,2.9,58.1,55.7,133.4,108.8,6.4,0.6,-1.7,157.0,0.1,-46.348,1.168,0.627,1.311,5.34,3.9,219.0,25.6,63.6,78.1,0.7,0.2,0.1,2.3,0.1,2.0,0.2,0.3,219.0,3.6,2.0,54.6,54.4,-1.9,111.6,1.2,2.5,16.7,8.2,54.4,-0.4,-11.1,2.0,0.0,0.75,-0.75,1.166466
2018-07,3.4,2.9,60.2,59.1,127.4,107.9,6.6,0.4,1.0,213.0,0.6,-43.053,1.173,0.631,1.273,5.38,4.0,177.0,22.6,65.5,78.0,0.4,0.4,0.4,2.2,0.1,1.9,0.1,0.2,177.0,3.0,2.1,55.1,55.2,-0.6,112.1,1.4,2.4,16.9,8.3,54.3,-0.4,-18.7,2.0,0.0,0.75,-0.75,1.170741
2018-06,3.1,2.8,58.7,58.6,126.4,107.2,5.9,0.9,-0.6,223.0,-0.1,-46.199,1.35,0.689,1.301,5.43,3.8,190.5,25.0,64.1,77.9,-0.8,-0.3,0.3,2.3,0.2,2.0,0.2,0.3,190.5,2.0,2.0,55.0,53.8,-0.5,112.3,1.7,1.7,18.1,8.4,54.8,-0.4,-12.6,2.0,0.0,0.5,-0.75,1.170494
2018-05,2.6,2.5,57.3,56.8,128.0,107.8,4.7,0.3,-1.7,164.0,0.7,-48.956,1.287,0.662,1.352,5.46,3.9,204.0,20.1,62.7,78.0,1.6,0.9,0.0,2.0,0.2,1.8,0.2,0.1,204.0,2.1,1.9,55.5,54.7,0.2,112.5,0.8,3.0,21.2,8.5,54.1,-0.4,2.4,1.75,0.0,0.5,-0.75,1.166725
2018-04,3.0,2.4,59.3,58.8,128.7,104.8,4.5,0.2,2.6,103.0,0.5,-57.591,1.319,0.694,1.354,5.6,4.1,241.0,15.8,57.6,78.0,1.2,0.0,0.6,2.0,0.0,1.9,0.2,0.3,241.0,1.6,1.4,56.0,54.9,0.4,112.7,1.8,2.9,21.0,8.5,55.2,-0.4,1.9,1.75,0.0,0.5,-0.75,1.212283
2018-03,2.8,2.2,60.8,59.5,127.7,104.7,4.0,0.2,3.1,313.0,1.1,-56.601,1.236,0.618,1.298,5.54,4.1,235.0,22.5,57.4,78.1,-1.4,1.2,0.6,1.7,0.2,1.6,0.2,0.1,235.0,1.5,1.1,58.6,56.2,0.1,112.6,2.3,2.7,19.9,8.6,57.1,-0.4,13.4,1.75,0.0,0.5,-0.75,1.233198
2018-02,2.7,2.1,59.1,59.9,130.8,107.6,3.6,0.0,-3.7,200.0,-0.1,-53.118,1.326,0.593,1.396,5.38,4.1,234.5,13.1,61.9,77.5,1.7,-0.3,0.4,1.7,0.15,1.55,0.2,0.3,234.5,2.2,1.2,58.5,56.7,0.1,114.1,1.9,5.2,23.8,8.649999999999999,57.5,-0.4,29.3,1.75,0.0,0.5,-0.75,1.223032
2018-01,2.6,2.1,59.7,55.9,125.4,106.9,5.4,0.4,2.9,148.0,0.9,-50.497,1.192,0.625,1.302,5.57,4.1,234.0,17.7,65.7,77.9,1.3,0.6,0.4,1.7,0.1,1.5,0.2,0.3,234.0,2.8,1.3,59.6,56.6,1.3,114.7,2.8,3.2,22.5,8.7,58.6,-0.4,31.8,1.5,0.0,0.5,-0.75,1.240957
2017-12,3.1,2.2,58.2,57.4,122.1,105.8,5.8,1.0,1.3,228.0,0.2,-48.731,1.297,0.733,1.298,5.81,4.1,190.0,18.0,67.6,77.1,-0.1,-0.1,-0.1,1.8,0.2,1.5,0.1,0.2,190.0,2.5,1.5,60.6,56.2,0.5,116.0,0.4,3.7,19.0,8.75,58.0,-0.4,29.0,1.5,0.0,0.5,-0.75,1.200005
2017-11,2.8,2.0,58.7,60.1,129.5,107.5,4.6,0.1,-1.2,261.0,0.9,-43.495,1.29,0.685,1.297,5.48,4.1,235.0,19.4,63.9,77.0,1.4,0.4,0.0,1.6,0.1,1.4,0.2,0.0,235.0,2.9,1.5,60.0,55.0,0.1,114.6,3.7,3.3,25.0,8.8,57.5,-0.4,30.9,1.25,0.0,0.5,-0.75,1.185199
2017-10,2.6,2.2,60.8,59.8,125.9,103.8,4.4,1.0,2.2,-33.0,0.3,-42.395,1.127,0.667,1.215,5.39,4.2,135.0,30.2,66.2,76.0,1.2,0.7,0.7,1.6,0.4,1.3,0.1,0.5,135.0,2.5,1.5,58.1,55.8,-1.0,114.0,1.2,3.8,21.6,8.9,55.9,-0.4,26.7,1.25,0.0,0.5,-0.75,1.16527
2017-09,2.4,1.9,58.8,55.3,119.8,103.0,3.2,0.2,1.7,156.0,-0.9,-43.689,1.18,0.56,1.3,5.35,4.4,156.5,24.4,65.2,76.1,-3.3,0.2,0.2,1.4,0.2,1.3,0.1,0.1,156.5,2.0,1.5,57.4,55.6,-1.2,113.0,2.6,3.2,18.6,9.0,56.7,-0.4,31.7,1.25,0.0,0.25,-0.75,1.174164
2017-08,1.9,1.7,56.3,53.9,122.9,105.3,4.2,0.5,-6.8,209.0,0.2,-43.642,1.155,0.571,1.223,5.44,4.3,178.0,25.2,58.9,76.7,3.0,0.5,0.5,1.4,0.0,1.5,0.1,0.3,178.0,2.5,1.5,57.4,54.9,-1.5,111.9,3.1,2.6,22.3,9.1,55.8,-0.4,29.3,1.25,0.0,0.25,-0.75,1.189343
2017-07,2.0,1.6,57.8,57.4,121.1,105.2,2.8,-0.2,6.5,222.0,0.4,-46.507,1.215,0.61,1.254,5.52,4.4,158.0,9.8,58.9,76.6,-0.8,0.2,0.3,1.4,-0.05,1.45,0.1,0.2,158.0,3.3,1.3,56.8,55.4,-1.7,111.2,2.6,4.0,19.7,9.1,56.3,-0.4,35.6,1.25,0.0,0.25,-0.75,1.174729
2017-06,2.4,1.9,54.9,56.9,118.9,103.6,3.8,-0.3,-1.1,138.0,0.0,-47.617,1.092,0.61,1.168,5.62,4.3,253.0,19.8,65.7,76.6,-0.2,0.1,-0.2,1.4,-0.1,1.4,0.1,0.2,253.0,4.3,1.3,57.3,56.3,-1.3,111.1,2.5,1.4,19.6,9.2,56.8,-0.4,37.7,1.25,0.0,0.25,-0.75,1.144165
2017-05,2.5,2.2,54.8,57.5,117.9,104.5,4.5,0.3,-0.7,211.0,1.0,-43.706,1.172,0.569,1.229,5.57,4.4,177.0,-1.0,59.4,76.7,0.2,-0.4,0.2,1.8,0.2,1.5,0.2,0.3,177.0,3.9,1.4,57.0,56.4,-3.3,109.2,2.3,1.9,23.1,9.3,56.8,-0.4,35.1,1.0,0.0,0.25,-0.75,1.117169
2017-04,2.3,2.4,57.2,55.2,120.3,104.5,5.2,0.0,0.7,98.0,0.5,-43.557,1.215,0.621,1.26,5.71,4.5,263.0,5.2,58.3,76.1,1.0,-0.2,0.3,1.95,0.15,1.65,0.2,0.2,263.0,4.5,1.5,56.2,56.0,-3.6,109.6,1.8,1.2,19.2,9.5,56.7,-0.4,26.3,1.0,0.0,0.25,-0.75,1.09075
2017-03,2.2,2.7,57.7,57.6,125.6,104.7,5.7,0.2,1.7,235.0,0.0,-48.5,1.288,0.592,1.213,5.48,4.7,298.0,16.4,57.7,75.4,1.2,0.4,0.3,2.1,0.1,1.8,0.2,0.2,298.0,3.5,1.5,57.2,56.5,-5.0,107.9,1.2,0.6,15.7,9.6,56.7,-0.4,25.6,1.0,0.0,0.25,-0.75,1.068707
2017-02,1.6,2.5,56.0,56.5,114.8,105.3,5.6,0.8,1.8,227.0,-0.3,-44.3,1.246,0.555,1.285,5.69,4.8,246.0,18.7,57.4,75.3,1.3,-0.2,0.4,1.85,0.15,1.75,0.15,0.1,246.0,1.6,1.8,55.5,53.7,-6.2,108.0,1.1,2.0,24.5,9.6,56.0,-0.4,17.1,0.75,0.0,0.25,-0.75,1.058425
2017-01,1.6,2.1,54.7,57.2,111.8,105.9,4.1,0.2,-0.4,156.0,0.8,-45.2,1.226,0.536,1.21,5.49,4.7,153.0,6.5,50.3,75.5,-2.4,0.5,0.7,1.6,0.2,1.7,0.1,0.4,153.0,0.1,1.8,55.1,53.7,-4.7,108.2,2.3,3.2,22.7,9.6,54.3,-0.4,23.2,0.75,0.0,0.25,-0.75,1.070859
2016-12,1.3,1.7,53.2,57.2,113.7,95.2,3.8,0.2,-4.6,178.0,-0.4,-42.6,1.09,0.592,1.201,5.61,4.6,184.5,9.0,54.6,75.0,2.7,0.5,-0.2,1.4,0.0,1.6,0.0,-0.1,184.5,-0.4,0.6,54.9,53.8,-5.1,107.8,2.4,0.6,19.7,9.8,53.9,-0.4,18.1,0.75,0.0,0.25,-0.75,1.052
2016-11,0.8,1.6,51.9,54.8,107.1,98.4,4.3,0.8,4.8,161.0,0.0,-36.44,1.323,0.563,1.229,5.6,4.9,216.0,1.5,57.6,75.3,0.3,1.0,0.1,1.4,0.2,1.7,0.1,0.4,216.0,-1.5,0.5,53.5,52.8,-6.1,106.5,1.1,1.2,24.9,10.0,53.7,-0.4,15.8,0.5,0.0,0.25,-0.75,1.064849
2016-10,0.7,1.5,51.5,57.1,98.6,94.9,2.7,0.5,-0.1,156.0,0.1,-40.7,1.047,0.593,1.225,5.47,5.0,154.0,-6.8,50.6,75.4,0.2,0.2,0.2,1.2,0.2,1.7,0.1,0.2,154.0,-2.1,0.5,53.3,53.5,-8.0,106.3,0.6,1.8,23.3,10.05,52.6,-0.4,12.3,0.5,0.0,0.25,-0.75,1.098467
2016-09,0.0,1.1,49.4,51.4,104.1,94.1,1.9,-0.1,0.0,151.0,-0.4,-39.47,1.142,0.609,1.139,5.33,4.9,166.5,-2.0,54.2,75.5,1.9,-0.4,0.0,1.0,0.1,1.7,0.2,0.1,166.5,-2.8,0.4,52.6,52.8,-8.2,104.9,2.9,-0.5,20.0,10.1,52.6,-0.4,5.4,0.5,0.0,0.25,-0.75,1.121957
2016-08,-0.2,0.8,52.6,55.5,101.1,94.4,2.3,-0.3,4.4,255.0,0.7,-44.5,1.211,0.654,1.152,5.39,4.9,179.0,-4.2,51.5,75.9,-1.5,1.5,0.2,0.9,0.0,1.6,0.1,0.3,179.0,-3.1,0.2,51.8,52.9,-8.5,103.5,1.6,0.4,23.4,10.1,53.3,-0.4,4.6,0.5,0.0,0.25,-0.75,1.115324
2016-07,0.3,1.0,53.2,56.5,97.3,94.6,2.7,0.7,-4.0,287.0,0.6,-41.14,1.189,0.592,1.153,5.57,4.9,172.0,0.6,55.8,75.4,-1.0,-0.5,0.2,0.9,0.1,1.6,0.15,0.1,172.0,-3.9,0.2,51.9,52.8,-7.9,104.6,1.6,0.5,24.5,10.1,52.9,-0.4,-14.7,0.5,0.0,0.5,-0.75,1.116807
2016-06,-0.1,1.0,51.3,52.9,98.0,94.5,2.5,0.4,-2.2,38.0,-0.4,-37.4,1.164,0.551,1.138,5.53,4.7,173.0,6.0,56.8,74.9,1.9,-0.3,0.1,0.9,0.2,1.6,0.2,0.2,173.0,-4.4,0.1,52.6,53.3,-7.3,104.4,1.4,2.0,28.0,10.15,52.8,-0.4,20.2,0.5,0.0,0.5,-0.75,1.112805
2016-05,0.0,1.1,50.8,55.7,92.6,93.8,3.0,0.8,3.4,160.0,0.7,-40.4,1.172,0.619,1.116,5.45,5.0,156.0,-9.0,49.3,75.4,1.1,0.4,0.4,1.1,0.3,1.6,0.2,0.3,156.0,-4.2,-0.2,51.7,53.1,-7.0,104.7,2.1,0.2,22.3,10.2,52.9,-0.4,16.8,0.5,0.0,0.5,-0.75,1.11484
2016-04,-0.1,0.9,51.8,54.5,94.2,93.6,1.7,0.2,0.8,215.0,-0.6,-47.06,1.089,0.511,1.086,5.33,5.0,178.0,9.6,50.4,74.8,-1.7,-0.2,-0.1,0.8,0.1,1.6,0.1,0.3,178.0,-4.2,0.0,51.6,53.2,-9.3,103.9,2.4,0.8,20.2,10.2,53.0,-0.4,21.5,0.5,0.0,0.5,-0.75,1.144833
2016-03,0.0,1.0,49.5,53.4,96.2,92.6,3.1,-0.1,-2.8,242.0,-0.5,-45.68,1.178,0.512,1.167,5.08,4.9,200.0,0.6,53.6,76.7,1.6,-1.0,0.1,1.0,-0.1,1.7,0.1,-0.1,200.0,-2.9,-0.1,51.4,53.3,-9.7,103.0,2.0,2.8,21.2,10.3,53.0,-0.4,10.6,0.5,0.0,0.5,-0.75,1.133466
2016-02,-0.2,1.4,48.2,53.5,92.2,92.9,3.4,0.1,4.9,151.0,0.9,-43.36,1.099,0.494,1.202,5.47,4.9,205.0,-16.6,47.6,77.1,-2.9,1.8,0.1,1.3,0.1,1.7,0.3,0.5,205.0,-3.0,-0.2,51.0,53.6,-8.8,103.8,1.4,-1.3,21.0,10.4,53.6,-0.35,13.6,0.5,0.0,0.5,-0.75,1.092395
2016-01,-1.0,0.7,48.2,55.3,98.1,93.9,2.2,-0.1,-5.1,292.0,-0.4,-42.4,1.149,0.544,1.232,5.46,5.0,257.0,-19.4,55.6,76.5,-0.2,-1.2,-0.2,0.8500000000000001,0.05,1.5,0.2,0.0,257.0,-3.2,0.4,52.3,54.2,-5.7,105.0,1.4,1.1,22.7,10.5,53.5,-0.3,22.7,0.5,0.05,0.5,-0.75,1.082591
2015-12,-1.1,0.5,48.6,55.9,96.5,100.4,1.4,0.4,0.0,211.0,-0.6,-43.89,1.173,0.49,1.289,4.76,5.0,217.0,-4.6,42.9,77.0,1.5,-0.1,0.0,0.4,0.0,1.3,0.1,0.2,217.0,-3.1,0.1,53.1,54.2,-5.7,106.8,2.5,1.9,19.9,10.7,54.0,-0.3,33.9,0.5,0.05,0.5,-0.75,1.093398
2015-11,-1.6,0.2,50.1,59.1,90.4,94.8,1.7,0.2,3.0,271.0,-0.2,-40.8,1.06,0.495,1.15,5.36,5.0,182.0,-10.7,48.7,77.5,-1.0,0.5,0.3,0.2,0.1,1.3,0.0,0.4,182.0,-3.1,0.1,52.3,54.6,-5.9,106.1,2.9,1.7,20.1,10.75,54.4,-0.25,28.3,0.5,0.05,0.5,-0.75,1.058302
2015-10,-1.1,0.0,50.2,56.9,97.6,96.1,2.4,-0.3,-1.2,142.0,-0.2,-48.33,1.206,0.468,1.103,5.55,5.1,186.0,-11.4,56.2,77.5,-1.7,-0.4,0.0,0.2,-0.1,1.3,0.1,0.0,186.0,-2.6,0.0,52.0,54.2,-7.7,105.9,2.3,0.9,19.8,10.8,54.0,-0.2,30.1,0.25,0.05,0.5,-0.75,1.100897
2015-09,-0.8,0.2,51.1,59.0,103.0,96.1,2.2,0.1,-2.0,173.0,-0.4,-41.86,1.126,0.552,1.17,5.31,5.1,190.0,-14.7,48.7,77.6,0.4,0.0,0.1,0.3,0.0,1.3,0.1,0.3,190.0,-2.1,-0.1,52.0,54.4,-7.1,105.6,2.7,1.9,22.4,10.9,53.9,-0.2,33.3,0.25,0.05,0.5,-0.75,1.125594
2015-08,-0.8,0.2,52.7,60.3,101.5,95.9,2.4,0.4,2.0,215.0,0.6,-43.84,1.206,0.507,1.119,5.59,5.3,185.0,-14.9,54.4,78.0,1.8,0.6,0.8,0.3,0.1,1.2,0.1,0.2,185.0,-2.2,0.2,52.4,54.0,-6.8,104.2,1.2,1.2,21.9,11.0,54.1,-0.2,47.6,0.25,0.05,0.5,-0.75,1.121403
2015-07,-0.7,0.1,53.5,56.0,90.9,95.4,1.4,-0.1,3.4,223.0,0.3,-41.87,1.174,0.482,1.343,5.49,5.3,237.0,3.9,54.7,78.4,-1.0,0.8,0.3,0.25,0.2,1.2,0.1,0.0,237.0,-2.0,0.2,52.2,54.4,-7.1,104.0,2.4,1.6,21.2,11.1,54.2,-0.2,42.7,0.25,0.05,0.5,-0.75,1.093924
2015-06,-1.1,0.0,52.8,55.7,101.4,94.1,2.7,1.0,-1.8,280.0,-0.2,-40.88,1.036,0.546,1.275,5.35,5.5,201.0,-2.0,49.4,78.1,-0.4,0.5,0.4,0.2,0.3,1.2,0.1,0.3,201.0,-2.2,0.3,52.5,53.8,-5.6,103.5,2.2,0.8,24.3,11.1,54.1,-0.2,53.7,0.25,0.05,0.5,-0.75,1.122297
2015-05,-1.3,-0.2,51.5,57.8,95.4,98.3,0.9,0.1,-0.5,223.0,-0.3,-51.37,1.135,0.517,1.143,5.04,5.4,169.0,3.1,46.2,78.2,2.1,0.5,0.1,0.25,0.25,1.25,0.1,0.1,169.0,-2.3,0.0,52.0,53.3,-5.5,103.8,1.6,1.8,19.7,11.2,53.4,-0.2,61.2,0.25,0.05,0.5,-0.75,1.096035
2015-04,-0.8,-0.1,51.5,56.5,95.2,96.9,1.3,0.4,4.0,126.0,-0.6,-35.4,0.926,0.481,1.039,5.19,5.5,189.0,-1.2,52.3,78.4,0.2,-0.2,0.3,0.3,0.2,1.3,0.1,0.3,189.0,-2.8,0.0,51.9,54.2,-4.6,103.7,3.0,1.6,22.0,11.3,53.5,-0.2,64.8,0.25,0.05,0.5,-0.75,1.111432
2015-03,-0.6,0.0,52.9,56.9,101.4,95.2,1.7,0.0,-1.4,264.0,0.1,-42.68,0.897,0.543,1.092,4.89,5.5,214.0,6.9,46.3,79.0,-0.7,-0.4,0.0,0.3,0.2,1.4,0.1,0.1,214.0,-3.5,-0.1,51.9,53.7,-3.7,103.9,3.7,0.4,21.2,11.3,54.1,-0.2,62.4,0.25,0.05,0.5,-0.75,1.083025
2015-02,0.0,-0.1,53.5,56.7,98.8,98.0,3.3,-1.1,2.0,201.0,-0.3,-45.6,1.081,0.5,1.06,4.82,5.7,250.0,7.8,45.8,79.1,-3.5,-0.7,0.0,0.8,-0.2,1.3,0.0,0.5,250.0,-2.6,-0.6,51.1,52.7,-6.7,102.1,3.1,0.6,23.3,11.3,53.5,-0.2,52.7,0.25,0.05,0.5,-0.75,1.119796
2015-01,1.1,0.8,55.5,56.2,103.8,97.9,3.2,-0.9,-3.7,329.0,-0.3,-39.75,1.087,0.482,1.06,5.07,5.6,253.0,10.0,59.4,79.7,-1.7,-0.9,0.2,1.0,-0.2,1.35,0.0,-0.2,253.0,-1.6,-0.2,51.0,51.6,-8.5,101.2,1.6,-0.8,21.6,11.3,52.2,-0.2,45.2,0.25,0.05,0.5,-0.75,1.128796
2014-12,1.4,1.3,58.7,59.3,93.1,98.0,5.1,0.5,-2.1,353.0,1.3,-42.25,1.043,0.431,1.052,4.92,5.8,227.0,-1.2,58.3,80.0,-0.7,-1.3,0.2,1.2,-0.2,1.4,0.0,0.2,227.0,-1.3,0.3,50.1,51.9,-10.9,100.7,1.6,0.8,19.6,11.4,51.1,-0.2,31.8,0.25,0.05,0.5,-0.25,1.216205
2014-11,1.5,1.7,59.0,57.1,91.0,98.1,4.1,0.4,0.3,243.0,0.1,-43.6,1.045,0.458,1.08,5.25,5.8,233.0,10.2,60.8,79.3,-0.5,-1.0,0.3,1.4,0.1,1.5,0.2,0.1,233.0,-1.4,0.3,50.6,52.3,-11.5,100.8,0.5,0.5,17.9,11.5,51.4,-0.2,11.0,0.25,0.05,0.5,-0.25,1.243797
2014-10,1.6,1.7,56.6,58.6,94.1,96.1,4.3,0.0,-0.9,256.0,0.8,-39.99,1.038,0.455,1.031,5.18,5.9,225.0,6.2,66.2,79.2,-10.0,0.2,0.1,1.4,0.1,1.5,0.1,0.0,225.0,-1.4,0.4,50.7,52.4,-11.1,100.7,1.9,-0.5,15.4,11.5,52.2,-0.2,4.1,0.25,0.05,0.5,-0.25,1.261336
2014-09,1.8,1.7,59.0,59.6,89.0,95.3,5.0,0.3,-18.3,180.0,-0.2,-40.3,0.957,0.466,1.003,5.05,6.1,202.0,27.5,60.5,78.7,10.5,0.4,0.4,1.5,0.0,1.5,0.1,0.3,202.0,-1.3,0.3,50.5,53.1,-11.4,99.9,0.5,1.6,12.7,11.5,52.3,-0.2,14.2,0.25,0.05,0.5,0.0,1.269084
2014-08,1.7,2.0,57.1,58.7,93.4,96.1,3.7,0.3,22.5,212.0,0.2,-40.81,1.117,0.427,1.052,5.14,6.2,207.0,14.7,64.3,79.1,1.5,-0.7,0.4,1.6,0.1,1.5,0.1,0.1,207.0,-0.8,0.3,50.8,54.2,-10.0,100.6,1.9,0.2,13.8,11.5,52.8,-0.1666666666666666,23.7,0.25,0.15,0.5,0.0,1.313456
2014-07,1.9,2.1,55.3,56.0,90.3,95.0,4.3,0.4,2.7,298.0,0.4,-44.66,0.945,0.422,0.963,5.03,6.1,212.0,25.6,52.6,79.1,-0.6,3.0,0.5,1.7000000000000002,0.2,1.6,0.2,0.2,212.0,-1.0,0.4,51.9,52.8,-8.4,102.2,0.6,0.6,15.2,11.5,54.0,-0.1333333333333333,48.1,0.25,0.15,0.5,0.0,1.339603
2014-06,2.0,2.1,55.4,56.3,86.4,96.6,4.3,0.1,-1.0,224.0,0.5,-47.04,0.985,0.442,1.005,4.91,6.3,179.0,19.3,62.6,79.1,0.8,-0.1,0.6,1.8,0.3,1.7,0.3,0.2,179.0,-1.2,0.5,51.9,53.2,-7.5,102.0,1.8,1.4,15.2,11.6,52.8,-0.1,58.4,0.25,0.15,0.5,0.0,1.364443
2014-05,2.1,2.0,54.9,55.2,82.2,95.2,4.0,0.4,0.8,282.0,-0.3,-44.18,1.071,0.425,1.08,4.66,6.3,197.0,19.0,65.5,78.9,1.5,0.4,0.4,1.6,0.2,1.4,0.2,0.0,197.0,-1.6,0.7,53.4,53.5,-7.1,102.7,1.0,0.2,15.2,11.8,53.9,-0.0857142857142857,55.2,0.25,0.25,0.5,0.0,1.363457
2014-04,1.4,1.5,53.7,53.1,81.7,93.4,3.8,1.0,3.6,203.0,0.9,-41.87,0.947,0.407,1.0,4.59,6.7,215.0,1.3,63.0,79.3,1.5,2.9,0.5,1.4,0.15,1.25,0.15,0.1,215.0,-1.7,0.7,53.3,52.2,-8.7,102.0,1.0,1.7,13.9,11.8,53.1,-0.0714285714285714,61.2,0.25,0.25,0.5,0.0,1.381368
2014-03,0.9,1.1,53.2,51.6,83.9,91.4,1.5,0.3,2.2,197.0,1.2,-39.1,0.92,0.449,1.014,4.6,6.7,178.0,5.6,55.9,78.8,-1.0,0.1,0.4,1.2,0.1,1.1,0.1,0.4,178.0,-1.4,0.5,53.0,52.6,-9.3,102.4,0.8,1.6,14.7,11.85,53.2,-0.0571428571428571,61.5,0.25,0.25,0.5,0.0,1.375213
2014-02,1.2,1.6,51.3,54.0,78.3,94.1,2.6,-0.3,-1.3,129.0,-0.2,-38.98,0.909,0.455,0.937,4.62,6.6,127.0,4.5,59.8,78.5,-2.0,0.9,0.5,1.15,0.15,1.15,0.1,0.2,127.0,-0.8,0.8,53.0,51.6,-12.7,101.2,-0.4,1.2,15.35,11.9,52.7,-0.0428571428571428,68.5,0.25,0.25,0.5,0.0,1.370746
2014-01,1.2,1.5,57.0,53.0,79.4,93.9,4.1,0.7,-4.2,75.0,0.3,-34.56,1.048,0.427,0.991,4.87,6.7,227.0,12.5,59.6,78.9,1.5,-1.9,0.4,1.1,0.2,1.2,0.1,0.0,227.0,-1.2,0.8,53.9,51.0,-11.7,100.9,1.3,2.8,16.0,12.0,53.2,-0.0285714285714285,73.3,0.25,0.25,0.5,0.0,1.355877
2013-12,0.7,1.2,57.3,53.9,77.5,92.5,4.7,0.1,2.6,241.0,1.1,-39.33,1.107,0.444,1.017,4.82,7.0,229.0,2.2,60.8,79.1,-0.5,0.1,0.8,0.9,0.0,1.1,0.1,0.2,229.0,-1.3,0.9,51.6,51.0,-13.6,100.9,-0.3,0.5,14.5,12.05,52.1,-0.0142857142857142,68.3,0.25,0.25,0.5,0.0,1.381006
2013-11,0.3,1.0,56.4,55.4,72.0,91.6,3.9,0.5,-0.7,200.0,-0.1,-42.97,0.873,0.4363333333333333,0.974,5.12,7.3,187.0,-2.2,63.0,78.2,-0.1,0.7,0.6,0.9,0.1,1.2,0.1,0.1,187.0,-0.9,0.9,51.5,51.6,-15.4,98.5,0.3,0.2,14.3,12.1,51.5,0.0,60.2,0.25,0.25,0.5,0.0,1.359398
2013-10,0.3,1.2,56.2,54.4,72.4,93.9,3.2,0.3,3.8,163.0,0.7,-38.7,0.882,0.4286666666666666,0.95,5.29,7.2,145.0,1.5,65.9,78.3,-1.25,-0.2,0.4,1.05,0.1,1.2,0.15,0.1,145.0,-0.8,0.7,51.3,52.2,-14.5,97.8,-0.2,-1.1,12.3,12.2,51.5,0.0,59.1,0.25,0.5,0.5,0.0,1.372401
2013-09,1.4,1.5,55.7,58.6,80.2,94.0,4.7,0.1,0.2,193.0,0.4,-38.64,0.891,0.421,0.926,5.48,7.3,159.0,6.3,55.7,77.9,-2.4,-0.4,0.4,1.2,0.1,1.2,0.2,0.3,159.0,0.0,1.1,51.1,50.7,-14.9,96.9,-0.7,-1.9,11.0,12.1,51.5,0.0,58.6,0.25,0.5,0.5,0.0,1.349546
2013-08,2.1,2.0,55.4,56.0,81.8,94.1,5.4,0.6,-8.1,104.0,0.0,-34.54,0.883,0.39,0.954,5.39,7.4,178.5,8.2,53.0,77.6,1.6,-0.5,0.1,1.3,0.1,1.1,0.1,0.0,178.5,0.3,1.3,51.3,49.8,-16.0,95.2,-1.1,-0.4,14.9,12.0,50.5,0.0,44.0,0.25,0.5,0.5,0.0,1.322401
2013-07,2.5,1.8,50.9,52.2,81.0,93.5,5.7,0.1,3.9,188.0,0.2,-44.1,0.846,0.455,0.911,5.06,7.6,198.0,9.5,52.3,77.7,3.0,0.1,-0.1,1.2000000000000002,0.1,1.15,0.1,0.4,198.0,-0.2,1.6,48.8,49.6,-17.4,92.5,0.3,-1.3,13.8,12.1,50.4,0.0,32.8,0.25,0.5,0.5,0.0,1.326489
2013-06,1.7,1.4,49.0,53.7,82.1,94.4,4.3,0.3,5.2,176.0,0.0,-40.15,0.928,0.459,0.985,5.14,7.6,134.0,7.8,51.6,77.7,1.3,1.0,0.2,1.1,0.1,1.2,0.1,0.1,134.0,-0.2,1.4,48.7,47.2,-18.8,91.3,-1.0,-0.6,15.2,12.1,48.9,0.0,30.6,0.25,0.5,0.5,0.0,1.301304
2013-05,0.6,1.1,50.7,53.1,74.3,92.1,3.7,0.0,3.6,165.0,-0.4,-37.13,0.856,0.466,1.005,4.97,7.5,113.0,-1.4,58.7,77.7,-4.9,1.5,-0.1,0.7,-0.3,1.1,0.0,0.2,113.0,0.6,1.4,47.8,47.0,-21.9,89.4,-2.4,-1.4,18.1,12.1,47.7,0.0,27.6,0.25,0.5,0.5,0.0,1.304393
2013-04,1.1,1.5,51.3,54.4,69.0,89.5,2.8,-0.4,-5.9,138.0,0.3,-43.6,1.021,0.444,0.89,4.94,7.6,131.0,3.1,49.0,78.3,1.9,-1.7,0.0,1.0,-0.1,1.2,0.1,0.0,131.0,1.4,1.2,46.5,46.4,-22.3,88.6,-1.7,-3.2,12.7,12.1,46.5,0.0,24.9,0.25,0.75,0.5,0.0,1.309586
2013-03,1.7,2.0,54.2,56.0,61.9,90.8,4.6,1.0,4.3,268.0,0.8,-44.45,0.939,0.411,0.968,4.95,7.7,237.0,9.2,52.4,78.3,-1.0,-1.7,0.9,1.3,0.4,1.3,0.1,0.1,237.0,1.7,1.8,46.6,47.9,-23.5,90.0,-1.9,-2.4,9.0,12.0,46.5,0.0,33.4,0.25,0.75,0.5,0.0,1.280787
2013-02,1.4,1.6,53.1,55.2,68.0,88.9,4.4,0.4,-3.8,119.0,0.0,-38.14,0.91,0.431,0.904,4.94,7.9,226.0,10.0,56.8,79.2,1.3,2.9,0.3,1.35,0.2,1.35,0.05,0.1,226.0,2.1,2.0,47.8,48.6,-23.6,91.1,-3.0,-1.7,10.3,11.8,47.3,0.0,42.4,0.25,0.75,0.5,0.0,1.315097
2013-01,1.3,1.7,50.2,56.1,58.4,88.0,4.7,0.3,3.7,196.0,0.4,-48.61,0.973,0.378,0.903,4.9,7.8,215.0,-7.8,55.6,79.3,-0.3,1.0,0.2,1.4,0.0,1.4,0.0,0.3,215.0,2.1,2.2,46.1,48.3,-23.9,89.2,-1.9,-4.0,10.5,11.7,47.2,0.0,31.2,0.25,0.75,0.5,0.0,1.356834
2012-12,1.5,1.8,49.9,54.7,66.7,87.5,3.7,-0.1,0.8,161.0,1.0,-42.06,0.851,0.398,0.899,4.99,7.8,118.0,-8.1,50.0,78.7,0.8,1.6,0.3,1.4,-0.2,1.5,0.0,0.3,118.0,2.6,2.2,46.2,47.8,-26.6,89.2,-3.2,-3.3,7.4,11.7,47.3,0.0,7.6,0.25,0.75,0.5,0.0,1.322769
2012-11,2.3,2.2,51.7,54.2,72.2,93.1,3.8,0.0,1.1,138.0,-0.7,-40.28,0.888,0.361,0.868,4.76,7.9,157.0,-5.2,50.4,77.7,4.8,1.9,0.7,1.7,0.1,1.6,0.1,0.0,157.0,2.7,2.5,46.2,46.0,-26.9,85.7,-1.6,-2.3,11.0,11.7,45.8,0.0,-2.6,0.25,0.75,0.5,0.0,1.297353
2012-10,2.1,2.0,51.6,55.1,70.30000000000001,92.8,5.4,1.2,9.2,148.0,0.2,-43.79,0.863,0.369,0.894,4.69,7.8,162.0,-6.2,49.9,78.2,-5.1,1.7,0.6,1.6,0.4,1.6,0.1,0.3,162.0,2.7,2.5,45.3,46.1,-25.7,84.5,-0.9,-2.9,8.9,11.5,45.8,0.0,-1.4,0.25,0.75,0.5,0.0,1.29626
2012-09,2.0,1.7,50.7,53.7,68.4,92.9,4.7,1.0,-13.1,142.0,-1.4,-42.47,0.758,0.368,0.803,4.83,8.1,189.0,-10.4,49.7,78.0,-1.25,-2.1,0.8,1.5,0.4,1.6,0.1,0.0,189.0,1.6,2.7,46.0,47.2,-25.9,85.0,-1.4,-2.8,7.2,11.45,45.9,0.0,-3.8,0.25,0.75,0.5,0.0,1.284505
2012-08,0.5,1.4,50.5,52.6,61.3,91.2,4.1,0.8,3.3,141.0,0.5,-41.9,0.733,0.374,0.812,4.47,8.3,156.0,-5.9,53.0,79.2,2.6,-1.3,0.1,1.3,0.0,1.6,0.0,0.1,156.0,1.8,2.4,45.3,47.9,-24.6,86.1,-0.9,-2.1,9.3,11.4,46.6,0.0,-21.2,0.25,0.75,0.5,0.0,1.251095
2012-07,0.7,1.7,50.2,52.1,65.4,91.4,3.8,-0.4,1.6,45.0,0.1,-48.04,0.754,0.359,0.755,4.37,8.2,172.0,7.4,53.7,78.9,0.5,-2.2,0.3,1.5,0.1,1.8,0.2,0.3,172.0,2.3,2.4,45.1,47.6,-21.6,87.9,-0.8,-2.6,6.8,11.3,46.4,0.0,-22.3,0.25,0.75,0.5,0.0,1.225941
2012-06,0.7,1.7,52.5,53.7,62.7,94.4,5.3,-0.4,1.6,87.0,-0.2,-50.6,0.711,0.382,0.784,4.62,8.2,152.5,2.3,52.9,79.0,-0.7,0.8,0.3,1.9,-0.2,1.8,0.1,0.2,152.5,2.6,2.4,45.1,46.8,-19.8,89.9,-3.4,-2.4,4.5,11.0,46.0,0.0357142857142857,-20.1,0.25,1.0,0.5,0.0,1.266496
2012-05,1.9,2.3,54.1,53.5,64.4,94.5,6.4,-0.3,-0.2,77.0,1.0,-52.62,0.744,0.343,0.723,4.62,8.1,133.0,17.1,52.7,79.2,-2.1,-0.6,0.3,2.0,0.0,1.95,0.15,0.1,133.0,3.5,2.4,45.0,46.9,-19.3,90.6,-0.2,-1.5,4.3,11.0,46.0,0.0714285714285714,-2.4,0.25,1.0,0.5,0.0,1.237471
2012-04,2.8,2.7,53.3,56.0,68.7,92.5,6.5,0.8,-3.7,154.0,-0.6,-45.42,0.699,0.332,0.769,4.47,8.2,201.0,6.6,56.2,78.4,1.1,-0.8,0.6,2.1,0.2,2.1,0.2,0.2,201.0,3.6,2.6,46.0,47.9,-19.9,92.8,-2.1,-1.5,3.7,10.8,46.0,0.1071428571428571,13.1,0.25,1.0,0.5,0.0,1.324152
2012-03,3.3,2.9,51.9,57.3,69.5,94.3,6.5,0.9,1.9,240.0,0.0,-52.52,0.694,0.353,0.715,4.6,8.3,230.0,20.2,62.2,78.7,-1.1,1.9,0.8,2.3,0.3,1.9,0.1,0.3,230.0,3.8,2.7,47.7,48.8,-19.1,94.4,-1.1,-1.7,5.3,10.7,46.0,0.1428571428571428,11.0,0.25,1.0,0.5,0.0,1.334508
2012-02,4.1,2.9,54.1,56.8,71.6,93.9,5.8,1.1,-3.6,275.0,0.4,-50.42,0.706,0.318,0.676,4.63,8.3,173.0,19.5,64.0,78.8,1.4,-3.2,0.6,2.4,0.2,1.85,0.1,0.1,173.0,4.3,2.6,49.0,50.4,-20.2,94.4,-1.3,-1.8,7.4,10.65,46.0,0.1785714285714285,-8.1,0.25,1.0,0.5,0.0,1.3478
2012-01,4.8,3.0,53.1,52.6,61.5,93.8,6.5,-0.5,3.2,203.0,1.0,-47.06,0.689,0.324,0.671,4.38,8.5,325.0,13.5,60.2,78.5,2.2,2.1,0.3,2.5,0.1,1.8,0.1,0.1,325.0,5.4,2.7,46.9,50.5,-20.3,93.3,-1.5,0.1,6.1,10.6,46.0,0.2142857142857142,-32.5,0.25,1.0,0.5,0.0,1.313957
2011-12,5.7,3.4,52.2,52.0,64.8,92.6,6.7,0.3,4.3,100.0,-0.3,-43.27,0.685,0.318,0.68,4.39,8.7,227.5,8.2,62.2,77.9,-0.2,0.5,0.8,2.6,0.1,1.7,0.1,0.0,227.5,5.5,3.0,46.9,47.5,-21.2,93.3,-0.7,1.0,0.5,10.45,46.0,0.25,-54.1,0.25,1.0,0.5,0.0,1.295605
2011-11,5.9,3.5,51.8,52.9,55.2,90.2,7.2,0.6,0.0,100.0,0.7,-44.17,0.627,0.311,0.644,4.25,9.0,130.0,0.6,62.5,77.9,-0.1,1.5,0.0,2.7,-0.1,1.7,0.1,0.3,130.0,5.8,3.0,46.4,46.4,-20.4,93.7,-1.4,2.2,2.5,10.3,46.0,0.5,-59.1,0.25,1.25,0.5,0.0,1.33241
2011-10,6.9,3.9,52.5,53.0,40.9,88.9,7.9,0.5,-1.5,210.0,-0.1,-44.92,0.63,0.302,0.589,4.9,9.1,116.0,-8.5,59.3,77.7,0.1,1.8,0.4,2.9,0.2,1.6,0.0,0.3,116.0,5.8,3.0,47.3,48.8,-19.9,94.8,-0.1,6.0,-1.2,10.2,46.0,0.5625,-51.2,0.25,1.5,0.5,0.0,1.414007
2011-09,6.5,3.8,52.5,53.3,46.4,88.1,7.2,0.5,-0.1,104.0,0.0,-45.63,0.572,0.29,0.625,5.06,9.1,102.5,-8.8,61.3,77.6,1.1,-0.4,0.5,2.9,0.3,1.7,0.2,-0.2,102.5,6.1,2.5,48.4,51.5,-19.1,95.0,-0.4,4.4,-3.6,10.1,46.0,0.625,-44.6,0.25,1.5,0.5,0.0,1.358585
2011-08,7.2,3.6,51.4,52.7,45.2,89.9,8.5,0.3,4.1,127.0,0.9,-51.6,0.601,0.295,0.601,4.67,9.1,89.0,-7.7,58.1,77.5,2.1,0.7,0.4,2.6,0.4,1.6,0.2,0.5,89.0,5.9,2.5,49.7,51.6,-16.5,98.3,-0.7,2.6,-2.7,10.0,46.0,0.6875,-40.0,0.25,1.5,0.5,0.0,1.443314
2011-07,7.0,3.6,55.3,53.3,59.2,90.8,8.1,0.2,-1.3,46.0,0.4,-50.83,0.613,0.303,0.617,4.84,9.2,145.0,-3.8,59.8,76.7,0.6,0.6,0.9,2.6,0.3,1.4500000000000002,0.2,0.0,145.0,6.2,2.5,52.0,51.4,-11.4,103.2,-2.3,4.4,-0.8,9.9,46.0,0.75,-7.0,0.25,1.5,0.5,0.0,1.433199
2011-06,7.3,3.6,53.5,54.6,57.6,90.9,7.7,0.2,1.9,25.0,-0.1,-43.63,0.549,0.308,0.609,4.81,9.1,36.0,-7.8,61.1,76.7,-0.9,0.7,1.0,2.6,0.2,1.3,0.2,0.3,36.0,6.7,2.7,52.0,56.0,-9.7,105.1,0.8,5.3,-2.5,9.9,46.0,0.6666666666666666,-5.9,0.25,1.25,0.5,0.25,1.44789
2011-05,6.8,3.2,60.4,52.8,61.7,91.2,7.6,0.5,-2.7,232.0,0.0,-46.82,0.541,0.316,0.563,5.0,9.0,177.0,11.9,56.6,76.7,3.8,-0.4,1.3,2.2,0.3,1.1,0.2,0.1,177.0,6.8,2.7,54.8,56.7,-9.9,105.5,-1.7,5.8,-2.2,9.9,46.0,0.5833333333333334,13.6,0.25,1.25,0.5,0.25,1.432234
2011-04,5.8,2.7,61.2,57.3,66.0,91.9,7.1,1.2,4.4,221.0,0.7,-45.44,0.585,0.305,0.574,5.09,8.8,192.0,21.7,67.6,77.0,1.75,2.5,0.7,1.8,0.4,0.9,0.1,0.0,192.0,6.6,2.8,57.7,57.2,-11.6,106.2,1.3,7.7,-2.7,9.9,46.0,0.5,19.7,0.25,1.25,0.5,0.25,1.482096
2011-03,5.6,2.1,61.4,59.7,63.8,94.5,8.9,1.1,-1.1,194.0,0.1,-46.97,0.512,0.281,0.534,4.92,8.9,207.0,17.5,70.6,76.5,-0.3,-0.6,1.0,1.6,0.4,0.9,0.2,0.0,207.0,5.9,2.4,57.7,56.9,-10.6,107.3,0.4,6.3,-3.7,10.0,46.0,0.4891304347826087,31.0,0.25,1.0,0.5,0.25,1.41213
2011-02,3.6,1.6,60.8,59.4,72.0,94.3,7.8,0.6,3.6,63.0,0.3,-40.26,0.618,0.31,0.568,5.4,9.0,189.0,15.4,71.2,76.8,1.4,-3.0,1.1,1.2,0.3,0.8,0.2,0.4,189.0,5.3,2.3,57.3,57.2,-10.0,107.8,-0.4,8.8,-1.8,10.0,46.0,0.4782608695652174,29.5,0.25,1.0,0.5,0.25,1.373438
2011-01,4.0,1.5,58.5,57.1,64.8,94.1,7.9,0.3,-0.4,121.0,1.2,-38.32,0.52,0.331,0.627,5.22,9.4,247.0,11.9,68.8,76.8,1.3,4.5,0.4,1.2,0.3,0.7,0.0,0.1,247.0,4.5,2.4,56.9,54.2,-11.2,106.5,1.0,7.9,-2.8,10.0,46.0,0.4673913043478261,25.4,0.25,1.0,0.5,0.25,1.357276
2010-12,3.5,1.1,56.6,55.0,53.3,88.0,7.7,1.2,-1.3,71.0,0.3,-38.42,0.553,0.287,0.544,4.7,9.8,92.0,9.9,66.8,75.4,-0.7,2.4,0.8,1.2,0.3,0.8,0.1,0.1,92.0,4.3,1.9,56.8,55.4,-11.0,106.5,0.9,7.1,3.5,10.05,46.0,0.4565217391304348,15.5,0.25,1.0,0.5,0.25,1.330123
2010-11,4.3,1.2,56.9,54.3,54.3,93.2,7.3,0.3,-3.1,172.0,-0.2,-44.6,0.534,0.282,0.552,4.43,9.6,82.0,-11.1,61.9,74.9,3.0,-1.9,1.3,1.2,0.5,0.8,0.2,0.3,82.0,4.3,1.9,55.5,53.3,-9.4,105.3,1.4,5.5,2.0,10.1,46.0,0.4456521739130434,13.8,0.25,1.0,0.5,0.25,1.310393
2010-10,4.0,1.1,54.4,53.2,49.9,91.7,7.3,0.5,5.0,-41.0,-0.2,-46.48,0.588,0.308,0.539,4.53,9.6,-2.0,15.7,60.2,74.8,0.0,1.3,0.6,1.4,0.3,1.4,0.1,0.0,-2.0,3.6,1.9,54.1,54.1,-11.0,104.1,1.5,8.5,-1.7,10.0,46.0,0.4347826086956521,1.8,0.25,1.0,0.5,0.25,1.377809
2010-09,3.1,1.1,56.3,51.5,48.5,89.0,3.6,0.6,-1.0,-57.0,0.2,-42.58,0.608,0.288,0.571,4.12,9.6,10.0,4.1,60.6,74.8,0.1,1.9,1.1,1.4,0.4,1.4,0.1,0.3,10.0,4.0,1.6,53.6,55.9,-11.0,104.1,1.4,7.3,-0.2,10.0,46.0,0.4239130434782608,4.4,0.25,1.0,0.5,0.25,1.362806
2010-08,4.2,1.2,55.5,54.3,53.2,88.8,5.5,0.1,0.7,-54.0,1.0,-49.76,0.541,0.288,0.56,3.83,9.5,37.0,7.1,56.7,74.6,-1.2,-2.8,0.5,1.4,0.5,1.4,0.1,0.2,37.0,3.0,1.6,56.7,55.8,-11.4,102.7,1.4,8.2,-1.4,10.0,46.0,0.4130434782608695,15.8,0.25,1.0,0.5,0.25,1.266592
2010-07,2.8,1.1,56.2,53.8,51.0,88.1,4.8,-0.1,-0.1,-221.0,-0.1,-41.98,0.537,0.315,0.58,5.26,9.5,28.0,5.1,62.3,74.1,-1.4,-0.6,0.1,1.65,0.4,1.45,0.1,-0.1,28.0,3.1,1.7,55.6,56.0,-14.0,101.9,0.9,9.8,-3.0,10.0,46.0,0.4021739130434782,10.7,0.25,1.0,0.5,0.25,1.304002
2010-06,5.3,2.0,59.7,55.4,54.3,89.0,6.9,-1.2,-0.8,433.0,1.3,-40.32,0.578,0.267,0.57,5.66,9.7,19.0,19.6,59.1,74.7,1.0,1.6,0.4,1.9,0.3,1.5,0.1,0.2,19.0,2.8,1.4,55.6,56.2,-17.3,99.8,-0.3,9.1,1.4,10.0,46.0,0.391304347826087,18.8,0.25,1.0,0.5,0.25,1.223002
2010-05,5.5,2.2,60.4,55.4,62.7,92.2,8.8,0.6,2.9,290.0,0.7,-40.4,0.66,0.446,0.61,5.77,9.9,65.0,19.1,59.7,73.7,1.3,-1.0,0.7,2.0,0.2,1.2,0.1,0.1,65.0,0.9,1.6,55.9,55.6,-18.0,99.0,1.8,7.7,0.0,10.0,46.0,0.3804347826086957,37.6,0.25,1.0,0.5,0.25,1.228788
2010-04,6.0,2.3,59.6,55.4,57.7,90.6,7.6,1.2,0.0,230.0,0.2,-39.4,0.64,0.439,0.69,5.36,9.7,42.0,31.9,63.8,73.1,1.3,4.8,0.4,1.9,0.35,1.25,0.05,-0.1,42.0,-0.4,1.4,57.5,54.1,-15.0,100.9,0.4,4.2,3.4,10.0,46.0,0.3695652173913043,46.0,0.25,1.0,0.5,0.25,1.329805
2010-03,4.4,2.1,56.5,53.0,52.3,86.8,3.9,0.8,1.1,-14.0,0.3,-37.0,0.616,0.324,0.63,5.01,9.7,19.0,22.9,58.8,72.7,1.3,1.7,0.2,1.8,0.5,1.3,0.0,0.1,19.0,-1.0,1.5,56.3,51.8,-17.3,98.4,-0.6,1.9,1.9,10.0,46.0,0.3586956521739131,37.9,0.25,1.0,0.5,0.25,1.350804
2010-02,4.6,2.6,58.4,50.5,46.0,88.0,4.7,0.5,3.9,-26.0,0.9,-39.9,0.61,0.309,0.62,5.05,9.7,-60.0,24.9,62.6,72.5,1.5,-0.6,-0.3,2.1,0.3,1.5,0.1,0.2,-60.0,-2.9,1.0,52.4,52.0,-17.4,96.2,-0.1,-3.7,5.2,9.95,46.0,0.3478260869565217,40.2,0.25,1.0,0.5,0.25,1.363791
2010-01,4.4,2.7,54.9,49.8,56.5,89.3,5.4,-0.2,1.9,-150.0,0.7,-36.4,0.58,0.348,0.65,5.45,10.0,-61.0,15.9,61.5,71.9,1.0,2.0,0.4,1.8,0.5,1.45,0.05,0.2,-61.0,-4.4,1.0,52.0,52.3,-15.8,95.8,-2.4,-6.9,4.0,9.9,46.0,0.3369565217391304,46.4,0.25,1.0,0.5,0.25,1.387694
2009-12,2.4,1.8,53.6,48.7,53.6,85.2,1.9,1.9,-0.4,4.0,0.6,-33.2,0.58,0.37,0.59,6.54,10.0,-169.0,2.6,58.7,71.5,0.8,2.1,0.4,1.5,0.7,1.4,0.0,0.2,-169.0,-6.6,0.5,51.6,53.0,-16.55,94.0,-1.3,-11.1,4.7,9.9,46.0,0.3260869565217391,48.0,0.25,1.0,0.5,0.25,1.432706
2009-11,-1.9,-0.2,55.7,50.6,50.6,88.3,-1.7,0.2,-0.6,-111.0,0.0,-35.65,0.53,0.4,0.55,6.1,10.2,-195.0,23.5,56.1,70.6,1.6,-1.3,-0.4,0.2,0.6,1.4,0.2,0.3,-195.0,-7.7,-0.1,51.0,52.6,-17.3,91.5,-3.1,-12.8,4.3,9.85,46.0,0.3152173913043478,51.8,0.25,1.0,0.5,0.25,1.503895
2009-10,-4.8,-1.3,52.6,50.9,48.7,89.1,-5.7,0.4,2.0,-219.0,0.6,-30.8,0.59,0.405,0.57,5.54,9.8,-211.0,34.6,54.2,70.5,-0.8,1.8,-1.6,-0.5,-0.6,1.3,0.1,0.1,-211.0,-7.5,-0.1,50.7,50.6,-17.7,89.2,-2.3,-15.1,2.2,9.8,46.0,0.3043478260869565,56.9,0.25,1.0,0.5,0.25,1.473297
2009-09,-4.3,-1.5,52.9,48.4,53.4,88.8,-5.3,1.1,-2.6,-201.0,1.2,-31.85,0.59,0.417,0.58,5.09,9.7,-227.0,18.9,46.1,69.9,1.4,-0.3,-1.1,-0.65,-0.15,1.35,0.1,0.4,-227.0,-8.5,-0.3,49.0,49.9,-19.1,86.8,-1.7,-15.9,6.0,9.6,46.0,0.2934782608695652,59.6,0.25,1.0,0.5,0.25,1.465502
2009-08,-6.8,-2.1,48.9,46.4,54.5,88.6,-8.3,-0.5,4.9,-276.0,1.0,-27.49,0.59,0.433,0.56,5.24,9.4,-360.0,12.1,50.0,69.0,0.9,0.8,-1.4,-0.8,0.3,1.4,0.1,0.3,-360.0,-6.6,-0.2,46.3,49.5,-22.1,84.2,-2.3,-16.8,2.3,9.55,46.0,0.2826086956521739,54.9,0.25,1.0,0.5,0.25,1.434268
2009-07,-4.6,-1.4,44.8,47.0,47.4,86.5,-9.0,0.5,-1.3,-467.0,-0.4,-25.97,0.59,0.395,0.57,4.89,9.5,-473.0,-0.6,43.4,68.1,1.1,2.5,-1.2,-0.5,0.2,1.6,0.1,0.0,-473.0,-6.0,-0.6,46.0,44.7,-23.1,80.2,-3.6,-17.8,1.1,9.5,46.0,0.2717391304347826,39.5,0.25,1.0,0.5,0.25,1.426005
2009-06,-5.0,-1.3,42.8,44.0,49.3,87.8,-9.6,0.4,1.3,-322.0,-1.2,-28.79,0.53,0.342,0.518,4.77,9.4,-485.0,-9.4,39.9,68.2,0.5,1.1,-1.3,-0.2,0.1,1.8,0.1,0.2,-485.0,-4.8,-0.1,42.4,44.8,-25.2,77.6,-2.5,-21.3,0.7,9.3,46.0,0.2608695652173913,42.7,0.25,1.0,0.5,0.25,1.403883
2009-05,-3.7,-0.7,40.1,43.7,54.8,88.9,-10.1,-0.2,1.9,-504.0,-0.7,-28.53,0.45,0.344,0.5,4.66,8.9,-491.0,-4.6,34.9,69.1,-0.9,0.4,-1.0,0.2,-0.1,1.8,0.15,0.1,-491.0,-3.3,0.6,40.5,43.8,-28.3,74.6,-3.1,-19.2,-1.8,9.25,46.0,0.25,28.5,0.25,1.0,0.5,0.25,1.41209
2009-04,-3.5,-0.4,36.3,40.8,40.8,86.8,-9.4,-1.2,-0.8,-699.0,-1.7,-26.13,0.53,0.351,0.516,4.55,8.5,-708.0,-14.7,40.1,69.4,0.7,-0.6,-1.4,0.6,-0.3,1.8,0.2,0.2,-708.0,-1.4,0.6,36.7,40.9,-30.6,71.7,-5.1,-17.4,-2.9,9.2,46.0,0.25,11.8,0.25,1.25,0.5,0.25,1.323522
2009-03,-1.3,0.2,35.8,41.6,26.9,81.0,-8.6,1.0,2.1,-651.0,-1.5,-36.2,0.572,0.358,0.564,4.72,8.1,-697.0,-38.2,31.4,70.3,-3.5,3.9,-1.1,0.9,0.4,1.8,0.2,0.2,-697.0,-0.9,0.6,33.5,40.1,-34.2,69.3,-2.5,-16.8,-5.4,8.899999999999999,46.0,0.5,-6.5,0.25,1.5,0.5,0.25,1.324696
2009-02,1.0,0.0,35.6,42.9,25.3,82.6,-9.7,1.6,-4.5,-655.0,-1.9,-39.9,0.47,0.322,0.52,4.49,7.6,-522.0,-34.7,34.2,71.9,-4.9,-3.0,-1.3,0.8,-1.0,1.7,0.0,0.3,-522.0,1.1,1.1,33.6,42.2,-32.9,70.8,-1.8,-12.5,-1.7,8.6,46.0,0.75,-8.7,0.25,2.0,1.0,0.25,1.267893
2009-01,-0.9,0.1,32.4,40.1,37.7,84.1,-9.8,-3.1,-4.6,-577.0,-2.4,-41.58,0.56,0.344,0.547,4.74,7.2,-659.0,-22.2,33.3,73.3,-6.5,-5.5,-1.1,1.1,-0.9,1.7999999999999998,0.0,0.3,-659.0,2.9,1.1,34.5,42.1,-30.6,73.0,-1.6,-9.1,-4.0,8.0,46.0,1.0,-30.8,0.25,2.0,1.5,0.25,1.285099
2008-12,0.4,1.1,36.2,37.3,38.6,94.6,-7.4,-2.5,-3.7,-584.0,-1.3,-56.69,0.651,0.388,0.615,4.45,6.7,-476.0,-27.9,35.1,75.2,-6.0,0.6,-0.6,1.4,-0.8,1.9,0.0,0.4,-476.0,6.1,2.1,34.5,42.5,-28.5,73.5,-1.9,-5.8,-1.3,7.85,46.0,2.0,-46.1,0.25,2.5,2.0,0.5,1.397995
2008-11,5.2,3.7,38.9,44.4,44.9,87.8,-4.1,-2.4,-6.2,-320.0,1.5,-56.56,0.791,0.419,0.73,4.91,6.5,-179.0,-25.4,33.8,76.0,-2.5,-4.4,-0.2,1.4,-1.0,2.1,0.0,0.2,-179.0,7.9,2.1,36.2,45.8,-26.4,80.3,-1.4,-2.7,-4.4,7.7,46.0,2.75,-48.5,0.25,3.25,3.0,1.0,1.267507
2008-10,8.7,4.9,43.5,50.2,38.0,87.5,-1.0,-0.6,-0.2,-284.0,-3.7,-59.08,0.82,0.457,0.805,5.18,6.1,-26.0,-24.6,37.8,75.5,-4.3,-1.0,0.3,1.4,-0.3,2.4,0.2,0.2,-26.0,8.5,3.2,45.0,48.4,-24.3,85.3,-1.8,-0.7,-5.7,7.6,46.0,2.875,-50.900000000000006,1.5,4.25,4.5,2.5,1.270196
2008-09,9.6,5.4,49.9,50.6,61.4,92.9,1.6,-0.7,-5.5,-73.0,-1.0,-61.31,0.895,0.452,0.872,4.91,6.1,-37.0,-7.4,56.7,78.7,0.7,-3.0,1.1,1.4,0.0,2.6,0.2,0.4,-37.0,9.0,3.6,45.3,48.2,-19.0,91.6,-1.8,-1.7,-6.7,7.5,46.0,3.0,-53.3,2.0,4.25,5.0,2.75,1.409642
2008-08,9.8,5.6,50.0,49.5,58.5,91.1,2.6,0.3,0.8,-51.0,0.1,-58.8,0.954,0.52,0.937,5.0,5.7,-14.0,2.8,57.9,79.9,2.1,0.7,0.7,1.4,0.1,2.4,0.3,0.3,-14.0,8.0,4.0,47.5,48.3,-19.0,93.8,-3.2,-0.8,-3.0,7.4,46.0,3.125,-55.7,2.0,4.25,5.0,2.75,1.469508
2008-07,9.2,5.0,50.2,48.2,51.9,88.2,3.0,0.8,1.3,-51.0,0.4,-59.2,1.066,0.503,1.091,4.86,5.5,9.0,-4.9,50.8,79.8,0.6,2.4,0.3,1.4,0.45,2.25,0.2,0.6,9.0,7.1,4.1,47.5,49.1,-20.0,95.4,0.2,-0.4,-1.5,7.3,46.0,3.25,-63.7,2.0,4.25,5.0,2.75,1.559308
2008-06,7.2,4.2,49.6,51.7,51.0,89.2,2.5,1.2,0.1,-49.0,-0.2,-60.5,0.978,0.533,0.978,4.99,5.5,25.0,-8.7,49.6,79.4,1.3,-0.9,0.5,1.4,0.8,2.1,0.1,0.3,25.0,6.1,3.7,49.1,50.6,-17.0,98.2,-3.0,4.0,1.4,7.25,46.0,3.230769230769231,-53.650000000000006,2.0,4.0,5.0,2.75,1.575002
2008-05,6.5,3.9,48.6,52.0,58.1,89.3,2.0,1.0,-1.0,-28.0,-0.7,-56.49,1.008,0.525,0.982,4.89,5.0,19.0,-3.2,49.1,79.6,1.5,1.9,0.2,1.4,0.4,2.1,0.1,0.1,19.0,5.7,3.6,50.5,52.0,-15.0,101.2,-1.6,1.6,-1.1,7.2,46.0,3.2115384615384617,-43.6,2.0,4.0,5.0,2.75,1.555791
2008-04,6.9,4.0,48.6,49.6,62.8,91.5,2.0,0.1,-0.3,-80.0,0.2,-61.71,0.954,0.526,0.932,4.93,5.1,13.0,0.6,48.3,80.4,-0.9,1.5,0.5,1.4,0.25,2.05,0.1,0.3,13.0,5.3,3.3,52.0,51.8,-12.0,101.5,1.0,3.1,1.6,7.1,46.0,3.1923076923076925,-44.8,2.0,4.0,5.0,2.75,1.562207
2008-03,6.4,4.0,48.3,49.3,65.9,89.6,2.6,-0.1,-0.9,-76.0,-0.7,-58.96,1.075,0.575,0.984,5.03,4.8,-18.0,-22.2,48.2,80.3,-2.3,-2.6,0.9,1.4,0.1,2.0,0.1,0.3,-18.0,5.0,3.5,52.3,52.3,-12.0,103.2,0.2,3.3,-1.0,7.1,46.0,3.173076923076923,-35.0,2.25,4.0,5.25,2.75,1.575796
2008-02,7.4,4.3,50.7,44.6,76.4,92.9,3.9,0.5,-4.7,-22.0,0.1,-57.9,1.071,0.601,1.048,4.89,4.9,9.5,-11.7,44.5,81.5,2.0,-1.6,0.7,1.4,0.4,2.2,0.3,0.2,9.5,4.3,3.2,52.3,50.6,-12.0,103.5,-1.8,1.7,-1.8,7.1,46.0,3.1538461538461537,-41.4,2.25,4.0,5.25,2.75,1.519203
2008-01,6.3,4.1,48.4,53.9,87.9,91.8,4.1,-0.3,4.4,82.0,0.1,-63.12,1.004,0.605,1.08,4.91,5.0,37.0,9.0,51.5,81.5,1.7,2.6,0.4,1.4,0.3,2.2,0.2,0.4,37.0,4.2,3.2,52.6,53.1,-9.0,104.8,-1.2,3.1,2.0,7.2,46.0,3.1346153846153846,-41.7,3.0,4.0,5.5,2.75,1.486503
2007-12,7.2,4.3,50.8,54.1,88.6,96.5,6.3,1.8,0.5,115.0,0.3,-57.82,1.162,0.634,1.08,5.0,4.7,173.0,9.8,56.4,81.6,0.7,-0.4,0.1,1.4,1.0,2.2,0.2,0.5,173.0,3.3,3.1,52.5,54.1,-8.5,105.9,0.4,4.1,3.0,7.2,46.0,3.1153846153846154,-35.7,4.25,4.0,5.5,2.75,1.46011
2007-11,6.1,3.5,50.9,55.8,87.8,94.4,5.2,0.4,-0.4,170.0,-0.7,-57.12,1.232,0.711,1.17,4.98,4.7,146.0,27.4,52.9,81.4,0.3,-0.9,0.4,1.4,0.4,2.0,0.2,0.1,146.0,2.7,2.6,52.6,53.7,-8.0,107.0,1.6,3.3,3.6,7.25,46.0,3.0961538461538463,-30.0,4.25,4.0,5.75,2.75,1.469594
2007-10,4.4,2.8,52.0,54.8,95.2,96.2,5.0,0.3,-1.4,96.0,0.2,-56.8,1.193,0.716,1.261,5.03,4.7,119.0,28.8,49.7,82.1,-3.5,1.1,0.3,1.4,0.5,1.9,0.15,0.3,119.0,1.8,2.1,53.2,54.2,-6.0,107.9,0.8,4.5,4.5,7.3,46.0,3.076923076923077,-19.0,4.5,4.0,5.75,2.75,1.447199
2007-09,2.2,2.0,52.9,55.8,99.5,97.3,3.7,-0.4,-5.3,93.0,0.0,-59.0,1.327,0.735,1.307,5.48,4.6,27.0,14.7,54.2,82.0,0.1,-1.8,0.5,1.4,0.6,1.8,0.1,0.3,27.0,1.8,1.7,53.2,58.0,-6.0,109.3,1.3,3.9,0.8,7.35,46.0,3.0576923076923075,-20.3,4.75,4.0,5.75,2.75,1.427002
2007-08,4.0,2.4,53.8,55.8,105.0,96.3,3.2,0.7,6.1,68.0,0.5,-59.43,1.367,0.867,1.389,5.75,4.6,48.0,25.1,53.8,82.2,3.7,3.4,0.4,1.4,0.4,1.9,0.1,0.3,48.0,2.3,1.8,54.2,58.3,-4.0,111.5,1.0,2.4,4.4,7.4,46.0,3.0384615384615383,-20.3,5.25,4.0,5.75,2.75,1.364201
2007-07,3.3,2.7,56.0,60.7,111.9,97.6,3.8,-0.4,1.9,69.0,0.6,-59.16,1.467,0.846,1.413,5.76,4.5,150.0,26.5,53.4,81.7,-0.5,-0.5,0.5,1.4,0.2,1.9,0.1,0.3,150.0,2.4,1.8,54.8,58.3,-2.0,112.2,0.1,2.5,3.9,7.5,46.0,3.019230769230769,-20.3,5.25,4.0,5.75,2.75,1.367204
2007-06,4.1,2.7,55.0,59.7,105.3,96.0,5.0,-0.4,-2.3,190.0,-0.1,-58.5,1.434,0.893,1.52,5.99,4.5,150.0,25.8,60.2,81.4,0.5,-0.2,0.4,1.4,0.6,2.0,0.1,0.1,150.0,2.4,1.8,55.4,58.3,-2.0,113.0,1.5,2.8,2.3,7.5,46.0,3.0,-20.3,5.25,4.0,5.5,2.5,1.353601
