Date,producer-price-index-yy european-union,consumer-price-index-yy european-union,markit-manufacturing-pmi european-union,markit-services-pmi european-union,consumer-confidence-indicator european-union,retail-sales-yy european-union,industrial-production-yy european-union,trade-balance european-union,unemployment-rate european-union,ecb-deposit-rate-decision european-union,zew-indicator-of-economic-sentiment european-union,ecb-interest-rate-decision european-union,labor-cash-earnings-yy japan,unemployment-rate japan,domestic-corporate-goods-price-index-mm japan,domestic-corporate-goods-price-index-yy japan,corporate-service-price-yy japan,national-consumer-price-index-yy japan,national-consumer-price-index-ex-fresh-food-yy japan,tokyo-consumer-price-index-yy japan,tokyo-consumer-price-index-ex-fresh-food-yy japan,m2-money-stock-yy japan,monetary-base-yy japan,adjusted-trade-balance japan,current-account-nsa japan,balance-of-payments japan,trade-balance japan,all-industry-activity-index-mm japan,capacity-utilization japan,tertiary-industry-activity-index-mm japan,household-spending-yy japan,large-retailers-sales-yy japan,retail-sales-mm japan,EURJPY
2022-08,35.8,8.9,49.7,50.2,-24.9,-3.7,2.4,-30.8,6.6,0.0,-54.9,0.5,2.2,2.6,0.4,8.6,2.1,2.6,2.4,2.9,2.6,3.4,2.8,-2133.3,-132.4,-1114.0,-1436.8,1.3,9.6,-0.2,3.5,1.3,-1.4,137.2519989013672
2022-07,36.3,8.6,49.6,50.6,-27.0,0.2,1.6,-26.0,6.699999999999999,-0.5,-51.1,0.5,1.0,2.6,0.7,9.2,2.0,2.4,2.2,2.5,2.3,3.3,3.9,-1928.9,128.4,-1951.2,-1383.8,1.3,-9.2,0.8,-0.5,8.5,0.6,136.2069854736328
2022-06,37.2,8.1,52.0,52.8,-23.6,3.9,-2.0,-31.7,6.8,-0.5,-28.0,0.0,1.7,2.5,0.0,9.1,1.8,2.5,2.1,2.3,2.1,3.2,4.6,-1931.4,501.1,-688.4,-2384.7,1.3,0.0,0.7,-1.7,4.0,0.8,142.677001953125
2022-05,36.8,8.1,54.4,56.3,-21.1,0.8,-0.8,-17.6,6.8,-0.5,-29.5,0.0,1.2,2.6,1.2,10.0,1.7,2.5,2.1,2.4,1.9,3.6,6.6,-1618.9,2549.3,-166.1,-839.2,1.3,-1.6,1.3,-2.3,1.5,2.0,137.66000366210938
2022-04,31.4,7.5,55.3,57.7,-16.9,5.0,2.0,-9.4,6.8,-0.5,-43.0,0.0,1.2,2.7,0.8,9.5,1.3,1.2,0.8,1.85,1.35,3.5,7.9,-899.8,1648.3,-176.8,-412.4,1.3,1.5,-1.3,1.1,0.1,-0.8,136.916748046875
2022-03,30.6,5.9,57.0,55.5,-18.7,7.8,-1.3,-7.7,6.8,-0.5,-38.7,0.0,0.9,2.7,0.8,9.3,1.1,0.9,0.6,1.3,0.8,3.6,7.6,-1031.4,-1188.7,-1604.3,-668.3,1.3,-3.2,-0.7,6.9,2.6,-1.9,136.18699645996094
2022-02,26.2,5.1,58.7,51.1,-8.8,2.0,1.6,-9.7,7.0,-0.5,48.6,0.0,-0.2,2.7,0.6,8.6,1.2,0.5,0.2,1.0,0.5,3.6,8.4,-932.6,-370.8,-318.7,-2191.1,1.3,-0.4,0.4,-0.2,1.4,-1.0,129.218994140625
2022-01,23.7,5.0,58.0,51.2,-8.3,7.8,-1.5,-1.3,7.2,-0.5,49.4,0.0,0.0,2.8,-0.2,8.5,1.1,0.8,0.5,0.5,0.2,3.7,8.3,-435.3,897.3,-431.3,-582.4,1.3,8.0,0.4,-1.3,1.4,1.2,128.53700256347656
2021-12,21.9,4.9,58.0,53.3,-8.3,1.4,3.3,2.4,7.3,-0.5,26.8,0.0,0.2,2.7,0.6,9.0,1.1,0.6,0.5,0.5,0.25,4.0,9.3,-486.8,1180.1,166.7,-954.8,1.3,6.2,1.5,-0.6,0.9,1.1,130.2760009765625
2021-11,16.0,4.9,58.6,56.6,-6.8,2.5,5.2,6.1,7.4,-0.5,25.9,0.0,0.2,2.8,1.2,8.0,1.0,0.1,0.1,0.5,0.3,4.2,9.9,-444.7,1033.7,-229.9,-67.4,1.3,-7.3,0.5,-1.9,-1.3,2.7,128.51300048828125
2021-10,13.4,4.1,58.5,54.7,-4.8,0.0,5.1,11.1,7.5,-0.5,21.0,0.0,0.7,2.8,0.3,6.3,0.9,0.2,0.1,0.3,0.1,4.2,11.7,-624.8,1665.6,-372.4,-622.8,1.3,-3.9,-1.7,-3.0,-4.7,-4.1,131.77667236328125
2021-09,12.1,3.0,58.7,59.0,-4.0,3.1,7.7,13.4,7.6,-0.5,31.1,0.0,1.0,2.8,0.0,5.5,1.0,-0.4,0.0,-0.050000000000000044,0.05,4.7,14.9,-271.8,1910.8,622.3,-635.4,1.3,-3.4,-0.6,0.7,1.3,1.1,129.86099243164062
2021-08,10.2,2.2,62.8,59.7,-5.3,5.0,9.7,12.4,7.65,-0.5,42.7,0.0,-0.1,2.9,1.1,5.6,1.1,0.2,0.4,-0.4,0.0,5.2,15.4,52.7,905.1,648.5,441.0,1.3,6.2,2.3,-5.1,-2.2,3.1,129.6909942626953
2021-07,9.6,1.9,62.6,60.4,-4.4,9.0,20.5,9.4,7.7,-0.5,61.2,0.0,1.9,3.0,0.6,5.0,1.4,0.2,0.2,-0.2,0.0,5.9,19.1,-90.2,1979.7,2.0,383.2,1.3,-6.8,-2.7,11.6,5.7,-0.4,130.16555786132812
2021-06,7.6,1.9,63.1,58.0,-3.3,23.9,39.3,9.4,8.0,-0.5,81.3,0.0,1.6,2.8,0.7,4.9,1.5,-0.1,0.1,0.0,0.0,7.9,22.4,43.1,1321.8,289.5,-187.1,1.3,1.1,-0.7,13.0,15.5,-4.5,131.54100036621094
2021-05,4.3,1.6,62.8,55.1,-5.1,12.0,10.9,13.0,8.05,-0.5,84.0,0.0,0.2,2.6,0.7,3.6,1.0,-0.4,-0.1,-0.4,-0.2,9.2,24.3,65.2,2650.1,983.1,255.3,1.3,5.6,1.1,6.2,3.0,1.2,133.96800231933594
2021-04,1.5,1.6,63.3,50.3,-8.1,-2.9,-1.6,18.4,8.1,-0.5,66.3,0.0,-0.2,2.9,0.8,1.0,0.7,-0.2,-0.1,-0.6,-0.2,9.5,20.8,297.8,2916.9,524.2,663.7,1.3,-2.8,0.3,-6.6,-4.7,3.1,132.05099487304688
2021-03,0.0,0.9,62.4,45.7,-10.8,-6.4,0.1,24.2,8.1,-0.5,74.0,0.0,-0.8,2.9,0.4,-0.7,-0.1,-0.4,-0.4,-0.2,-0.1,9.6,19.6,-38.7,646.8,-130.1,217.4,1.3,4.7,-1.7,-6.1,-7.2,-0.5,129.30999755859375
2021-02,-1.1,0.9,54.8,44.7,-14.8,0.6,-0.8,27.5,8.3,-0.5,69.6,0.0,-3.2,2.9,0.4,-1.6,-0.5,-0.6,-0.6,-0.3,-0.3,9.4,18.9,392.8,1165.6,965.1,-323.9,1.3,0.8,-0.4,-0.6,-3.5,-0.8,128.66444396972656
2021-01,-1.9,-0.3,54.7,45.0,-15.5,-2.9,-0.6,25.1,8.3,-0.5,58.3,0.0,-2.2,2.9,0.5,-2.0,-0.4,-1.2,-1.0,-0.5,-0.4,9.2,18.3,477.1,1878.4,616.1,751.0,1.3,-2.9,-0.7,1.1,-3.4,-2.0,127.06748962402344
2020-12,-2.0,-0.3,55.5,47.3,-13.9,4.3,-3.8,25.9,8.4,-0.5,54.4,0.0,-0.8,3.1,0.0,-2.2,-0.6,-0.9,-0.9,-1.3,-0.9,9.1,16.5,570.2,2144.7,971.1,366.8,1.3,6.0,1.0,1.9,2.9,0.4,126.84100341796875
2020-11,-2.4,-0.3,53.6,41.3,-17.6,2.2,-6.8,24.0,8.25,-0.5,32.8,0.0,-0.9,3.0,-0.2,-2.1,-0.6,-0.4,-0.7,-0.7,-0.7,9.0,16.3,314.3,1660.2,918.4,872.9,1.3,6.4,1.8,-10.2,-13.9,-0.1,124.59200286865234
2020-10,-2.5,-0.3,54.4,48.0,-15.5,3.7,-7.2,21.9,8.1,-0.5,52.3,0.0,-1.3,2.95,-0.2,-0.8,1.3,0.0,-0.3,-0.3,-0.5,9.0,14.3,475.8,2102.8,413.2,675.0,1.3,2.9,0.8,-6.9,-3.2,4.6,122.16903686523438
2020-09,-3.3,-0.2,51.7,47.6,-13.9,0.4,-7.7,20.3,7.9,-0.5,73.9,0.0,-1.3,2.9,0.2,-0.5,1.0,0.2,-0.4,0.2,-0.2,8.6,11.5,350.6,1468.3,137.3,248.3,6.1,9.6,-0.5,-7.6,-4.2,-3.3,124.05000305175781
2020-08,-3.7,0.4,51.7,50.1,-14.7,1.3,-12.3,17.1,7.85,-0.5,64.0,0.0,-1.7,2.8,0.6,-0.9,1.2,0.3,0.0,0.3,-0.3,7.9,9.8,-34.8,167.5,-77.3,11.6,-3.5,6.2,7.9,-1.2,-3.5,13.1,125.77300262451172
2020-07,-5.0,0.4,51.1,55.1,-15.0,-5.1,-20.9,8.0,7.8,-0.5,59.6,0.0,-2.1,2.9,0.6,-1.6,0.8,0.1,0.0,0.3,-0.04999999999999999,7.2,6.0,-423.9,1176.8,-556.8,-268.8,-6.4,-11.6,-2.1,-16.2,-16.7,2.1,124.26000213623047
2020-06,-4.5,0.3,46.9,47.3,-14.7,-19.6,-28.0,1.2,7.3,-0.5,58.6,0.0,-0.6,2.6,-0.4,-2.7,0.8,0.1,-0.2,0.3,0.2,5.1,3.9,-601.0,262.7,-966.5,-833.4,-3.8,-13.3,-6.0,-11.1,-22.1,-9.6,121.00399780273438
2020-05,-2.8,0.1,39.5,12.0,-18.8,-9.2,-12.9,23.5,7.35,-0.5,46.0,0.0,0.1,2.5,-1.5,-2.3,1.0,0.1,-0.2,0.4,0.2,3.7,2.3,-996.3,1971.0,103.1,-930.4,-0.6,-3.6,-4.2,-6.0,-10.1,-4.5,119.67855834960938
2020-04,-1.3,0.4,44.5,11.7,-22.7,3.0,-1.9,25.8,7.4,-0.5,25.2,0.0,1.0,2.4,-0.9,-0.4,1.6,0.4,0.4,0.2,-0.1,3.3,2.8,-190.0,3168.8,1366.6,4.9,0.8,-1.8,-0.5,-0.3,0.2,0.6,115.95999908447266
2020-03,-0.5,1.2,44.8,28.4,-11.6,1.7,-1.9,17.3,7.4,-0.5,-49.5,0.0,1.5,2.4,-0.4,0.8,2.1,0.4,0.6,0.4,0.4,3.0,3.6,498.3,612.3,-985.1,1109.8,0.0,1.1,0.8,-3.9,-1.4,0.6,119.1500015258789
2020-02,-0.7,1.4,49.1,52.8,-6.6,1.3,-4.1,22.2,7.4,-0.5,10.4,0.0,0.0,2.2,0.2,1.7,2.3,0.7,0.8,0.4,0.5,2.8,2.9,-224.1,524.0,120.7,-1312.6,0.9,-0.4,-0.2,-4.8,-3.0,0.2,119.19287109375
2020-01,-1.4,1.4,47.8,52.2,-8.1,2.2,-1.5,19.2,7.4,-0.5,25.6,0.0,-0.2,2.2,0.1,0.9,2.1,0.8,0.7,0.6,0.7,2.7,3.2,-102.5,1436.8,-2.5,-152.5,-4.3,-0.3,1.3,-2.0,-1.8,4.5,120.06300354003906
2019-12,-1.9,1.0,45.9,52.4,-8.1,1.4,-2.2,24.5,7.45,-0.5,11.2,0.0,0.5,2.4,0.2,0.1,2.1,0.5,0.5,0.9,0.8,2.8,3.3,-60.8,1816.8,254.0,-82.1,1.5,-4.5,-4.6,-5.1,-8.2,-14.4,121.98999786376953
2019-11,-1.2,1.0,46.6,52.2,-7.2,3.1,-1.7,18.3,7.5,-0.5,-1.0,0.0,0.8,2.4,1.1,-0.4,2.1,0.2,0.4,0.8,0.6,2.5,3.1,-34.7,1612.9,1.1,17.3,0.0,1.0,1.8,9.5,10.0,7.1,120.60321044921875
2019-10,-0.8,0.8,45.7,51.6,-7.6,2.1,-2.8,20.3,7.5,-0.5,-23.5,0.0,-0.2,2.2,0.0,-1.1,0.5,0.2,0.3,0.4,0.5,2.4,3.0,-97.2,2157.7,50.9,-123.0,0.2,-2.9,0.4,1.0,0.4,4.8,121.3219985961914
2019-09,0.2,1.0,47.0,52.0,-6.5,2.2,-2.0,19.0,7.4,-0.45,-22.4,0.0,-0.3,2.2,-0.3,-0.9,0.6,0.3,0.5,0.4,0.5,2.4,2.8,-130.8,1999.9,-74.5,-136.3,-0.8,1.1,0.1,0.8,-4.8,-2.3,118.11000061035156
2019-08,0.7,1.0,47.0,53.4,-7.1,2.6,-2.6,17.9,7.5,-0.4,-43.6,0.0,0.4,2.3,0.0,-0.6,0.5,0.5,0.6,0.6,0.7,2.4,3.7,-126.8,1211.2,759.3,-249.6,0.3,-2.6,-0.1,2.7,-0.5,0.0,117.02999877929688
2019-07,1.6,1.1,46.4,53.3,-6.6,1.3,-0.5,20.2,7.5,-0.4,-20.3,0.0,-0.2,2.4,-0.5,-0.1,0.7,0.7,0.6,0.9,0.9,2.3,4.0,-14.4,1594.8,-650.9,589.5,0.9,1.7,-0.2,4.0,-0.5,0.3,121.1259994506836
2019-06,2.6,1.2,47.8,53.4,-7.2,1.5,-0.4,15.3,7.6,-0.4,-20.2,0.0,-0.1,2.4,-0.1,0.7,0.8,0.7,0.8,1.1,0.9,2.7,3.6,-609.1,1707.4,-98.2,-967.1,-0.4,1.6,0.8,1.3,-1.8,0.0,122.87999725341797
2019-05,2.9,1.7,47.7,52.8,-6.5,1.9,-0.6,17.9,7.65,-0.4,-1.6,0.0,-1.9,2.5,0.3,1.2,0.9,0.9,0.9,1.1,1.1,2.6,3.1,-110.9,2847.9,700.1,60.4,-0.2,-0.4,-0.4,2.1,0.6,0.2,121.71700286865234
2019-04,3.0,1.4,47.5,52.5,-7.9,2.8,-0.3,19.5,7.7,-0.4,4.5,0.0,-0.8,2.3,0.3,1.3,1.1,0.5,0.8,1.4,1.3,2.4,3.8,-177.8,2676.8,489.2,528.5,-0.2,1.0,-0.6,1.7,-1.8,0.2,124.97000122070312
2019-03,3.0,1.5,47.6,52.7,-7.2,2.2,-1.1,17.0,7.8,-0.4,-2.5,0.0,1.2,2.5,0.2,0.8,1.1,0.2,0.7,0.9,1.1,2.4,4.6,116.1,600.4,-964.8,339.0,-0.4,-4.7,0.4,2.0,-3.3,-2.3,124.5199966430664
2019-02,3.0,1.4,49.2,52.3,-7.4,0.8,-4.2,15.6,7.85,-0.4,-16.6,0.0,1.8,2.4,-0.6,0.6,1.1,0.2,0.8,0.6,1.1,2.4,4.7,-370.0,452.8,216.2,-1415.2,-0.3,-1.9,-0.3,0.1,-1.0,0.9,126.15599822998047
2019-01,4.0,1.6,50.5,50.8,-7.9,1.1,-3.3,15.1,7.9,-0.4,-20.9,0.0,2.0,2.5,-0.6,1.5,1.1,0.3,0.7,0.4,1.1,2.4,4.8,-183.6,757.2,-559.1,-55.3,1.9,1.0,-0.3,-0.6,-2.2,-1.0,125.16500091552734
2018-12,4.9,1.9,51.4,51.4,-6.2,1.7,1.2,12.5,8.0,-0.4,-21.0,0.0,1.5,2.4,-0.3,2.3,1.2,0.8,0.9,0.3,0.9,2.3,6.1,-492.2,1309.9,-321.7,-737.3,-0.9,4.0,1.9,-0.3,-0.8,1.2,126.2490005493164
2018-11,4.5,2.0,51.5,53.7,-3.9,0.8,0.9,13.4,8.1,-0.4,-22.0,0.0,1.1,2.3,0.3,2.9,1.3,1.4,1.0,0.8,1.0,2.7,5.9,-302.7,1821.6,323.3,-449.3,0.5,-1.5,-1.1,-1.6,0.4,-0.2,129.19200134277344
2018-10,4.2,2.1,53.2,54.7,-2.7,1.8,0.9,16.6,8.1,-0.4,-19.4,0.0,0.9,2.4,0.3,3.0,1.2,1.2,1.0,1.5,1.0,2.8,5.9,-238.9,1838.4,-219.3,139.6,0.0,2.2,0.5,2.8,-0.1,0.9,128.25
2018-09,4.0,2.1,53.3,54.7,-2.9,1.1,-0.1,12.8,8.149999999999999,-0.4,-7.2,0.0,1.5,2.5,0.0,3.0,1.3,1.3,0.9,1.3,1.0,2.9,6.9,-190.4,2009.7,-1.0,-444.6,-0.8,-0.6,0.1,0.1,-1.6,0.1,132.1199951171875
2018-08,3.6,2.0,54.6,54.4,-1.9,1.2,2.5,16.7,8.2,-0.4,-11.1,0.0,3.6,2.4,0.5,3.1,1.1,0.9,0.8,1.2,0.9,3.0,7.0,-45.6,1175.6,820.5,-231.2,0.1,-2.2,-0.5,-1.2,1.5,1.5,129.47300720214844
2018-07,3.0,2.1,55.1,54.4,-0.6,1.4,2.4,16.9,8.3,-0.4,-18.7,0.0,2.1,2.2,0.2,2.8,1.2,0.7,0.8,0.9,0.8,3.2,7.4,66.2,1938.3,-303.8,721.4,1.0,-2.1,0.1,-3.9,-2.0,-1.7,129.9429931640625
2018-06,2.0,2.0,55.0,55.0,-0.5,1.7,1.7,18.1,8.4,-0.4,-12.6,0.0,0.8,2.5,0.6,2.7,1.0,0.7,0.7,0.6,0.7,3.2,8.1,-296.8,1845.1,573.8,-578.3,0.0,1.8,1.0,-1.3,-0.8,1.4,129.60000610351562
2018-05,2.1,1.9,56.2,53.9,0.2,0.8,3.0,21.2,8.5,-0.4,2.4,0.0,2.1,2.5,0.1,2.0,0.9,0.6,0.7,0.4,0.5,3.3,7.8,550.0,3122.3,1190.7,626.0,0.4,0.5,-0.3,-0.2,0.1,-0.7,126.80999755859375
2018-04,1.6,1.4,56.0,54.9,0.4,1.8,2.9,21.0,8.5,-0.4,1.9,0.0,1.3,2.5,-0.1,2.1,0.5,1.1,0.9,0.5,0.6,3.2,9.1,119.2,2076.0,188.7,797.3,-1.8,1.3,0.0,0.1,0.6,0.4,132.2480010986328
2018-03,1.5,1.1,56.6,55.0,0.1,2.3,2.7,19.9,8.6,-0.4,13.4,0.0,0.7,2.65,0.0,2.5,0.6,1.5,1.0,1.0,0.8,3.3,9.4,-201.5,607.4,-666.6,3.4,0.5,-7.3,-0.6,2.0,0.5,-1.8,131.0399932861328
2018-02,2.2,1.2,58.5,56.7,0.1,1.9,5.2,23.8,8.649999999999999,-0.4,29.3,0.0,0.7,2.8,0.3,2.7,0.7,1.4,0.9,1.15,0.75,3.4,9.7,373.3,797.2,538.9,-943.4,1.0,2.8,-0.2,0.9500000000000001,1.1,0.9,131.3780059814453
2018-01,2.8,1.3,59.6,57.6,1.3,2.8,3.2,22.5,8.7,-0.4,31.8,0.0,0.9,2.7,0.2,3.1,0.8,1.0,0.9,1.3,0.7,3.6,11.2,86.8,1347.3,181.0,359.0,0.3,0.0,1.1,-0.1,1.4,1.9,134.92599487304688
2017-12,2.5,1.5,60.6,56.5,0.5,0.4,3.7,19.0,8.75,-0.4,29.0,0.0,0.6,2.8,0.4,3.5,0.8,0.6,0.9,1.0,0.8,4.0,13.2,364.1,2176.4,430.2,113.4,-0.5,0.2,0.3,1.7,-0.7,0.0,135.1999969482422
2017-11,2.9,1.5,58.5,55.0,0.1,3.7,3.3,25.0,8.8,-0.4,30.9,0.0,0.9,2.8,0.3,3.4,0.8,0.2,0.8,0.3,0.6,4.1,14.5,322.9,2271.2,852.2,285.4,0.1,-1.5,-0.2,0.0,1.9,0.8,132.73399353027344
2017-10,2.5,1.5,58.1,55.8,-1.0,1.2,3.8,21.6,9.1,-0.4,26.7,0.0,0.9,2.8,0.2,3.0,0.9,0.7,0.7,-0.2,0.6,4.1,15.6,240.3,2380.4,318.7,670.2,-0.1,3.3,-0.2,-0.3,0.6,-1.7,131.66700744628906
2017-09,2.0,1.5,58.2,55.6,-1.2,2.6,3.2,18.6,9.1,-0.4,31.7,0.0,-0.3,2.8,0.0,2.9,0.8,0.7,0.7,0.5,0.5,4.0,16.3,367.3,2320.0,566.6,113.6,0.4,-1.8,0.1,0.6,-0.2,1.1,132.60000610351562
2017-08,2.5,1.5,57.4,54.9,-1.5,3.1,2.6,22.3,9.1,-0.4,29.3,0.0,-0.4,2.8,0.3,2.6,0.6,0.4,0.5,0.5,0.4,4.0,15.6,337.4,934.6,518.5,418.8,-0.9,2.1,0.0,-0.2,0.2,0.2,131.30999755859375
2017-07,3.3,1.3,56.8,55.4,-1.7,2.6,4.0,19.7,9.1,-0.4,35.6,0.0,0.7,3.1,0.0,2.1,0.8,0.4,0.4,0.1,0.2,3.9,17.0,81.4,1653.9,-115.1,439.9,2.1,-4.1,-0.1,2.3,-0.6,-1.6,129.81100463867188
2017-06,4.3,1.3,57.3,54.7,-1.3,2.5,1.4,19.6,9.2,-0.4,37.7,0.0,0.5,2.8,0.0,2.1,0.7,0.4,0.4,0.0,0.0,3.9,19.4,133.8,1951.9,553.6,-203.4,-0.6,4.3,1.2,-0.1,1.1,1.4,128.12899780273438
2017-05,3.9,1.4,56.7,56.4,-3.3,2.3,1.9,23.1,9.3,-0.4,35.1,0.0,-0.4,2.8,0.2,2.1,0.7,0.4,0.3,0.2,0.1,4.3,19.8,97.6,2907.7,865.5,481.7,0.7,-1.6,-0.2,-1.4,-0.8,0.2,123.80000305175781
2017-04,4.5,1.5,56.8,56.2,-3.6,1.8,1.2,19.2,9.5,-0.4,26.3,0.0,0.4,2.8,0.2,1.4,0.8,0.2,0.2,-0.1,-0.1,4.3,20.3,172.2,2813.6,1076.8,614.7,0.1,3.2,0.2,-1.3,-2.7,0.2,121.41799926757812
2017-03,3.5,1.5,57.2,56.5,-5.0,1.2,0.6,15.7,9.6,-0.4,25.6,0.0,0.5,2.95,0.2,1.0,0.8,0.3,0.2,-0.4,-0.4,4.2,21.4,680.3,65.5,-853.4,813.5,-0.3,0.1,0.0,-3.8,-1.1,0.5,119.44000244140625
2017-02,1.6,1.8,55.5,55.6,-6.2,1.1,2.0,24.5,9.6,-0.4,17.1,0.0,0.1,3.1,0.6,0.5,0.5,0.3,0.0,-0.15,-0.35,4.1,22.6,155.5,1112.2,806.8,-1086.9,0.3,0.6,-0.4,-2.05,-1.3,-1.7,119.3239974975586
2017-01,0.1,1.8,55.1,53.6,-4.7,2.3,3.2,22.7,9.6,-0.4,23.2,0.0,0.2,3.1,0.6,-1.2,0.4,0.3,-0.2,0.1,-0.3,4.0,23.1,356.7,1415.5,313.4,641.4,0.2,3.0,0.2,-0.3,-0.3,0.2,121.71800231933594
2016-12,-0.4,0.6,54.9,53.8,-5.1,2.4,0.6,19.7,9.8,-0.4,18.1,0.0,0.1,3.0,0.4,-2.2,0.3,0.5,-0.4,0.0,-0.6,4.0,21.5,536.1,1719.9,587.6,152.5,0.2,1.4,0.2,-1.5,-1.0,2.5,122.94999694824219
2016-11,-1.5,0.5,53.5,54.1,-6.1,1.1,1.2,24.9,10.0,-0.4,15.8,0.0,0.2,3.0,-0.1,-2.7,0.5,0.1,-0.4,0.5,-0.4,3.7,22.1,474.3,1821.0,642.4,496.2,0.2,-2.0,-0.1,-0.4,-3.2,0.0,119.74299621582031
2016-10,-2.1,0.5,52.6,53.5,-8.0,0.6,1.8,23.3,10.05,-0.4,12.3,0.0,-0.1,3.1,0.0,-3.2,0.3,-0.5,-0.5,0.1,-0.4,3.6,22.7,349.0,2000.8,243.2,498.3,0.3,2.6,0.0,-2.1,-3.6,-1.1,114.8499984741211
2016-09,-2.8,0.4,52.6,52.1,-8.2,2.9,-0.5,20.0,10.1,-0.4,5.4,0.0,1.4,3.0,-0.3,-3.6,0.2,-0.5,-0.5,-0.5,-0.5,3.3,24.2,340.0,1938.2,613.9,-18.7,1.0,0.6,0.3,-4.6,-0.2,1.4,113.53500366210938
2016-08,-3.1,0.2,51.8,53.1,-8.5,1.6,0.4,23.4,10.1,-0.4,4.6,0.0,1.3,3.1,0.0,-3.9,0.4,-0.4,-0.5,-0.5,-0.4,3.3,24.7,317.6,974.4,763.3,513.5,-1.0,1.5,0.8,-0.5,-1.5,0.2,114.70800018310547
2016-07,-3.9,0.2,51.9,52.7,-7.9,1.6,0.5,24.5,10.1,-0.4,-14.7,0.0,-0.2,3.2,-0.1,-4.2,0.2,-0.4,-0.5,-0.4,-0.4,3.4,25.4,335.0,1809.1,39.9,692.8,1.3,-2.4,-0.7,-2.2,-2.2,0.0,114.27200317382812
2016-06,-4.4,0.1,52.6,53.3,-7.3,1.4,2.0,28.0,10.149999999999999,-0.4,20.2,0.0,0.3,3.2,0.2,-4.2,0.2,-0.4,-0.4,-0.5,-0.5,3.4,25.5,269.8,1878.5,697.1,-40.7,0.1,-1.0,1.4,-1.1,-0.8,0.0,114.3270034790039
2016-05,-4.2,-0.2,51.7,53.1,-7.0,2.1,0.2,22.3,10.2,-0.4,16.8,0.0,1.4,3.2,-0.3,-4.2,0.2,-0.3,-0.3,-0.5,-0.5,3.3,26.8,426.6,2980.4,927.2,823.5,-1.2,3.2,-0.7,-0.4,-1.2,1.4,123.55999755859375
2016-04,-4.2,0.0,51.6,53.2,-9.3,2.4,0.8,20.2,10.2,-0.4,21.5,0.0,0.9,3.3,-0.1,-3.8,0.2,-0.1,-0.3,-0.4,-0.3,3.2,28.5,276.5,2434.9,425.0,755.0,-0.9,-5.4,-0.1,-5.3,2.2,-2.3,121.75
2016-03,-2.9,-0.1,51.4,54.0,-9.7,2.0,2.8,21.2,10.3,-0.35,10.6,0.0,0.4,3.2,-0.2,-3.4,0.2,0.3,0.0,-0.1,-0.3,3.1,29.0,166.1,520.8,-411.0,242.8,-0.9,2.6,1.5,1.2,1.0,-1.1,127.3550033569336
2016-02,-3.0,-0.2,51.0,53.0,-8.8,1.4,-1.3,21.0,10.4,-0.3,13.6,0.025,0.1,3.3,-0.9,-3.1,0.2,0.0,0.0,0.1,-0.1,3.2,28.9,119.4,960.7,188.7,-645.9,-1.0,-1.0,-0.6,-3.1,0.0,-0.2,124.16000366210938
2016-01,-3.2,0.4,52.3,53.6,-5.7,1.4,1.1,22.7,10.5,-0.3,22.7,0.05,0.0,3.3,-0.3,-3.4,0.4,0.2,0.1,-0.3,-0.1,3.0,29.5,36.6,1143.5,-271.5,140.2,1.0,-0.1,-0.8,-4.4,2.0,-2.5,131.3699951171875
2015-12,-3.1,0.1,53.1,54.2,-5.7,2.5,1.9,19.9,10.7,-0.25,33.9,0.05,0.7,3.1,-0.1,-3.6,0.2,0.3,0.1,0.0,0.6,3.3,32.5,-3.3,1458.4,200.2,-379.7,-0.2,1.3,0.9,-2.9,2.9,1.1,131.6999969482422
2015-11,-3.1,0.1,52.3,54.6,-5.9,2.9,1.7,20.1,10.75,-0.2,28.3,0.05,0.6,3.4,-0.6,-3.8,0.5,0.3,-0.1,0.2,0.0,3.6,32.5,-202.3,1468.4,82.3,111.5,-0.2,1.5,-0.4,-2.4,1.7,0.7,129.9600067138672
2015-10,-2.6,0.0,52.0,54.2,-7.7,2.3,0.9,19.8,10.8,-0.2,30.1,0.05,0.5,3.3499999999999996,-0.5,-3.9,0.6,0.0,-0.1,0.1,-0.2,3.8,35.1,-355.7,1653.1,-326.1,-114.5,0.2,-0.9,0.1,-0.4,1.8,0.0,132.72999572753906
2015-09,-2.1,-0.1,52.0,54.0,-7.1,2.7,1.9,22.4,11.0,-0.2,33.3,0.05,0.6,3.3,-0.6,-3.6,0.7,0.2,-0.1,-0.1,-0.2,4.2,33.3,-358.8,1808.6,-108.0,-569.7,0.3,-0.2,0.2,-0.30000000000000004,2.1,1.2,134.906005859375
2015-08,-2.2,0.2,52.4,54.3,-6.8,1.2,1.2,21.9,11.05,-0.2,47.6,0.05,-2.4,3.4,-0.2,-3.0,0.6,0.2,0.0,0.1,-0.1,4.1,32.8,-368.8,558.6,102.6,-268.1,-0.5,0.7,0.3,-0.2,-0.3,-0.8,135.98800659179688
2015-07,-2.0,0.2,52.2,53.8,-7.1,2.4,1.6,21.2,11.1,-0.2,42.7,0.05,-0.9,3.3,-0.2,-2.4,0.4,0.4,0.1,0.2,-0.1,3.8,34.2,-251.7,1880.9,-47.3,-69.0,0.1,-3.0,-0.7,-2.0,5.3,1.7,135.73199462890625
2015-06,-2.2,0.3,52.5,53.8,-5.6,2.2,0.8,24.3,11.1,-0.2,53.7,0.05,0.6,3.3,0.3,-2.1,0.6,0.5,0.1,0.3,0.1,4.0,35.6,-182.5,1326.4,-146.2,-216.0,-1.3,-0.4,-0.2,4.8,8.6,0.4,137.57699584960938
2015-05,-2.3,0.0,52.0,53.3,-5.5,1.6,1.8,19.7,11.2,-0.2,61.2,0.05,0.1,3.4,0.1,-2.1,0.7,0.6,0.3,0.5,0.2,3.6,35.2,-208.7,2795.3,671.4,-53.4,0.1,-1.2,-1.0,-1.3,-13.0,-1.9,135.70899963378906
2015-04,-2.8,0.0,51.9,53.7,-4.6,3.0,1.6,22.0,11.3,-0.2,64.8,0.05,0.5,3.5,0.3,0.7,3.2,2.3,2.2,0.7,0.4,3.6,35.2,3.3,1440.1,-143.1,229.3,1.9,-3.2,0.3,-10.6,1.3,-2.2,132.1999969482422
2015-03,-3.5,-0.1,51.9,54.3,-3.7,3.7,0.4,21.2,11.3,-0.2,62.4,0.05,1.3,3.6,0.0,0.5,3.3,2.2,2.0,2.3,2.2,3.5,36.7,-573.2,61.4,-864.2,-424.6,-0.3,3.6,0.7,-2.9,0.0,-1.9,129.95799255371094
2015-02,-2.6,-0.6,51.1,53.9,-6.7,3.1,0.6,23.3,11.3,-0.2,52.7,0.05,1.3,3.4,-1.3,0.3,3.5,2.4,2.2,2.3,2.2,3.4,37.4,-406.1,187.2,-395.6,-1177.5,0.0,2.0,0.0,-5.1,0.1,-0.4,133.85000610351562
2015-01,-1.6,-0.2,51.0,51.6,-8.5,1.6,-0.8,21.6,11.3,-0.2,45.2,0.05,0.7,3.5,-0.5,1.8,3.5,2.4,2.5,2.3,2.2,3.6,38.2,-620.7,433.0,-636.8,-660.7,-0.1,-0.8,0.2,-3.4,1.1,-0.2,132.57000732421875
2014-12,-1.3,0.3,50.1,51.1,-10.9,1.6,0.8,19.6,11.4,-0.2,31.8,0.05,0.1,3.5,-0.3,2.6,3.6,2.4,2.7,2.1,2.3,3.6,36.7,-925.0,833.4,-766.6,-891.9,1.0,0.7,-0.1,-2.5,0.0,-1.4,145.28799438476562
2014-11,-1.4,0.3,50.4,51.3,-11.5,0.5,0.5,17.9,11.5,-0.2,11.0,0.05,0.7,3.6,-0.8,2.9,3.6,2.9,2.9,2.1,2.4,3.2,36.9,-985.1,963.0,-714.5,-736.9,0.0,3.6,1.3,-4.0,0.5,2.7,147.77000427246094
2014-10,-1.4,0.4,50.7,52.4,-11.1,1.9,-0.5,15.4,11.5,-0.2,4.1,0.05,0.8,3.5,-0.1,3.6,3.5,3.2,3.0,2.5,2.5,3.1,35.3,-1070.1,287.1,-831.8,-958.3,-0.2,-1.7,-0.1,-5.6,1.6,1.9,137.70599365234375
2014-09,-1.3,0.3,50.5,52.8,-11.4,0.5,1.6,12.7,11.5,-0.16666666666666669,14.2,0.05,0.9,3.8,-0.2,3.9,3.5,3.3,3.1,2.8,2.6,3.0,40.5,-912.4,416.7,-828.1,-948.5,-0.4,-0.8,-0.3,-4.7,-0.6,-0.5,138.82000732421875
2014-08,-0.8,0.3,50.8,53.5,-10.0,1.9,0.2,13.8,11.5,-0.13333333333333333,23.7,0.15,0.95,3.7,0.3,4.3,3.4,3.4,3.3,2.8,2.7,3.0,42.7,-1021.8,-399.1,-537.1,-964.0,0.6,-3.3,0.0,-5.9,-1.8,0.5,136.7570037841797
2014-07,-1.0,0.4,51.9,54.4,-8.4,0.6,0.6,15.2,11.5,-0.1,48.1,0.15,1.0,3.5,0.2,4.6,3.7,3.6,3.3,2.8,2.8,3.0,42.6,-1067.8,522.8,-675.9,-822.2,-4.6,-0.7,0.9,-3.0,-1.2,4.6,137.75
2014-06,-1.2,0.5,51.9,53.2,-7.5,1.8,1.4,15.2,11.6,-0.08571428571428572,58.4,0.15,0.7,3.6,0.3,4.4,3.6,3.7,3.4,3.0,2.8,3.3,45.6,-862.2,187.4,-780.4,-910.8,1.5,-2.2,-5.7,-8.0,-6.7,-13.6,138.38999938964844
2014-05,-1.6,0.7,53.4,53.5,-7.1,1.0,0.2,15.2,11.8,-0.07142857142857144,55.2,0.25,0.29999999999999993,3.6,2.9,4.2,3.4,3.4,3.2,3.1,2.8,3.5,48.5,-880.5,116.4,-1133.6,-808.9,-1.1,0.4,2.4,-4.6,16.1,6.3,138.88888549804688
2014-04,-1.7,0.7,53.3,0.0,-8.7,1.0,1.7,13.9,11.8,-0.05714285714285715,61.2,0.25,-0.1,3.6,0.0,1.7,0.7,1.6,1.3,2.9,2.7,3.6,54.8,-1626.8,612.7,-553.4,-1446.3,1.7,-2.6,-0.9,-3.55,1.3,0.3,141.66900634765625
2014-03,-1.4,0.5,53.0,52.4,-9.3,0.8,1.6,14.7,11.850000000000001,-0.04285714285714286,61.5,0.25,-0.2,3.7,-0.2,1.8,0.7,1.5,1.3,1.3,1.0,4.0,55.7,-1184.0,-1589.0,-787.0333333333333,-802.5,-0.1,5.9,1.6,-2.5,0.0,1.4,141.4980010986328
2014-02,-0.8,0.8,53.0,51.7,-12.7,-0.4,1.2,15.35,11.9,-0.028571428571428574,68.5,0.25,0.5,3.7,0.1,2.4,0.7,1.4,1.3,1.1,0.9,4.3,51.9,-1818.8,-638.6,-1020.6666666666666,-2790.0,0.3,2.2,-0.4,1.1,0.1,-1.2,139.9499969482422
2014-01,-1.2,0.8,53.9,51.0,-11.7,1.3,2.8,16.0,12.0,-0.014285714285714287,73.3,0.25,0.55,4.0,0.3,2.5,1.1,1.6,1.3,0.7,0.7,4.3,46.6,-1258.8,-592.8,-1254.3,-1304.2,-0.2,-0.5,0.8,0.7,0.6,2.0,139.3159942626953
2013-12,-1.3,0.9,51.6,51.0,-13.6,-0.3,0.5,14.5,12.05,0.0,68.3,0.25,0.6,4.0,0.0,2.6,1.0,1.5,1.2,0.9,0.7,4.4,52.5,-1293.8,-127.9,-1091.9,-1292.9,0.5,1.2,-0.9,0.2,-0.4,-1.0,144.89999389648438
2013-11,-0.9,0.9,51.5,50.9,-15.4,0.3,0.2,14.3,12.1,0.0,60.2,0.25,0.2,4.0,-0.1,2.5,0.8,1.1,0.9,0.9,0.6,4.1,45.8,-1072.5,587.3,-874.8,-1090.7,0.3,1.2,0.0,0.9,0.7,1.7,139.22999572753906
2013-10,-0.8,0.7,51.3,50.9,-14.5,-0.2,-1.1,12.3,12.2,0.0,59.1,0.5,-0.2,4.1,0.2,2.2,0.7,1.1,0.7,0.6,0.3,3.9,46.1,-1091.3,161.5,-885.9,-932.1,0.4,-2.1,0.6,3.7,-0.1,0.9,135.18699645996094
2013-09,0.0,1.1,51.1,52.1,-14.9,-0.7,-1.9,11.0,12.1,0.0,58.6,0.5,0.1,3.8,0.3,2.4,0.7,0.9,0.8,0.5,0.2,3.7,42.0,-820.8,577.3,-943.3,-960.3,-0.6,3.7,-0.4,-1.6,1.7,-1.7,132.01499938964844
2013-08,0.3,1.3,51.3,49.8,-16.0,-1.1,-0.4,14.9,12.0,0.0,44.0,0.5,0.35,3.9,0.6,2.3,0.6,0.7,0.7,0.5,0.4,3.7,38.0,-911.1,336.3,-139.2,-1024.0,1.2,-2.3,-0.3,0.1,3.5,-0.2,129.77999877929688
2013-07,-0.2,1.6,50.1,49.6,-17.4,0.3,-1.3,13.8,12.1,0.0,32.8,0.5,0.6,4.1,0.1,1.2,0.4,0.2,0.4,0.4,0.3,3.8,36.0,-663.7,540.7,-906.7,-182.3,0.1,2.3,1.2,-0.4,-0.4,1.5,130.01300048828125
2013-06,-0.2,1.4,48.3,48.6,-18.8,-1.0,-0.6,15.2,12.1,0.0,30.6,0.5,0.0,4.1,0.0,0.5,0.3,-0.3,0.0,0.0,0.2,3.5,31.6,-777.9,750.0,-818.8,-996.4,-0.3,1.6,-0.5,-1.6,-2.3,0.7,129.29299926757812
2013-05,0.6,1.4,47.8,47.5,-21.9,-2.4,-1.4,18.1,12.1,0.0,27.6,0.5,-0.9,4.1,0.4,0.1,-0.4,-0.7,-0.4,-0.2,0.1,3.3,23.1,-702.8,1251.2,-219.9,-881.9,0.6,-0.8,-0.2,1.5,2.5,-1.5,131.8459930419922
2013-04,1.4,1.2,46.5,46.6,-22.3,-1.7,-3.2,12.7,12.1,0.0,24.9,0.75,-0.8,4.3,0.1,-0.5,-0.2,-0.9,-0.5,-0.7,-0.3,3.0,19.8,-919.8,637.4,-677.0,-362.4,-1.6,0.7,1.2,5.2,-3.7,1.7,128.16000366210938
2013-03,1.7,1.8,46.6,46.5,-23.5,-1.9,-2.4,9.0,12.0,0.0,33.4,0.75,0.1,4.2,0.4,-0.1,0.0,-0.7,-0.3,-1.0,-0.5,2.9,15.0,-1086.6,-364.8,-1479.3,-777.5,1.6,1.7,-1.1,0.8,-3.5,-0.2,120.75700378417969
2013-02,2.1,2.0,47.8,48.6,-23.6,-3.0,-1.7,10.3,11.8,0.0,42.4,0.75,-0.7999999999999999,4.3,0.4,-0.3,-0.2,-0.3,-0.2,-0.9,-0.6,2.7,10.9,-737.3,-264.1,-567.6,-1630.9,-0.4,2.9,1.1,2.4,0.1,0.0,121.45999908447266
2013-01,2.1,2.2,46.1,47.8,-23.9,-1.9,-4.0,10.5,11.7,0.0,31.2,0.75,-1.7,4.1,0.2,-0.7,-0.4,-0.1,-0.2,-0.6,-0.5,2.6,11.8,-783.8,-222.4,-847.5,-641.5,0.2,-0.2,-0.4,-0.7,0.9,-0.1,123.50700378417969
2012-12,2.6,2.2,46.3,47.8,-26.6,-3.2,-3.3,7.4,11.7,0.0,7.6,0.75,-0.8,4.2,0.0,-0.9,-0.5,-0.2,-0.1,-0.6,-0.6,2.1,5.0,-852.1,376.9,-450.3,-953.4,-0.3,1.6,-0.1,0.2,-3.2,0.7,113.69000244140625
2012-11,2.7,2.5,46.2,45.7,-26.9,-1.6,-2.3,11.0,11.7,0.0,-2.6,0.75,-0.65,4.2,-0.3,-1.0,-0.7,-0.4,0.0,-0.5,-0.5,2.3,10.8,-624.3,503.6,471.3,-551.1,0.0,-5.5,0.2,-0.1,-1.0,-3.5,106.5739974975586
2012-10,2.7,2.5,45.3,46.2,-25.7,-0.9,-2.9,8.9,11.5,0.0,-1.4,0.75,-0.5,4.2,0.2,-1.5,-0.5,-0.3,-0.1,-0.8,-0.4,2.4,9.0,-959.1,454.7,-644.5,-558.6,-0.6,-2.6,0.3,-0.9,-0.9,1.5,103.2770004272461
2012-09,1.6,2.7,46.0,46.0,-25.9,-1.4,-2.8,7.2,11.45,0.0,-3.8,0.75,-1.6,4.3,0.2,-1.9,-0.3,-0.4,-0.3,-0.7,-0.4,2.4,6.5,-461.9,625.4,-373.6,-755.9,0.2,0.5,-0.7,1.8,-4.4,-1.5,100.10800170898438
2012-08,1.8,2.4,44.0,47.9,-24.6,-0.9,-2.1,9.3,11.4,0.0,-21.2,0.75,-1.35,4.3,-0.4,-2.2,-0.3,-0.4,-0.3,-0.7,-0.5,2.2,8.6,-371.9,433.3,112.0,-518.9,-0.2,-2.3,0.2,1.7,-2.6,-1.2,98.2300033569336
2012-07,2.3,2.4,44.1,47.1,-21.6,-0.8,-2.6,6.8,11.3,0.035714285714285726,-22.3,0.75,-1.1,4.4,-0.6,-1.3,-0.4,-0.2,-0.2,-0.8,-0.6,2.2,5.9,-300.8,215.1,848.2,61.7,0.1,-2.2,0.7,1.6,-0.8,0.7,95.74400329589844
2012-06,2.6,2.4,44.8,46.8,-19.8,-3.4,-2.4,4.5,11.0,0.07142857142857145,-20.1,1.0,-0.45,4.6,-0.5,-0.7,0.1,0.2,-0.1,-0.6,-0.6,2.2,2.4,-618.3,333.8,463.9,-910.4,-0.3,0.2,-0.2,4.0,-0.6,-0.4,101.05999755859375
2012-05,3.5,2.4,45.0,46.5,-19.3,-0.2,-1.5,4.3,11.0,0.10714285714285715,-2.4,1.0,0.2,4.5,0.3,-0.2,0.2,0.4,0.2,-0.5,-0.8,2.6,-0.3,-512.0,1589.4,4.2,-522.0,-0.1,1.3,-0.6,2.6,5.1,-1.2,97.71499633789062
2012-04,3.6,2.6,46.0,47.9,-19.9,-2.1,-1.5,3.7,10.8,0.14285714285714285,13.1,1.0,0.1,4.5,0.6,0.5,-0.2,0.5,0.2,-0.3,-0.5,3.0,-0.2,-616.6,1177.8,102.1,-82.6,-1.0,-1.7,0.0,3.4,0.2,2.0,106.38999938964844
2012-03,3.8,2.7,47.7,48.7,-19.1,-1.1,-1.7,5.3,10.7,0.17857142857142858,11.0,1.0,-0.9,4.55,0.2,0.6,-0.6,0.3,0.1,-0.1,-0.3,2.9,11.3,-321.4,-437.3,-1381.6,32.9,1.6,3.4,-0.6,-2.3,-1.2,3.1,110.4800033569336
2012-02,4.3,2.6,48.8,50.4,-20.2,-1.3,-1.8,7.4,10.649999999999999,0.2142857142857143,-8.1,1.0,0.1,4.6,-0.1,0.5,-0.2,0.04999999999999999,0.0,-0.2,-0.35,3.1,15.0,-494.3,303.5,-145.8,-1475.0,-1.0,3.1,1.8,-0.8999999999999999,-0.3,0.7,108.45999908447266
2012-01,5.4,2.7,46.9,50.5,-20.3,-1.5,0.1,6.1,10.6,0.25,-32.5,1.0,-0.04999999999999999,4.5,0.1,1.2,0.1,-0.2,-0.1,-0.3,-0.4,3.2,13.5,-568.7,138.5,-585.1,-205.6,0.8,-2.9,-0.6,0.5,-2.5,-2.0,100.33000183105469
2011-12,5.5,3.0,46.9,48.3,-21.2,-0.7,1.0,0.5,10.45,0.5,-54.1,1.0,-0.2,4.5,0.1,1.6,-0.1,-0.5,-0.2,-0.4,-0.3,3.0,19.5,-537.9,562.4,-206.1,-684.7,-0.7,4.1,0.7,-3.2,-1.4,1.4,100.58699798583984
2011-11,5.8,3.0,46.4,47.8,-20.4,-1.4,2.2,2.5,10.3,0.5625,-59.1,1.25,0.0,4.1,-0.8,1.6,0.1,-0.2,-0.1,-0.8,-0.5,2.8,17.0,-495.7,1584.8,373.2,-280.2,-0.3,-3.6,-0.7,-0.4,-3.6,-1.4,103.87200164794922
2011-10,5.8,3.0,47.3,47.2,-19.9,-0.1,6.0,-1.2,10.2,0.625,-51.2,1.5,-0.4,4.3,-0.1,2.5,-0.1,0.0,0.2,-0.5,-0.4,2.7,16.7,-96.7,407.5,533.95,-296.2,0.4,2.4,0.0,-1.9,-2.6,-1.7,107.10399627685547
2011-09,6.1,2.5,48.4,49.1,-19.1,-0.4,4.4,-3.6,10.1,0.6875,-44.6,1.5,-0.55,4.7,-0.2,2.6,-0.3,0.2,0.2,-0.2,-0.1,2.7,15.9,-294.4,990.2,694.7,-775.3,2.3,0.6,-0.3,-4.1,0.8,-0.3,104.26000213623047
2011-08,5.9,2.5,50.4,51.6,-16.5,-0.7,2.6,-2.7,10.0,0.75,-40.0,1.5,-0.7,4.6,0.2,2.9,-0.3,0.2,0.1,-0.2,-0.2,3.0,15.0,-160.2,526.9,131.5,70.0,1.8,5.2,1.8,-2.1,-0.5,2.9,110.69000244140625
2011-07,6.2,2.5,50.4,51.4,-11.4,-2.3,4.4,-0.8,9.9,0.6666666666666666,-7.0,1.5,1.0,4.5,0.1,2.6,-0.8,-0.4,-0.2,0.1,0.0,2.9,17.0,-196.5,590.7,772.7,68.6,1.4,12.8,0.8,-4.2,-2.5,2.4,111.44100189208984
2011-06,6.7,2.7,52.0,54.2,-9.7,0.8,5.3,-2.5,9.9,0.5833333333333334,-5.9,1.25,0.45000000000000007,4.7,-0.1,2.2,-0.9,0.3,0.6,-0.1,0.1,2.7,16.2,-450.0,405.6,-417.5,-855.8,-6.4,-1.1,2.5,-1.9,-1.9,4.1,116.87000274658203
2011-05,6.8,2.7,54.8,55.4,-9.9,-1.7,5.8,-2.2,9.9,0.5,13.6,1.25,-0.1,4.6,0.9,2.5,-0.7,0.3,0.6,-0.1,0.1,2.7,23.9,-469.6,1679.1,240.3,-463.7,0.7,-21.5,-5.9,-3.0,-7.5,-7.6,115.79000091552734
2011-04,6.6,2.8,57.7,56.9,-11.6,1.3,7.7,-2.7,9.9,0.4891304347826087,19.7,1.25,0.09999999999999998,4.6,0.6,2.0,-1.2,0.0,-0.1,-0.1,0.2,2.7,16.9,1.4,1641.0,723.3,196.5,-0.5,2.9,1.0,-8.5,0.5,0.8,121.0
2011-03,5.9,2.4,57.7,56.9,-10.6,0.4,6.3,-3.7,10.0,0.4782608695652174,31.0,1.0,0.3,4.9,0.2,1.7,-1.1,0.0,-0.3,-0.3,-0.3,2.4,5.6,556.0,461.9,-394.5,653.3,-0.3,3.6,-0.1,-0.2,-0.7,4.1,117.41000366210938
2011-02,5.3,2.3,57.3,57.2,-10.0,-0.4,8.8,-1.8,10.0,0.46739130434782605,29.5,1.0,0.1,4.9,0.5,1.6,-1.2,0.0,-0.2,-0.1,-0.4,2.3,5.5,268.8,1195.3,768.8,-471.4,-0.2,3.0,-0.8,-1.0,-1.7,-4.1,112.09600067138672
2011-01,4.5,2.4,57.1,55.2,-11.2,1.0,7.9,-2.8,10.0,0.4565217391304348,25.4,1.0,0.15000000000000002,5.1,0.4,1.2,-1.4,0.0,-0.4,-0.1,-0.2,2.3,7.0,579.9,926.2,259.7,725.9,-0.3,1.6,0.6,-3.3,0.1,2.1,111.41200256347656
2010-12,4.3,1.9,56.8,53.7,-11.0,0.9,7.1,3.5,10.05,0.44565217391304346,15.5,1.0,0.2,5.1,0.1,0.9,-1.3,0.1,-0.5,-0.2,-0.4,2.6,7.6,536.0,1436.2,912.9,162.8,-0.8,-2.3,0.3,-0.4,0.4,-1.9,108.38400268554688
2010-11,4.3,1.9,55.5,55.2,-9.4,1.4,5.5,2.0,10.1,0.43478260869565216,13.8,1.0,0.5,5.0,0.2,0.8,-1.5,0.2,-0.6,0.2,-0.5,2.7,6.4,575.7,1959.8,927.0,821.9,-0.4,-1.1,-0.9,-0.4,-1.7,-2.8,110.37000274658203
2010-10,3.6,1.9,54.1,53.2,-11.0,1.5,8.5,-1.7,10.0,0.42391304347826086,1.8,1.0,0.0,5.1,0.0,-0.1,-1.3,-0.6,-1.1,0.3,-0.5,2.8,5.8,611.3,1709.9,195.9,791.1,1.0,-0.9,-0.2,0.0,-1.9,1.4,112.5250015258789
2010-09,4.0,1.6,53.6,55.9,-11.0,1.4,7.3,-0.2,10.0,0.41304347826086957,4.4,1.0,0.9,5.2,0.0,0.0,-1.4,-0.9,-1.0,-0.6,-1.0,2.8,5.6,590.0,1460.0,916.1,103.2,0.2,-0.3,1.6,1.7,-1.2,0.7,114.1500015258789
2010-08,3.0,1.6,55.0,55.8,-11.4,1.4,8.2,-1.4,10.0,0.40217391304347827,15.8,1.0,1.8,5.3,-0.1,-0.1,-1.4,-0.9,-1.1,-1.0,-1.1,2.7,5.4,610.4,1360.0,769.0,804.2,0.2,-2.1,-0.1,1.1,-2.6,0.4,107.06099700927734
2010-07,3.1,1.7,55.6,56.0,-14.0,0.9,9.8,-3.0,10.0,0.3913043478260869,10.7,1.0,0.95,5.2,-0.4,0.5,-1.2,-0.7,-1.0,-1.2,-1.3,2.9,3.6,514.5,904.8,391.0,687.0,1.8,0.8,-0.9,0.8,-4.0,-2.0,112.66000366210938
2010-06,2.8,1.4,55.6,55.4,-17.3,-0.3,9.1,1.4,10.0,0.3804347826086957,18.8,1.0,0.1,5.1,0.1,0.4,-0.9,-0.9,-1.25,-0.9,-1.3,3.1,3.7,320.2,1379.6,859.1,487.0,-0.8,0.0,2.1,0.5,-3.6,0.5,108.12000274658203
2010-05,0.9,1.6,55.9,56.0,-18.0,1.8,7.7,0.0,10.0,0.3695652173913043,37.6,1.0,1.6,5.0,0.5,-0.1,-1.2,-1.2,-1.5,-1.4,-1.5,2.9,2.9,729.1,1773.0,1074.7,740.5,-2.3,0.6,-3.0,-0.7,-5.0,0.8,112.05000305175781
2010-04,-0.4,1.4,57.5,55.5,-15.0,0.4,4.2,3.4,10.0,0.358695652173913,46.0,1.0,1.4000000000000001,4.9,0.2,-1.3,-1.3,-1.1,-1.2,-1.5,-1.9,2.7,2.1,666.2,1119.0,778.0,948.9,3.8,0.0,-0.2,4.4,-4.0,0.9,124.75
2010-03,-1.0,1.5,56.3,51.8,-17.3,-0.6,1.9,1.9,10.0,0.34782608695652173,37.9,1.0,1.2,4.9,0.1,-1.5,-1.2,-1.1,-1.2,-1.7,-1.8,2.9,2.2,471.8,1712.8,197.2,651.0,-0.3,3.9,2.9,1.7,-5.7,2.0,126.33999633789062
2010-02,-2.9,1.0,52.4,52.0,-17.4,-0.1,-3.7,5.2,9.95,0.33695652173913043,40.2,1.0,1.0,4.9,0.1,-2.1,-1.2,-1.2,-1.3,-1.8,-1.8,2.9,4.9,728.4,1100.5,631.2,85.2,0.2,1.4,-0.9,1.9,-4.6,-1.2,121.20999908447266
2010-01,-4.4,1.0,51.6,52.3,-15.8,-2.4,-6.9,4.0,9.9,0.32608695652173914,46.4,1.0,-0.8999999999999999,5.2,0.1,-3.9,-1.5,-2.0,-1.3,-1.9500000000000002,-2.0,3.1,5.2,655.9,1304.8,490.6,545.3,1.1,3.2,-0.1,2.1,-7.1499999999999995,0.0,125.19999694824219
2009-12,-6.6,0.5,51.6,53.7,-16.55,-1.3,-11.1,4.7,9.9,0.31521739130434784,48.0,1.0,-2.8,5.1,0.1,-5.0,-2.0,-1.9,-1.7,-2.1,-1.9,3.3,3.8,492.4,1321.4,949.0,371.3,-0.6,0.2,0.4,2.2,-9.7,-0.9,133.14999389648438
2009-11,-7.7,-0.1,51.0,53.2,-17.3,-3.1,-12.8,4.3,9.850000000000001,0.30434782608695654,51.8,1.0,-1.9,5.3,-0.7,-6.7,-2.2,-2.5,-1.9,-2.2,-1.9,3.4,4.4,419.1,1338.0,599.2,805.4,0.9,1.6,-0.6,1.6,-7.6499999999999995,0.9,129.6999969482422
2009-10,-7.5,-0.1,50.7,52.3,-17.7,-2.3,-15.1,2.2,9.8,0.2934782608695652,56.9,1.0,-2.5,5.5,-0.35,-7.35,-3.2,-2.2,-2.3,-2.4,-2.2,3.0,4.5,58.6,1233.6,303.7,525.3,0.5,2.3,0.3,1.0,-5.6,1.0,133.05999755859375
2009-09,-8.5,-0.3,49.0,49.9,-19.1,-1.7,-15.9,6.0,9.6,0.2826086956521739,59.6,1.0,-3.1,5.7,0.0,-8.0,-3.5,-2.2,-2.4,-2.1,-2.1,2.8,6.1,173.5,1159.0,437.3,183.3,0.2,3.9,0.6,-0.5,-6.15,0.35000000000000003,131.72000122070312
2009-08,-6.6,-0.2,46.3,49.5,-22.1,-2.3,-16.8,2.3,9.55,0.2717391304347826,54.9,1.0,-5.6,5.4,0.4,-8.5,-3.4,-2.2,-2.2,-1.7,-1.9,2.7,6.1,222.1,1798.8,602.2,377.9,0.7,2.3,0.2,-2.0,-6.7,-0.3,133.22999572753906
2009-07,-6.0,-0.6,46.0,45.6,-23.1,-3.6,-17.8,1.1,9.5,0.2608695652173913,39.5,1.0,-4.15,5.2,-0.4,-6.6,-3.2,-1.8,-1.7,-1.8,-1.7,2.7,6.1,374.1,1015.8,387.3,507.5,2.6,8.0,-0.3,0.2,-6.5,0.1,134.94000244140625
2009-06,-4.8,-0.1,42.4,44.5,-25.2,-2.5,-21.3,0.7,9.3,0.25,42.7,1.0,-2.7,5.0,-0.5,-5.5,-3.0,-1.1,-1.1,-1.5,-1.3,2.7,7.9,309.5,966.3,184.3,298.2,-1.8,10.2,2.2,0.3,-6.7,0.6,135.2100067138672
2009-05,-3.3,0.6,40.5,44.7,-28.3,-3.1,-19.2,-1.8,9.25,0.25,28.5,1.0,-3.9,4.8,-0.6,-4.0,-2.4,-0.1,-0.1,-0.8,-0.7,2.7,8.2,81.7,902.3,132.9,69.0,-2.3,0.8,-2.8,-1.3,-8.1,-1.1,134.57000732421875
2009-04,-1.4,0.6,36.7,40.9,-30.6,-5.1,-17.4,-2.9,9.2,0.5,11.8,1.25,-3.3,4.4,-0.3,-2.5,-2.1,-0.3,-0.1,-0.2,0.0,2.2,6.9,-97.1,685.0,202.1,10.3,-1.7,-11.9,-0.8,-0.4,-8.1,-0.2,130.60000610351562
2009-03,-0.9,0.6,33.5,40.1,-34.2,-2.5,-16.8,-5.4,8.899999999999999,0.75,-6.5,1.5,-2.7,4.1,-0.5,-1.6,-2.6,-0.1,0.0,0.2,0.4,2.1,6.4,71.1,258.0,-844.4,82.1,-2.6,-12.9,0.4,-3.5,-1.1,-0.1,131.11399841308594
2009-02,1.1,1.1,33.6,38.9,-32.9,-1.8,-12.5,-1.7,8.6,1.0,-8.7,2.0,-0.8,4.4,-0.8,-0.3,-2.4,0.0,0.0,0.5,0.6,2.0,3.9,-400.0,407.5,-197.9,-956.9,-2.3,-11.8,-1.6,-5.9,-6.3,-1.9,123.66999816894531
2009-01,2.9,1.1,34.5,42.5,-30.6,-1.6,-9.1,-4.0,8.0,2.0,-30.8,2.0,-0.75,3.9,-1.1,1.1,-2.5,0.4,0.0,0.5,0.5,1.8,1.8,-214.2,557.0,-93.4,-322.3,-0.5,-9.4,-1.1,-4.6,-3.2,-0.1,115.54000091552734
2008-12,6.1,2.1,34.5,42.0,-28.5,-1.9,-5.8,-1.3,7.85,2.75,-46.1,2.5,-0.7,3.7,-1.9,2.8,-2.0,1.0,1.0,0.8,0.8,1.7,1.9,-367.6,1113.2,145.0,-225.2,-0.1,-3.9,0.4,-0.5,-4.3,-0.6,126.72000122070312
2008-11,7.9,2.1,36.2,45.8,-26.4,-1.4,-2.7,-4.4,7.7,2.875,-48.5,3.25,0.1,4.0,-1.6,4.8,-1.4,1.7,1.9,1.1,1.1,1.8,1.4,-247.9,970.5,247.1,-67.7,-1.8,1.6,-0.6,-3.8,-3.3,-0.5,120.80000305175781
2008-10,8.5,3.2,41.3,46.9,-24.3,-1.8,-0.7,-5.7,7.6,3.0,-50.900000000000006,4.25,-0.3,4.2,-0.4,6.8,0.1,2.1,2.3,1.2,1.5,2.2,0.9,33.0,903.2,-236.0,95.1,0.8,-3.5,-1.4,-2.3,-2.2,0.7,125.01000213623047
2008-09,9.0,3.6,47.6,48.2,-19.0,-1.8,-1.7,-6.7,7.5,3.125,-53.300000000000004,4.25,0.3,4.0,-0.1,7.2,1.4,2.1,2.4,1.4,1.7,2.4,-0.2,-113.3,1555.9,232.2,-324.0,-0.9,1.4,1.2,-4.0,-0.7,0.0,149.52200317382812
2008-08,8.0,4.0,47.4,48.2,-19.0,-3.2,-0.8,-3.0,7.4,3.25,-55.7,4.25,0.25,4.1,2.0,7.1,1.3,2.3,2.4,1.3,1.5,2.1,-0.7,172.4,1290.7,252.1,91.1,0.4,-1.7,-0.8,-0.5,-3.9,0.0,159.27999877929688
2008-07,7.1,4.1,47.5,48.3,-20.0,0.2,-0.4,-1.5,7.3,3.230769230769231,-63.7,4.25,0.2,4.0,0.8,5.6,1.2,2.0,1.9,1.6,1.6,2.3,-0.5599999999999998,135.4,2000.6,529.4,138.6,0.8,2.2,-0.2,-1.8,-2.1,0.2,168.11000061035156
2008-06,6.1,3.7,49.1,49.5,-17.0,-3.0,4.0,1.4,7.25,3.2115384615384617,-53.650000000000006,4.0,0.6,4.0,1.1,4.7,0.6,1.3,1.5,1.5,1.3,2.0,-0.41999999999999993,642.3,1510.7,634.7,365.6,0.5,105.9,1.8,-3.2,-2.2,-0.1,167.1199951171875
2008-05,5.7,3.6,50.5,52.0,-15.0,-1.6,1.6,-1.1,7.2,3.1923076923076925,-43.6,4.0,1.5,3.8,0.6,3.7,0.5,0.8,0.9,0.9,0.9,1.9,-0.2799999999999999,609.2,2096.6,1250.7,485.0,-1.4,102.6,0.3,-2.7,0.2,0.5,164.02999877929688
2008-04,5.3,3.3,50.8,51.6,-12.0,1.0,3.1,1.6,7.1,3.173076923076923,-44.8,4.0,1.5,3.9,0.5,3.9,0.4,1.2,1.2,0.6,0.7,2.2,-0.1399999999999999,770.0,1461.1,1035.3,1118.6,0.0,106.3,-1.7,-1.6,1.3,-1.0,162.3489990234375
2008-03,5.0,3.5,52.3,51.7,-12.0,0.2,3.3,-1.0,7.1,3.1538461538461537,-35.0,4.0,1.0,3.8,0.4,3.4,0.7,1.0,1.0,0.6,0.6,2.3,0.0,610.0,2074.7,85.8,970.0,-0.2,107.4,0.4,0.0,-1.9,0.8,157.3300018310547
2008-02,4.3,3.2,52.3,51.0,-12.0,-1.8,1.7,-1.8,7.1,3.1346153846153846,-41.4,4.0,-0.34999999999999987,3.8,0.2,3.0,0.8,0.7,0.8,0.4,0.4,2.2,0.14,861.9,1832.6,1013.0,-794.3,-0.5,110.2,-0.6,3.6,-1.5,-0.8,157.6199951171875
2008-01,4.2,3.2,52.6,52.0,-9.0,-1.2,3.1,2.0,7.2,3.1153846153846154,-41.7,4.0,-1.7,3.8,0.4,2.6,1.4,0.7,0.8,0.2,0.4,2.1,0.28,640.0,2164.0,932.7,877.0,1.2,108.4,0.1,2.2,0.4,0.3,157.92999267578125
2007-12,3.3,3.1,52.5,53.2,-8.5,0.4,4.1,3.0,7.2,3.0961538461538463,-35.7,4.0,-0.2,4.0,0.2,2.3,1.4,0.6,0.4,0.4,0.3,2.0,0.42,830.0,2229.0,1132.9166666666665,791.0,-1.6,110.2,1.1,-0.6,-1.8,0.3,163.00999450683594
2007-11,2.7,2.6,52.6,55.8,-8.0,1.6,3.3,3.6,7.25,3.076923076923077,-30.0,4.0,-0.35,4.0,0.05000000000000002,2.4,1.4,0.3,0.1,0.3,0.1,2.0,0.5599999999999999,1072.6,2242.0,1333.1333333333332,1018.6,1.0,108.6,-1.6,0.6,-2.0,-1.5,163.1300048828125
2007-10,1.8,2.1,51.5,55.6,-6.0,0.8,4.5,4.5,7.3,3.0576923076923075,-19.0,4.0,-0.5,3.8,-0.1,1.7,1.4,-0.2,-0.1,0.1,0.0,1.7,0.7,1034.3,2081.0,1533.35,1635.9,-0.4,109.7,1.3,3.2,-2.9,3.9,166.97000122070312
2007-09,1.8,1.7,54.3,54.0,-6.0,1.3,3.9,0.8,7.35,3.0384615384615383,-20.3,4.0,-0.5,3.6,0.0,1.9,1.4,-0.2,-0.1,-0.2,-0.1,1.58,0.7,1144.9,1856.0,1733.5666666666666,743.2,0.2,109.02,-0.5,1.6,-3.8,-2.5,163.83999633789062
2007-08,2.3,1.8,54.2,57.9,-4.0,1.0,2.4,4.4,7.4,3.019230769230769,-20.3,4.0,-0.5,3.7,0.6,2.1,1.4,-0.1,-0.1,-0.3,0.0,1.46,0.7,878.3,2004.0,1933.7833333333333,822.6,-0.3,108.34,0.1,-0.1,0.9,-0.8,157.97999572753906
2007-07,2.4,1.8,54.8,58.1,-2.0,0.1,2.5,3.9,7.5,3.0,-20.3,4.0,-0.5,3.8,0.1,2.3,1.4,-0.2,-0.1,-0.1,-0.1,1.34,0.7,823.8,2152.0,2134.0,1227.0,1.2,107.66,-0.1,0.1,-0.8,-0.9666666666666668,161.9199981689453
2007-06,2.4,1.85,55.4,58.3,-2.0,1.5,2.8,2.3,7.5,3.0,-20.3,4.0,-0.5,3.8,0.5,2.2,1.4,0.0,-0.1,-0.2,-0.1,1.22,0.7,823.8,2300.0,2134.0,799.7,-1.4,106.98,1.7,0.1,-1.8,-1.1333333333333333,166.69000244140625
2007-05,2.55,1.9,55.0,58.3,-1.0,2.6,4.0,7.6,7.6,3.0,-20.3,3.75,-0.5,3.8,0.65,2.2,1.4,-0.1,-0.1,0.0,-0.1,1.1,0.7,823.8,2400.0,2134.0,922.8,-1.4,106.3,0.3999999999999999,0.1,-1.8,-1.1333333333333333,163.8000030517578
