Date,average-weekly-earnings-regular-pay united-kingdom,average-weekly-earnings-total-pay united-kingdom,claimant-count-change united-kingdom,unemployment-rate united-kingdom,cpi-yy united-kingdom,core-cpi-mm united-kingdom,core-cpi-yy united-kingdom,ppi-input-mm united-kingdom,ppi-input-yy united-kingdom,ppi-output-mm united-kingdom,ppi-output-yy united-kingdom,rpi-mm united-kingdom,rpi-yy united-kingdom,boe-interest-rate-decision united-kingdom,trade-balance united-kingdom,trade-balance-non-eu united-kingdom,public-sector-net-borrowing united-kingdom,industrial-production-mm united-kingdom,industrial-production-yy united-kingdom,manufacturing-production-mm united-kingdom,manufacturing-production-yy united-kingdom,markit-construction-pmi united-kingdom,brc-retail-sales-monitor-yy united-kingdom,index-of-services united-kingdom,retail-sales-mm united-kingdom,retail-sales-yy united-kingdom,rics-house-price-balance united-kingdom,producer-price-index-yy united-states,consumer-price-index-yy united-states,ism-manufacturing-pmi united-states,ism-non-manufacturing-pmi united-states,consumer-confidence-index united-states,retail-sales-yy united-states,retail-sales-ex-autos-mm united-states,durable-goods-orders united-states,nonfarm-payrolls united-states,industrial-production-mm united-states,trade-balance united-states,housing-starts united-states,new-home-sales united-states,building-permits united-states,existing-home-sales united-states,unemployment-rate united-states,adp-nonfarm-employment-change united-states,ny-empire-state-manufacturing-index united-states,chicago-pmi united-states,capacity-utilization united-states,factory-orders united-states,durable-goods-orders-ex-transportation united-states,business-inventories-mm united-states,pce-price-index-mm united-states,core-pce-price-index-yy united-states,core-pce-price-index-mm united-states,average-hourly-earnings-mm united-states,fed-interest-rate-decision united-states,GBPUSD
2022-08,4.7,5.1,-10.6,3.8,10.1,0.3,6.2,0.1,22.6,1.6,17.1,0.9,12.3,1.75,-22.847,-12.29,4.18,-0.9,2.4,-1.6,1.3,48.9,1.6,-0.4,0.3,-3.4,63.0,9.8,8.5,52.8,56.7,95.7,10.3,0.4,0.0,528.0,0.6,-79.614,1.446,0.511,1.674,4.81,3.5,128.0,-31.3,52.1,80.3,2.0,0.3,1.4,-0.1,4.6,0.1,0.5,2.5,1.17311692237854
2022-07,4.3,6.2,-20.1,3.8,9.4,0.4,5.8,1.8,24.0,1.4,16.5,0.9,11.8,1.5,-21.445,-10.367,22.115,0.9,1.4,1.4,2.3,52.6,-1.3,0.1,-0.1,-5.8,65.0,11.3,9.1,53.0,55.3,98.7,8.5,1.0,1.9,372.0,-0.2,-85.546,1.559,0.59,1.685,5.12,3.6,128.0,11.1,56.0,80.0,1.6,0.3,1.4,1.0,4.8,0.6,0.3,2.5,1.2180001735687256
2022-06,4.2,6.8,-19.7,3.8,9.1,0.5,5.9,2.1,22.1,1.6,15.7,0.7,11.7,1.25,-20.893,-10.988,13.226,-0.6,0.7,-1.0,0.5,56.4,-1.5,0.0,-0.5,-4.7,73.0,10.8,8.6,56.1,55.9,106.4,8.1,0.5,0.7,390.0,0.2,-87.077,1.549,0.696,1.695,5.41,3.6,247.0,-1.2,60.3,79.0,0.3,0.7,1.2,0.6,4.7,0.3,0.3,1.75,1.2131799459457397
2022-05,4.2,7.0,-56.9,3.7,9.0,0.7,6.2,1.1,18.6,2.3,14.0,3.4,11.1,1.0,-23.897,-13.804,17.796,-0.2,0.7,-0.2,1.9,58.2,-1.7,0.4,1.4,-4.9,80.0,11.0,8.3,55.4,57.1,107.3,8.2,0.6,0.4,428.0,1.1,-109.802,1.724,0.591,1.819,5.61,3.6,351.0,-11.6,56.4,79.0,2.2,0.3,2.0,0.2,4.9,0.3,0.3,1.0,1.2647020816802979
2022-04,4.0,5.4,-46.9,3.8,7.0,0.9,5.7,5.2,19.2,2.0,11.9,1.0,9.0,0.875,-20.594,-12.138,17.319,-0.6,1.6,-0.4,3.6,59.1,-0.4,0.8,-1.4,0.9,74.0,11.2,8.5,57.1,58.3,107.2,6.9,1.1,0.8,431.0,0.9,-89.185,1.793,0.763,1.873,5.77,3.6,455.0,24.6,62.9,78.3,-0.5,1.1,1.5,0.9,5.2,0.3,0.4,0.75,1.25749933719635
2022-03,3.8,4.8,-48.1,3.9,6.2,0.8,5.2,1.4,14.7,0.8,10.1,0.8,8.2,0.75,-26.499,-13.65,12.348,0.7,2.3,0.8,3.6,59.1,2.7,1.0,-0.3,7.0,79.0,10.0,7.9,58.6,56.5,110.5,17.6,0.2,-2.2,678.0,0.5,-89.692,1.769,0.772,1.859,6.02,3.8,-301.0,-11.8,56.3,77.6,1.4,-0.6,1.1,0.6,5.4,0.4,0.0,0.5,1.3138878345489502
2022-02,3.7,4.3,-31.9,4.1,5.5,-0.4,4.4,0.9,13.6,1.2,9.9,0.0,7.8,0.5,-12.354,-7.876,-3.65,0.3,0.4,0.2,1.3,56.3,8.1,1.2,1.9,9.1,74.0,9.7,7.5,57.6,59.9,113.8,13.0,3.3,1.6,467.0,1.4,-80.731,1.638,0.801,1.899,6.5,4.0,807.0,3.1,65.2,77.6,-0.4,0.7,2.1,0.6,5.2,0.5,0.7,0.375,1.337327480316162
2022-01,3.8,4.2,-43.3,4.1,5.4,0.5,4.2,-0.2,13.5,0.3,9.3,1.1,7.5,0.375,-11.337,-5.665,16.084,1.0,0.1,1.1,0.4,54.3,0.6,1.3,-3.7,-0.9,69.0,9.7,7.0,58.7,62.0,115.8,17.0,-2.3,-0.9,199.0,-0.1,-80.172,1.702,0.811,1.873,6.18,3.9,534.0,-0.7,63.1,76.5,1.6,0.4,1.3,0.4,4.9,0.5,0.6,0.25,1.3403388261795044
2021-12,4.3,4.9,-49.7,4.2,5.1,0.5,4.0,1.0,14.3,0.9,9.1,0.7,7.1,0.25,-13.934,-8.618,16.62,-0.6,1.4,0.0,1.3,55.5,1.8,1.1,1.4,4.7,71.0,9.6,6.8,61.1,69.1,109.5,18.2,0.3,2.5,210.0,0.5,-67.116,1.679,0.744,1.712,6.46,4.2,571.0,31.9,61.8,76.8,1.0,0.8,1.2,0.6,4.7,0.5,0.3,0.25,1.349837303161621
2021-11,4.9,5.8,-14.9,4.3,4.2,0.7,3.4,1.4,13.0,1.1,8.0,1.1,6.0,0.1,-14.736,-9.103,18.035,-0.4,2.9,-0.1,2.8,54.6,-0.2,1.6,0.8,-1.3,70.0,8.6,6.2,60.8,66.7,113.8,16.0,1.7,-0.5,531.0,1.6,-80.934,1.52,0.745,1.65,6.34,4.6,568.0,30.9,68.4,76.4,0.2,0.5,0.7,0.6,4.1,0.4,0.4,0.25,1.3315047025680542
2021-10,6.0,7.2,-51.1,4.5,3.1,0.4,2.9,0.4,11.4,0.5,6.7,0.4,4.9,0.1,-14.927,-8.395,21.014,0.8,3.7,0.5,4.1,52.6,-0.6,3.7,-0.2,-1.3,68.0,8.6,5.4,61.1,61.9,109.3,13.8,0.8,-0.4,194.0,-1.3,-73.252,1.555,0.8,1.589,6.29,4.8,374.0,19.8,64.7,75.2,1.2,0.4,0.6,0.4,3.6,0.3,0.6,0.25,1.3690004348754883
2021-09,6.8,8.3,-58.6,4.6,3.2,0.7,3.1,0.4,11.0,0.7,5.9,0.6,4.8,0.1,-12.706,-6.99,19.78,1.2,3.8,0.0,6.0,55.2,1.5,4.5,-0.9,0.0,10.0,8.3,5.3,59.9,61.7,113.8,14.9,1.8,1.8,235.0,0.4,-70.051,1.615,0.74,1.728,5.88,5.2,330.0,34.3,66.8,76.4,0.4,0.2,0.5,0.4,3.6,0.3,0.6,0.25,1.3426424264907837
2021-08,7.4,8.8,-7.8,4.7,2.0,0.0,1.8,0.8,9.9,0.6,4.9,0.5,3.8,0.1,-11.988,-7.095,9.619,-0.7,8.3,0.2,13.9,58.7,4.7,5.7,-2.5,2.4,79.0,7.8,5.4,59.5,64.1,129.1,15.8,-0.4,-0.1,943.0,0.9,-75.749,1.534,0.708,1.635,5.99,5.4,654.0,18.3,73.4,76.1,1.5,0.7,0.8,0.4,3.6,0.3,0.4,0.25,1.376045823097229
2021-07,6.6,7.3,-114.7,4.8,2.5,0.5,2.3,-0.1,9.1,0.4,4.3,0.7,3.9,0.1,-8.481,-4.196,22.02,0.8,20.6,-0.1,27.7,66.3,6.7,3.9,0.5,9.7,83.0,7.3,5.4,60.6,60.1,127.3,18.0,1.3,0.8,850.0,0.4,-71.24,1.643,0.676,1.598,5.86,5.9,978.0,43.0,66.1,75.4,1.7,0.3,0.5,0.5,3.5,0.4,0.3,0.25,1.3904008865356445
2021-06,5.6,5.6,-92.6,4.7,2.1,0.8,2.0,1.1,10.7,0.5,4.6,0.3,3.3,0.1,-10.958,-5.549,23.605,-1.3,27.5,-0.3,39.7,64.2,18.5,1.4,-1.4,24.6,83.0,6.6,5.0,61.2,64.0,117.2,28.1,-0.7,2.3,559.0,0.8,-68.899,1.572,0.769,1.681,5.8,5.8,742.0,17.4,75.2,75.2,-0.6,0.3,-0.2,0.4,3.4,0.5,0.5,0.25,1.3842746019363403
2021-05,4.6,4.0,-15.1,4.8,1.5,0.3,1.3,1.2,9.9,0.4,3.9,1.4,2.9,0.1,-11.71,-6.548,30.962,1.8,3.6,2.1,4.8,61.6,39.6,-2.0,9.2,42.4,75.0,6.2,4.2,60.7,62.7,121.7,51.2,-0.8,-1.3,266.0,0.7,-74.448,1.569,0.863,1.76,5.85,6.1,629.5,24.3,72.1,74.9,1.1,1.0,0.3,0.6,3.1,0.7,0.7,0.25,1.4180374145507812
2021-04,4.4,4.5,10.2,4.9,0.7,0.4,1.1,1.3,5.9,0.5,1.9,0.3,1.5,0.1,-16.442,-10.728,27.271,1.0,-3.5,1.3,-4.2,61.7,20.3,-1.9,5.4,7.2,59.0,4.2,2.6,64.7,63.7,109.7,27.7,8.4,0.5,916.0,1.4,-71.078,1.739,1.021,1.766,6.01,6.0,517.0,26.3,66.3,74.4,-0.8,1.6,0.5,0.5,1.8,0.4,-0.1,0.25,1.3952839374542236
2021-03,4.2,4.8,86.5,5.0,0.4,0.0,0.9,0.6,2.6,0.6,0.9,0.5,1.4,0.1,-9.826,-1.756,18.413,-1.5,-4.9,-2.3,-5.2,53.3,9.5,-2.4,2.1,-3.7,52.0,2.8,1.7,60.8,55.3,91.3,6.3,-2.7,-1.1,379.0,-2.2,-68.213,1.421,0.775,1.682,6.22,6.2,174.0,17.4,59.5,73.8,2.6,-0.9,0.3,0.2,1.4,0.1,0.2,0.25,1.3746649026870728
2021-02,4.1,4.7,-20.0,5.1,0.7,-0.5,1.4,0.7,1.3,0.4,-0.2,-0.3,1.4,0.1,-14.315,-5.2,8.016,0.2,-3.3,0.3,-2.5,49.2,7.1,0.6,-8.2,-5.9,50.0,1.7,1.4,58.7,58.7,89.3,7.4,5.9,3.4,49.0,0.9,-66.613,1.58,0.923,1.881,6.69,6.3,-123.0,12.1,63.8,75.6,1.1,1.4,0.6,0.3,1.5,0.3,0.2,0.25,1.3930001258850098
2021-01,3.6,3.6,7.0,5.0,0.6,0.3,1.4,0.8,0.2,0.3,-0.4,0.6,1.2,0.1,-16.012,-8.012,33.375,-0.1,-4.7,0.7,-3.8,54.6,4.8,3.7,0.3,2.9,65.0,0.8,1.4,60.7,57.2,88.6,2.9,-1.4,0.2,-140.0,1.6,-68.142,1.669,0.842,1.709,6.76,6.7,307.0,3.5,59.5,74.5,1.0,0.7,0.5,0.4,1.5,0.3,0.8,0.25,1.370600938796997
2020-12,2.8,2.7,64.3,4.9,0.3,-0.1,1.1,0.2,-0.5,0.2,-0.8,-0.3,0.9,0.1,-11.999,-4.544,30.837,1.3,-5.5,1.7,-7.1,54.7,7.7,9.7,-3.8,2.4,66.0,0.8,1.2,57.5,55.9,96.1,4.1,-0.9,0.9,245.0,0.4,-63.123,1.547,0.841,1.639,6.69,6.7,365.0,4.9,58.2,73.3,1.0,0.4,0.7,0.0,1.4,0.0,0.3,0.25,1.36306631565094
2020-11,1.9,1.3,-29.8,4.8,0.7,0.2,1.5,0.2,-1.3,0.0,-1.4,0.0,1.3,0.1,-9.348,-1.654,21.584,0.5,-6.3,0.2,-7.9,53.1,5.2,14.2,1.2,5.8,68.0,0.5,1.2,59.3,56.6,100.9,5.7,0.2,1.3,638.0,1.1,-63.862,1.53,0.999,1.545,6.85,6.9,557.0,6.3,61.1,72.8,1.1,1.3,0.7,0.0,1.4,0.0,0.1,0.25,1.333191156387329
2020-10,0.8,0.0,28.0,4.5,0.5,0.6,1.3,1.1,-3.7,-0.1,-0.9,0.3,1.1,0.1,-9.01,-2.308,35.367,0.3,-6.4,0.7,-8.4,56.8,6.1,7.1,1.5,4.7,61.0,0.4,1.4,55.4,57.8,101.8,5.4,1.5,1.9,661.0,-0.6,-67.102,1.415,0.959,1.553,6.54,7.9,749.0,10.5,62.4,71.5,0.7,0.8,0.3,0.3,1.6,0.3,0.1,0.25,1.29490065574646
2020-09,0.2,-1.0,73.7,4.1,0.2,-0.6,0.9,-0.4,-5.8,0.0,-0.9,-0.3,0.5,0.1,-8.635,-2.363,35.195,5.2,-7.8,6.3,-9.4,54.6,4.7,-8.1,0.8,2.8,44.0,-0.2,1.3,56.0,56.9,84.8,2.6,0.7,0.4,1371.0,0.4,-63.556,1.416,1.011,1.47,6.0,8.4,167.0,17.0,51.2,71.4,6.4,0.4,0.1,0.3,1.4500000000000002,0.3,0.4,0.25,1.2866535186767578
2020-08,-0.2,-1.2,94.4,3.9,1.0,0.4,1.8,1.8,-5.7,0.3,-0.9,0.5,1.6,0.1,-5.116,0.296,25.944,9.3,-12.5,11.0,-14.6,58.1,4.3,-19.9,3.6,1.4,12.0,-0.4,1.0,54.2,58.1,92.6,2.7,1.9,11.2,1763.0,3.0,-50.695,1.496,0.901,1.495,5.86,10.2,2369.0,3.7,51.9,70.6,6.2,2.4,-1.1,0.3,1.3,0.3,0.2,0.25,1.3356484174728394
2020-07,0.7,-0.3,-28.1,3.9,0.6,0.2,1.4,2.4,-6.4,0.3,-0.8,0.2,1.1,0.1,-2.805,0.649,34.801,6.0,-20.0,8.4,-22.8,55.3,10.9,-18.9,13.9,-1.6,-15.0,-0.8,0.6,52.6,57.1,98.1,1.1,7.3,7.3,4800.0,5.4,-54.601,1.186,0.776,1.241,4.72,11.1,-2760.0,17.2,36.6,68.6,8.0,3.3,-2.3,0.4,0.9,0.2,-1.2,0.25,1.311785101890564
2020-06,1.7,1.0,528.9,3.9,0.5,0.0,1.2,0.3,-10.0,-0.3,-1.4,-0.1,1.0,0.1,-7.49,-2.658,54.499,-20.3,-24.4,-24.3,-28.5,28.9,7.9,-9.9,12.0,-13.1,-32.0,-0.8,0.1,43.1,45.4,86.6,-6.1,12.4,15.8,2509.0,1.4,-49.408,0.974,0.676,1.22,3.91,13.3,-20236.0,-0.2,32.3,64.8,-13.0,4.0,-1.3,0.1,1.0,0.1,-1.0,0.25,1.2310571670532227
2020-05,2.7,2.4,856.5,3.9,0.8,0.1,1.4,-5.1,-9.8,-0.7,-0.7,0.0,1.5,0.1,-12.508,-4.88,61.357,-4.2,-8.2,-4.6,-9.7,8.2,5.7,-1.9,-18.1,-22.6,-21.0,-1.2,0.3,41.5,41.8,86.9,-21.6,-17.2,-17.2,-20500.0,-11.2,-44.415,0.891,0.623,1.074,4.33,14.7,-27.0,-48.5,35.4,64.9,-10.3,-7.4,-0.2,-0.5,1.0,-0.4,4.7,0.25,1.2344993352890015
2020-04,2.9,2.8,12.2,4.0,1.5,0.1,1.6,-3.6,-2.9,-0.2,0.3,0.2,2.6,0.175,-11.487,-5.573,2.325,0.1,-2.8,0.5,-3.9,39.3,-3.5,0.2,-5.1,-5.8,11.0,0.7,1.5,49.1,52.5,120.0,-6.2,-4.5,-14.4,-701.0,-5.4,-39.932,1.216,0.627,1.353,5.27,4.4,183.0,-78.2,47.8,72.7,0.0,-0.2,-0.4,-0.3,1.7,-0.1,0.4,0.25,1.2471472024917603
2020-03,3.1,3.1,17.3,3.9,1.7,0.6,1.7,-1.2,-0.5,-0.3,0.4,0.5,2.5,0.25,-3.72,2.232,-0.394,-0.1,-2.9,0.2,-3.6,52.6,-0.4,0.0,-0.3,0.0,29.0,1.3,2.3,50.1,57.3,130.7,4.3,-0.4,1.2,273.0,0.6,-45.338,1.599,0.765,1.464,5.77,3.5,291.0,-21.5,49.0,77.0,-0.5,-0.6,-0.1,0.1,1.8,0.2,0.3,0.25,1.2371643781661987
2020-02,3.2,2.9,5.5,3.8,1.8,-0.6,1.6,0.9,2.1,0.3,1.1,-0.4,2.7,0.5,0.845,6.721,-10.538,0.1,-1.8,0.3,-2.5,48.4,0.0,0.1,0.9,0.8,17.0,2.1,2.5,50.9,55.5,131.6,4.4,0.3,-0.2,225.0,-0.3,-48.88,1.567,0.764,1.551,5.46,3.6,202.0,12.9,42.9,76.8,1.8,0.9,0.1,0.1,1.6,0.1,0.2,1.0,1.2818392515182495
2020-01,3.4,3.2,14.8,3.8,1.3,0.0,1.4,0.1,-0.1,0.0,0.9,0.3,2.2,0.75,-5.256,1.734,4.04,-1.2,-1.6,-1.7,-2.0,44.4,1.7,0.1,-0.6,0.9,-2.0,1.3,2.3,47.2,55.0,126.5,5.8,0.7,2.4,145.0,-0.3,-43.086,1.608,0.694,1.416,5.54,3.5,67.0,4.8,48.9,77.0,-0.7,-0.1,-0.2,0.3,1.6,0.2,0.1,1.75,1.3089004755020142
2019-12,3.5,3.2,28.8,3.8,1.5,0.2,1.7,-0.3,-2.7,-0.2,0.5,0.2,2.2,0.75,-14.486,-5.729,4.878,0.1,-1.3,0.2,-1.2,45.3,-4.9,0.2,-0.6,1.0,-12.0,1.1,2.1,48.1,53.9,125.5,3.3,0.1,-2.0,266.0,1.1,-47.199,1.365,0.719,1.482,5.35,3.5,96.0,3.5,46.3,77.3,0.3,0.0,0.2,0.2,1.6,0.1,0.2,1.75,1.3113033771514893
2019-11,3.6,3.6,33.0,3.8,1.5,0.1,1.7,-1.3,-5.1,-0.1,0.8,-0.2,2.1,0.75,-12.541,-4.032,10.509,-0.3,-1.4,-0.4,-1.8,44.2,0.1,0.4,-0.1,3.1,-5.0,1.1,1.8,48.3,54.7,125.9,3.1,0.2,0.6,128.0,-0.8,-52.45,1.314,0.733,1.461,5.46,3.6,125.0,2.9,43.2,76.7,-0.6,0.6,0.0,0.2,1.6,0.1,0.2,1.75,1.293000340461731
2019-10,3.8,3.8,21.1,3.9,1.7,0.2,1.7,-0.8,-2.8,-0.1,1.2,-0.2,2.4,0.75,-9.806,-2.206,8.734,-0.6,-1.8,-0.7,-1.7,43.3,-1.7,0.4,0.0,3.1,-2.0,1.4,1.7,47.8,52.6,125.1,4.1,-0.1,-1.1,136.0,-0.4,-54.896,1.256,0.701,1.387,5.38,3.5,195.0,4.0,47.1,77.5,-0.1,-0.3,0.0,0.0,1.7,0.0,0.0,1.75,1.290172815322876
2019-09,3.8,4.0,28.2,3.8,1.7,0.4,1.5,-0.1,-0.8,-0.1,1.6,0.8,2.6,0.75,-9.144,-1.932,5.766,0.1,-0.9,0.3,-0.6,45.0,-0.5,0.2,-0.2,2.7,-4.0,1.8,1.7,49.1,56.4,135.1,4.1,0.0,0.2,130.0,0.6,-53.989,1.364,0.713,1.419,5.49,3.7,148.5,2.0,50.4,77.9,1.4,0.5,0.4,0.0,1.8,0.1,0.4,2.0,1.2293167114257812
2019-08,3.9,3.7,27.9,3.9,2.1,0.1,1.9,0.9,1.3,0.3,1.8,0.0,2.8,0.75,-7.009,-0.186,-1.971,-0.1,-0.6,-0.2,-1.4,45.3,0.1,0.1,0.2,3.3,-9.0,1.7,1.8,51.2,53.7,135.7,3.4,1.0,2.1,164.0,-0.2,-55.154,1.191,0.635,1.336,5.42,3.7,102.0,4.8,44.4,77.5,0.6,-0.4,0.0,0.2,1.6,0.2,0.3,2.125,1.215894103050232
2019-07,3.6,3.4,38.0,3.8,2.0,0.0,1.8,-1.4,-0.3,-0.1,1.6,0.1,2.9,0.75,-11.524,-4.905,6.5,1.4,0.9,1.4,0.0,43.1,-1.6,0.3,1.0,3.8,-1.0,1.7,1.6,51.7,55.1,121.5,3.4,0.4,2.0,224.0,0.0,-55.52,1.253,0.646,1.22,5.27,3.7,27.0,4.3,49.7,77.9,-0.7,1.2,0.3,0.1,1.6,0.2,0.2,2.25,1.2161602973937988
2019-06,3.4,3.1,23.2,3.8,2.0,0.2,1.7,0.0,1.3,0.3,1.8,0.3,3.0,0.75,-12.113,-4.595,4.463,-2.7,-1.0,-3.9,-0.8,48.6,-3.0,0.2,-0.5,2.3,-10.0,1.8,1.8,52.1,56.9,134.1,3.2,0.5,-1.3,75.0,0.4,-50.791,1.269,0.626,1.294,5.34,3.6,275.0,-8.6,54.2,78.1,-0.8,0.3,0.5,0.2,1.6,0.2,0.2,2.5,1.269599437713623
2019-05,3.3,3.2,24.7,3.8,2.1,0.3,1.8,1.1,3.8,0.3,2.1,1.1,3.0,0.75,-13.65,-4.361,4.967,0.7,1.3,0.9,2.6,50.5,3.7,0.3,0.0,5.2,-23.0,2.2,2.0,52.8,55.5,129.2,3.1,0.1,-2.1,263.0,-0.5,-50.002,1.235,0.673,1.296,5.19,3.6,129.0,17.8,52.6,77.9,1.9,0.0,0.0,0.3,1.6,0.2,0.2,2.5,1.2609704732894897
2019-04,3.4,3.5,28.3,3.9,1.9,0.2,1.8,-0.2,3.7,0.3,2.4,0.0,2.4,0.75,-14.112,-5.841,0.84,0.6,0.1,0.9,0.6,49.7,-1.1,0.4,1.1,6.7,-24.0,2.2,1.9,55.3,56.1,124.1,3.6,1.2,2.7,196.0,-0.1,-49.382,1.139,0.692,1.269,5.21,3.8,183.0,10.1,58.7,78.8,-0.5,0.4,0.3,0.2,1.6,0.0,0.1,2.5,1.2932428121566772
2019-03,3.4,3.4,27.1,3.9,1.9,0.5,1.8,0.6,3.7,0.1,2.2,0.7,2.5,0.75,-13.084,-4.977,-0.664,0.6,-0.9,0.8,-1.1,49.5,-0.1,0.5,0.4,4.0,-28.0,1.9,1.5,54.2,59.7,131.4,2.3,0.9,0.4,20.0,0.1,-51.149,1.162,0.667,1.296,5.51,3.8,198.0,3.7,64.7,78.2,0.1,-0.1,0.6,-0.1,1.8,0.1,0.4,2.5,1.3044953346252441
2019-02,3.4,3.4,14.2,4.0,1.8,-0.8,1.9,-0.1,2.9,0.0,2.1,-0.9,2.5,0.75,-12.102,-3.642,-15.759,-0.5,-0.9,-0.7,-2.1,50.6,1.8,0.4,1.0,4.2,-22.0,2.0,1.6,56.6,56.7,120.2,2.3,-1.8,1.2,304.0,-0.6,-49.313,1.078,0.662,1.326,4.94,4.0,213.0,8.8,56.7,78.2,0.1,0.1,-0.1,-0.033333333333333326,1.8333333333333333,0.1,0.1,2.5,1.3318239450454712
2019-01,3.3,3.4,20.8,4.0,2.1,0.3,1.9,-1.0,3.7,-0.3,2.5,0.4,2.7,0.75,-12.023,-3.925,2.112,-0.4,-1.5,-0.3,-1.1,52.8,-0.7,0.3,-0.9,3.0,-19.0,2.5,1.9,54.1,57.6,128.1,3.25,-0.8,1.0,312.0,0.3,-52.4005,1.167,0.657,1.327,4.99,3.9,179.0,3.9,65.4,78.7,-1.0,-0.09999999999999998,0.25,0.03333333333333334,1.8666666666666667,0.1,0.4,2.5,1.3117163181304932
2018-12,3.3,3.3,21.9,4.1,2.3,0.3,1.8,-2.3,5.6,0.2,3.1,0.0,3.2,0.75,-11.873,-4.251,6.345,-0.6,-0.8,-0.9,-1.0,53.4,-0.5,0.3,1.4,3.6,-11.0,2.5,2.2,59.3,60.7,135.7,4.2,0.2,0.8,155.0,0.6,-55.488,1.256,0.6005,1.328,5.32,3.7,203.0,10.9,66.4,78.5,-2.1,-0.3,0.6,0.1,1.9,0.1,0.2,2.5,1.269357681274414
2018-11,3.2,3.0,20.2,4.1,2.4,0.0,1.9,0.8,10.0,0.3,3.3,0.1,3.3,0.75,-9.731,-2.343,7.956,0.0,0.0,0.2,0.5,53.2,0.1,0.4,-0.5,2.2,-10.0,2.9,2.5,57.7,60.3,137.9,4.6,0.7,-4.4,250.0,0.1,-54.019,1.228,0.544,1.263,5.22,3.7,227.0,23.3,58.4,78.4,0.7,0.1,0.3,0.2,1.8,0.1,0.2,2.25,1.2784454822540283
2018-10,3.1,2.7,18.6,4.0,2.4,0.0,1.9,1.3,10.3,0.4,3.1,0.0,3.3,0.75,-11.195,-4.219,3.259,0.2,1.3,-0.2,1.3,52.1,-0.2,0.5,-0.8,3.0,-2.0,2.6,2.3,59.8,61.6,138.4,4.7,-0.1,0.8,134.0,0.3,-53.237,1.201,0.553,1.241,5.15,3.7,163.0,21.1,60.4,78.1,2.3,0.1,0.5,0.1,2.0,0.2,0.3,2.25,1.2708903551101685
2018-09,2.9,2.6,8.7,4.0,2.7,0.8,2.1,0.5,8.7,0.2,2.9,0.9,3.5,0.75,-9.973,-2.8,5.889,0.1,0.9,-0.2,1.1,52.9,0.2,0.6,0.3,3.3,2.0,2.8,2.7,61.3,58.5,133.4,6.6,0.3,4.5,201.0,0.4,-50.082,1.282,0.629,1.229,5.34,3.9,219.0,19.0,63.6,78.1,-0.8,0.1,0.6,0.1,2.0,0.0,0.4,2.25,1.3031013011932373
2018-08,2.7,2.4,6.2,4.0,2.5,-0.1,1.9,0.5,10.9,0.0,3.1,0.1,3.2,0.75,-11.383,-2.94,-2.872,0.4,1.1,0.4,1.5,55.8,0.5,0.5,0.7,3.5,4.0,3.3,2.9,58.1,55.7,127.4,6.4,0.6,-1.7,157.0,0.1,-46.348,1.168,0.627,1.311,5.34,3.9,177.0,25.6,65.5,78.1,0.7,0.2,0.1,0.1,2.0,0.2,0.3,2.0,1.301100730895996
2018-07,2.7,2.5,7.8,4.2,2.4,-0.1,1.9,0.2,10.2,0.1,3.1,0.3,3.4,0.625,-12.362,-3.491,4.53,-0.4,0.8,0.4,1.1,53.1,1.1,0.4,-0.5,2.9,2.0,3.4,2.9,60.2,59.1,126.4,6.6,0.4,1.0,213.0,0.6,-43.053,1.173,0.631,1.273,5.38,4.0,190.5,22.6,64.1,78.0,0.4,0.4,0.4,0.1,1.9,0.1,0.2,2.0,1.3135426044464111
2018-06,2.8,2.5,-7.7,4.2,2.4,0.3,2.1,2.8,9.2,0.4,2.9,0.4,3.3,0.5,-14.035,-5.372,3.356,-0.8,1.8,-1.4,1.4,52.5,2.8,0.2,1.3,3.9,-3.0,3.1,2.8,58.7,58.6,128.0,5.9,0.9,-0.6,223.0,-0.1,-46.199,1.35,0.689,1.301,5.43,3.8,204.0,25.0,62.7,77.9,-0.8,-0.3,0.3,0.2,2.0,0.2,0.3,2.0,1.3210039138793945
2018-05,2.9,2.6,31.3,4.2,2.4,0.4,2.1,0.4,5.3,0.3,2.7,0.5,3.4,0.5,-12.287,-3.639,6.23,0.1,2.9,-0.1,2.9,52.5,-4.2,0.3,1.6,1.4,-8.0,2.6,2.5,57.3,56.8,128.7,4.7,0.3,-1.7,164.0,0.7,-48.956,1.287,0.662,1.352,5.46,3.9,241.0,20.1,57.6,78.0,1.6,0.9,0.0,0.2,1.8,0.2,0.1,1.75,1.328356385231018
2018-04,2.8,2.8,11.6,4.2,2.5,0.2,2.3,-0.1,4.2,0.2,2.4,0.1,3.3,0.5,-10.203,-2.237,-0.262,0.1,2.2,-0.2,2.5,47.0,1.4,0.4,-1.2,1.1,0.0,3.0,2.4,59.3,58.8,127.7,4.5,0.2,2.6,103.0,0.5,-57.591,1.319,0.694,1.354,5.6,4.1,235.0,15.8,57.4,78.0,1.2,0.0,0.6,0.0,1.9,0.2,0.3,1.75,1.37710702419281
2018-03,2.6,2.8,9.2,4.3,2.7,0.6,2.4,-1.1,3.4,0.0,2.6,0.8,3.6,0.5,-12.325,-3.868,-0.272,1.3,1.6,0.1,2.7,51.4,0.6,0.6,0.8,1.5,0.0,2.8,2.2,60.8,59.5,130.8,4.0,0.2,3.1,313.0,1.1,-56.601,1.236,0.618,1.298,5.54,4.1,234.5,22.5,61.9,78.1,-1.4,1.2,0.6,0.2,1.6,0.2,0.1,1.75,1.4016989469528198
2018-02,2.5,2.5,-7.1,4.4,3.0,-0.8,2.7,0.7,4.7,0.1,2.8,-0.8,4.0,0.5,-13.576,-5.178,-11.62,-1.3,0.0,0.3,1.4,50.2,0.6,0.6,0.1,1.6,8.0,2.7,2.1,59.1,59.9,125.4,3.6,0.0,-3.7,200.0,-0.1,-53.118,1.326,0.593,1.396,5.38,4.1,234.0,13.1,65.7,77.5,1.7,-0.3,0.4,0.15000000000000002,1.55,0.2,0.3,1.625,1.3906078338623047
2018-01,2.4,2.5,8.6,4.3,3.0,0.3,2.5,0.1,4.9,0.4,3.3,0.8,4.1,0.5,-12.231,-4.675,0.979,0.4,2.5,0.4,3.5,52.2,0.6,0.4,-1.5,1.4,8.0,2.6,2.1,59.7,55.9,122.1,5.4,0.4,2.9,148.0,0.9,-50.497,1.192,0.625,1.302,5.57,4.1,190.0,17.7,67.6,77.9,1.3,0.6,0.4,0.1,1.5,0.2,0.3,1.5,1.4155884981155396
2017-12,2.3,2.5,6.0,4.3,3.1,0.3,2.7,1.8,7.3,0.3,3.0,0.2,3.9,0.5,-10.781,-2.382,8.118,0.0,3.6,0.1,3.9,53.1,0.6,0.3,1.1,1.6,0.0,3.1,2.2,58.2,57.4,129.5,5.8,1.0,1.3,228.0,0.2,-48.731,1.297,0.733,1.298,5.81,4.1,235.0,18.0,63.9,77.1,-0.1,-0.1,-0.1,0.2,1.5,0.1,0.2,1.5,1.351607084274292
2017-11,2.2,2.2,1.1,4.3,3.0,0.0,2.7,1.0,4.6,0.2,2.8,0.1,4.0,0.5,-11.253,-2.982,7.464,0.7,2.5,0.7,2.7,50.8,-1.0,0.4,0.3,-0.3,1.0,2.8,2.0,58.7,60.1,125.9,4.6,0.1,-1.2,261.0,0.9,-43.495,1.29,0.685,1.297,5.48,4.1,135.0,19.4,66.2,77.0,1.4,0.4,0.0,0.1,1.4,0.2,0.0,1.25,1.3417235612869263
2017-10,2.1,2.2,1.7,4.3,3.0,0.2,2.7,0.4,8.4,0.2,3.3,0.1,3.9,0.375,-14.245,-5.835,5.326,0.2,1.6,0.4,2.8,48.1,1.9,0.4,-0.8,1.2,6.0,2.6,2.2,60.8,59.8,119.8,4.4,1.0,2.2,-33.0,0.3,-42.395,1.127,0.667,1.215,5.39,4.2,156.5,30.2,65.2,76.0,1.2,0.7,0.7,0.4,1.3,0.1,0.5,1.25,1.3212482929229736
2017-09,2.1,2.1,-2.8,4.3,2.9,0.6,2.7,1.6,7.6,0.4,3.4,0.7,3.9,0.25,-11.576,-3.842,5.093,0.2,0.4,0.5,1.9,51.1,1.3,0.5,1.0,2.4,6.0,2.4,1.9,58.8,55.3,122.9,3.2,0.2,1.7,156.0,-0.9,-43.689,1.18,0.56,1.3,5.35,4.4,178.0,24.4,58.9,76.1,-3.3,0.2,0.2,0.2,1.3,0.1,0.1,1.25,1.339674472808838
2017-08,2.1,2.1,-4.2,4.4,2.6,-0.1,2.4,0.0,6.5,0.1,3.2,0.2,3.6,0.25,-12.722,-4.471,-0.76,0.5,0.3,0.0,0.6,51.9,0.9,0.5,0.3,1.3,1.0,1.9,1.7,56.3,53.9,121.1,4.2,0.5,-6.8,209.0,0.2,-43.642,1.155,0.571,1.223,5.44,4.3,158.0,25.2,58.9,76.7,3.0,0.5,0.5,0.1,1.4,0.1,0.3,1.25,1.2920564413070679
2017-07,2.0,1.8,6.0,4.5,2.6,0.0,2.4,-0.4,9.9,0.0,3.3,0.2,3.5,0.25,-11.863,-3.796,6.278,-0.1,-0.2,-0.2,0.4,54.8,1.2,0.4,0.6,2.9,7.0,2.0,1.6,57.8,57.4,118.9,2.8,-0.2,6.5,222.0,0.4,-46.507,1.215,0.61,1.254,5.52,4.4,253.0,9.8,65.7,76.6,-0.8,0.2,0.3,0.0,1.4,0.1,0.2,1.25,1.3144922256469727
2017-06,1.7,2.1,7.3,4.6,2.9,0.3,2.6,-1.3,11.6,0.1,3.6,0.4,3.7,0.25,-10.38,-2.07,5.993,0.2,-0.8,0.2,0.0,56.0,-0.4,0.2,-1.2,0.9,17.0,2.4,1.9,54.9,56.9,117.9,3.8,-0.3,-1.1,138.0,0.0,-47.617,1.092,0.61,1.168,5.62,4.3,177.0,19.8,59.4,76.6,-0.2,0.1,-0.2,-0.1,1.4,0.1,0.2,1.25,1.3011176586151123
2017-05,2.1,2.4,19.4,4.6,2.7,0.5,2.4,0.1,16.6,0.4,3.6,0.5,3.5,0.25,-13.441,-4.674,9.648,-0.5,1.4,-0.6,2.3,53.1,5.6,0.2,2.3,4.0,22.0,2.5,2.2,54.8,57.5,120.3,4.5,0.3,-0.7,211.0,1.0,-43.706,1.172,0.569,1.229,5.57,4.4,263.0,-1.0,58.3,76.7,0.2,-0.4,0.2,0.2,1.5,0.2,0.3,1.0,1.2809016704559326
2017-04,2.2,2.3,25.5,4.7,2.3,0.4,1.8,0.4,17.9,0.4,3.6,0.3,3.1,0.25,-12.46,-3.75,4.365,-0.7,2.8,-0.1,3.3,52.2,-1.0,0.5,-1.8,1.7,22.0,2.3,2.4,57.2,55.2,125.6,5.2,0.0,0.7,98.0,0.5,-43.557,1.215,0.621,1.26,5.71,4.5,298.0,5.2,57.7,76.1,1.0,-0.2,0.3,0.15000000000000002,1.65,0.2,0.2,1.0,1.2931592464447021
2017-03,2.3,2.2,-11.3,4.7,2.3,0.8,2.0,-0.4,19.1,0.2,3.7,1.1,3.2,0.25,-10.833,-2.447,1.1,-0.4,3.2,-0.9,2.7,52.5,-0.4,0.6,1.4,3.7,24.0,2.2,2.7,57.7,57.6,114.8,5.7,0.2,1.7,235.0,0.0,-48.5,1.288,0.592,1.213,5.48,4.7,246.0,16.4,57.4,75.4,1.2,0.4,0.3,0.1,1.8,0.2,0.2,1.0,1.2478474378585815
2017-02,2.6,2.6,-42.4,4.8,1.8,-1.0,1.6,1.7,20.5,0.6,3.5,-0.6,2.6,0.25,-10.89,-2.11,-9.824,1.1,4.3,2.1,4.0,52.2,-0.6,0.8,-0.3,1.5,25.0,1.6,2.5,56.0,56.5,111.8,5.6,0.8,1.8,227.0,-0.3,-44.3,1.246,0.555,1.285,5.69,4.8,153.0,18.7,50.3,75.3,1.3,-0.2,0.4,0.15000000000000002,1.75,0.15000000000000002,0.1,0.75,1.2439358234405518
2017-01,2.7,2.8,-10.1,4.8,1.6,0.5,1.6,1.8,15.8,0.1,2.7,0.6,2.5,0.25,-12.163,-3.577,6.421,2.1,2.0,1.3,1.2,54.2,1.0,1.0,-1.9,4.3,24.0,1.6,2.1,54.7,57.2,113.7,4.1,0.2,-0.4,156.0,0.8,-45.2,1.226,0.536,1.21,5.49,4.7,184.5,6.5,54.6,75.5,-2.4,0.5,0.7,0.2,1.7,0.1,0.4,0.75,1.25
2016-12,2.6,2.5,2.4,4.8,1.2,0.2,1.4,-1.1,12.9,0.0,2.3,0.3,2.2,0.25,-9.71,-1.6,12.21,-1.3,-1.1,-0.9,-0.4,52.8,0.6,1.0,0.2,5.9,30.0,1.3,1.7,53.2,57.2,107.1,3.8,0.2,-4.6,178.0,-0.4,-42.6,1.09,0.592,1.201,5.61,4.6,216.0,9.0,57.6,75.0,2.7,0.5,-0.2,0.0,1.6,0.0,-0.1,0.75,1.2340041399002075
2016-11,2.4,2.3,9.8,4.8,0.9,0.0,1.2,4.6,12.2,0.6,2.1,0.0,2.0,0.25,-12.698,-3.969,4.301,-0.4,0.3,0.6,0.2,52.6,1.7,0.8,1.9,7.4,23.0,0.8,1.6,51.9,54.8,98.6,4.3,0.8,4.8,161.0,0.0,-36.44,1.323,0.563,1.229,5.6,4.9,154.0,1.5,50.6,75.3,0.3,1.0,0.1,0.2,1.7,0.1,0.4,0.5,1.249219298362732
2016-10,2.3,2.3,0.7,4.9,1.0,0.2,1.5,0.0,7.2,0.2,1.2,0.2,2.0,0.25,-12.112,-3.756,10.118,-0.4,0.7,0.2,0.5,52.3,0.4,0.8,0.0,4.1,17.0,0.7,1.5,51.5,57.1,104.1,2.7,0.5,-0.1,156.0,0.1,-40.7,1.047,0.593,1.225,5.47,5.0,166.5,-6.8,54.2,75.4,0.2,0.2,0.2,0.2,1.7,0.1,0.2,0.5,1.2215979099273682
2016-09,2.1,2.3,2.4,4.9,0.6,0.4,1.3,0.2,7.6,0.1,0.8,0.4,1.8,0.25,-11.76,-4.19,10.051,0.1,2.1,-0.9,0.8,49.2,-0.9,0.6,-0.2,6.2,12.0,0.0,1.1,49.4,51.4,101.1,1.9,-0.1,0.0,151.0,-0.4,-39.47,1.142,0.609,1.139,5.33,4.9,179.0,-2.0,51.5,75.5,1.9,-0.4,0.0,0.1,1.7,0.2,0.1,0.5,1.2963443994522095
2016-08,2.3,2.4,-8.6,4.9,0.6,-0.1,1.3,3.3,4.3,0.3,0.3,0.1,1.9,0.25,-12.409,-4.159,-1.472,0.1,1.6,-0.3,0.9,45.9,1.1,0.5,1.4,5.9,5.0,-0.2,0.8,52.6,55.5,97.3,2.3,-0.3,4.4,255.0,0.7,-44.5,1.211,0.654,1.152,5.39,4.9,172.0,-4.2,55.8,75.9,-1.5,1.5,0.2,0.0,1.6,0.1,0.3,0.5,1.3090718984603882
2016-07,2.2,2.3,0.4,4.9,0.5,0.2,1.4,1.8,-0.5,0.2,-0.4,0.4,1.6,0.5,-9.88,-2.57,7.31,-0.5,1.4,-0.5,1.7,46.0,-0.5,0.3,-0.9,4.3,16.0,0.3,1.0,53.2,56.5,98.0,2.7,0.7,-4.0,287.0,0.6,-41.14,1.189,0.592,1.153,5.57,4.9,173.0,0.6,56.8,75.4,-1.0,-0.5,0.2,0.1,1.6,0.15000000000000002,0.1,0.5,1.3216325044631958
2016-06,2.3,2.0,-0.4,5.0,0.3,0.2,1.2,2.6,-3.9,0.1,-0.7,0.3,1.4,0.5,-10.526,-2.602,9.141,2.0,1.6,2.3,0.8,51.2,0.5,0.5,0.9,6.0,19.0,-0.1,1.0,51.3,52.9,92.6,2.5,0.4,-2.2,38.0,-0.4,-37.4,1.164,0.551,1.138,5.53,4.7,156.0,6.0,49.3,74.9,1.9,-0.3,0.1,0.2,1.6,0.2,0.2,0.5,1.3465837240219116
2016-05,2.1,2.0,-2.4,5.1,0.3,0.0,1.2,0.9,-6.5,0.4,-0.7,0.1,1.3,0.5,-11.2,-3.11,6.582,0.3,-0.2,0.1,-1.9,52.0,-0.9,0.6,1.3,4.3,41.0,0.0,1.1,50.8,55.7,94.2,3.0,0.8,3.4,160.0,0.7,-40.4,1.172,0.619,1.116,5.45,5.0,178.0,-9.0,50.4,75.4,1.1,0.4,0.4,0.3,1.6,0.2,0.3,0.5,1.4635074138641357
2016-04,2.2,1.8,6.7,5.1,0.5,0.6,1.5,2.0,-6.5,0.3,-0.9,0.4,1.6,0.5,-11.964,-3.357,4.165,-0.3,-0.5,-1.1,-1.8,54.2,-0.7,0.7,-1.3,2.7,42.0,-0.1,0.9,51.8,54.5,96.2,1.7,0.2,0.8,215.0,-0.6,-47.06,1.089,0.511,1.086,5.33,5.0,200.0,9.6,53.6,74.8,-1.7,-0.2,-0.1,0.1,1.6,0.1,0.3,0.5,1.4617104530334473
2016-03,2.2,2.1,-18.0,5.1,0.3,0.4,1.2,0.1,-8.1,0.1,-1.1,0.5,1.3,0.5,-10.29,-2.2,6.485,0.3,0.2,0.7,-0.1,54.2,0.1,0.9,-0.4,3.8,50.0,0.0,1.0,49.5,53.4,92.2,3.1,-0.1,-2.8,242.0,-0.5,-45.68,1.178,0.512,1.167,5.08,4.9,205.0,0.6,47.6,76.7,1.6,-1.0,0.1,-0.1,1.7,0.1,-0.1,0.5,1.4374011754989624
2016-02,2.0,1.9,-14.8,5.1,0.3,-1.0,1.2,-0.7,-7.6,-0.1,-1.0,-0.7,1.3,0.5,-9.917,-2.357,-11.813,-1.1,-0.4,-0.2,-1.7,55.0,2.6,0.7,2.3,5.2,49.0,-0.2,1.4,48.2,53.5,98.1,3.4,0.1,4.9,151.0,0.9,-43.36,1.099,0.494,1.202,5.47,4.9,257.0,-16.6,55.6,77.1,-2.9,1.8,0.1,0.1,1.7,0.3,0.5,0.5,1.3861935138702393
2016-01,1.9,2.0,-4.3,5.1,0.2,0.3,1.4,-0.8,-10.8,-0.2,-1.2,0.3,1.2,0.5,-10.64,-2.45,6.871,-0.7,0.9,-0.4,-1.2,57.8,0.1,0.6,-1.0,2.6,50.0,-1.0,0.7,48.2,55.3,96.5,2.2,-0.1,-5.1,292.0,-0.4,-42.4,1.149,0.544,1.232,5.46,5.0,217.0,-19.4,42.9,76.5,-0.2,-1.2,-0.2,0.05,1.5,0.2,0.0,0.5,1.4246028661727905
2015-12,2.0,2.4,3.9,5.2,0.1,0.0,1.2,-1.6,-13.1,-0.2,-1.5,0.1,1.1,0.5,-11.827,-3.729,13.557,0.1,1.7,-0.4,-0.1,55.3,-0.4,0.5,1.7,5.0,49.0,-1.1,0.5,48.6,55.9,90.4,1.4,0.4,0.0,211.0,-0.6,-43.89,1.173,0.49,1.289,4.76,5.0,182.0,-4.6,48.7,77.0,1.5,-0.1,0.0,0.0,1.3,0.1,0.2,0.5,1.481920599937439
2015-11,2.5,3.0,3.3,5.3,-0.1,0.3,1.1,0.2,-12.1,0.0,-1.3,0.0,0.7,0.5,-9.35,-2.08,7.47,-0.2,1.1,0.8,-0.6,58.8,-0.2,0.7,-0.6,3.8,49.0,-1.6,0.2,50.1,59.1,97.6,1.7,0.2,3.0,271.0,-0.2,-40.8,1.06,0.495,1.15,5.36,5.0,186.0,-10.7,56.2,77.5,-1.0,0.5,0.3,0.1,1.3,0.0,0.4,0.375,1.5038950443267822
2015-10,2.8,3.0,4.6,5.4,-0.1,0.1,1.0,0.6,-13.3,-0.1,-1.8,-0.1,0.8,0.5,-11.149,-3.765,8.628,1.0,1.9,0.5,-0.8,59.9,2.6,0.9,1.9,6.5,44.0,-1.1,0.0,50.2,56.9,103.0,2.4,-0.3,-1.2,142.0,-0.2,-48.33,1.206,0.468,1.103,5.55,5.1,190.0,-11.4,48.7,77.5,-1.7,-0.4,0.0,-0.1,1.3,0.1,0.0,0.25,1.5429003238677979
2015-09,2.9,2.9,1.2,5.5,0.0,0.4,1.0,-2.4,-13.8,-0.4,-1.8,0.5,1.1,0.5,-11.082,-3.461,11.305,-0.4,0.8,-0.8,-0.5,57.3,-1.0,0.8,0.2,3.7,53.0,-0.8,0.2,51.1,59.0,101.5,2.2,0.1,-2.0,173.0,-0.4,-41.86,1.126,0.552,1.17,5.31,5.1,185.0,-14.7,54.4,77.6,0.4,0.0,0.1,0.0,1.3,0.1,0.3,0.25,1.5157945156097412
2015-08,2.8,2.4,-4.9,5.6,0.1,0.0,1.2,-0.9,-12.4,-0.1,-1.6,-0.1,1.0,0.5,-9.184,-1.62,-2.069,-0.4,1.5,0.2,0.5,57.1,1.2,0.7,0.1,4.2,44.0,-0.8,0.2,52.7,60.3,90.9,2.4,0.4,2.0,215.0,0.6,-43.84,1.206,0.507,1.119,5.59,5.3,237.0,-14.9,54.7,78.0,1.8,0.6,0.8,0.1,1.2,0.1,0.2,0.25,1.5418059825897217
2015-07,2.8,3.2,7.0,5.6,0.0,0.1,0.8,-1.3,-12.6,0.0,-1.5,0.2,1.0,0.5,-8.0,-1.57,8.584,0.4,2.1,-0.6,1.0,58.1,1.8,0.4,-0.2,4.0,40.0,-0.7,0.1,53.5,56.0,101.4,1.4,-0.1,3.4,223.0,0.3,-41.87,1.174,0.482,1.343,5.49,5.3,201.0,3.9,49.4,78.4,-1.0,0.8,0.3,0.2,1.2,0.1,0.0,0.25,1.5604275465011597
2015-06,2.7,2.7,-6.5,5.5,0.1,0.1,0.9,-0.9,-12.0,0.1,-1.6,0.2,1.0,0.5,-8.561,-2.094,9.35,0.4,1.2,-0.4,0.2,55.9,0.0,0.5,0.2,4.6,34.0,-1.1,0.0,52.8,55.7,95.4,2.7,1.0,-1.8,280.0,-0.2,-40.88,1.036,0.546,1.275,5.35,5.5,169.0,-2.0,46.2,78.1,-0.4,0.5,0.4,0.3,1.2,0.1,0.3,0.25,1.573192834854126
2015-05,2.2,1.9,-12.6,5.5,-0.1,0.3,0.8,0.4,-11.7,0.1,-1.7,0.4,0.9,0.5,-10.122,-3.163,6.038,0.5,0.7,0.4,1.1,54.2,-2.4,0.4,1.2,4.7,33.0,-1.3,-0.2,51.5,57.8,95.2,0.9,0.1,-0.5,223.0,-0.3,-51.37,1.135,0.517,1.143,5.04,5.4,189.0,3.1,52.3,78.2,2.1,0.5,0.1,0.25,1.25,0.1,0.1,0.25,1.531909704208374
2015-04,1.8,1.7,-20.7,5.6,0.0,0.2,1.0,0.3,-13.0,0.2,-1.7,0.2,0.9,0.5,-10.34,-3.238,6.741,0.1,0.1,0.4,1.1,57.8,3.2,0.7,-0.5,4.2,21.0,-0.8,-0.1,51.5,56.5,101.4,1.3,0.4,4.0,126.0,-0.6,-35.4,0.926,0.481,1.039,5.19,5.5,214.0,-1.2,46.3,78.4,0.2,-0.2,0.3,0.2,1.3,0.1,0.3,0.25,1.542686104774475
2015-03,1.6,1.9,-29.1,5.7,0.0,0.5,1.2,0.1,-13.5,0.2,-1.7,0.5,1.0,0.5,-9.174,-1.968,4.801,-0.1,1.2,-0.6,1.7,60.1,0.2,0.8,0.6,5.4,15.0,-0.6,0.0,52.9,56.9,98.8,1.7,0.0,-1.4,264.0,0.1,-42.68,0.897,0.543,1.092,4.89,5.5,250.0,6.9,45.8,79.0,-0.7,-0.4,0.0,0.2,1.4,0.1,0.1,0.25,1.4809110164642334
2015-02,1.7,2.1,-38.6,5.7,0.3,-0.8,1.4,-3.6,-14.1,-0.4,-1.9,-0.8,1.1,0.5,-9.929,-3.143,-8.934,-0.2,0.8,0.1,2.6,59.1,0.2,0.8,0.1,5.9,7.0,0.0,-0.1,53.5,56.7,103.8,3.3,-1.1,2.0,201.0,-0.3,-45.6,1.081,0.5,1.06,4.82,5.7,253.0,7.8,59.4,79.1,-3.5,-0.7,0.0,-0.2,1.3,0.0,0.5,0.25,1.543805480003357
2015-01,1.8,1.8,-35.8,5.8,0.5,0.2,1.3,-3.3,-11.6,-0.3,-0.8,0.2,1.6,0.5,-9.283,-2.778,9.867,0.0,1.1,0.8,3.0,57.6,-0.4,0.8,0.4,4.3,12.0,1.1,0.8,55.5,56.2,93.1,3.2,-0.9,-3.7,329.0,-0.3,-39.75,1.087,0.482,1.06,5.07,5.6,227.0,10.0,58.3,79.7,-1.7,-0.9,0.2,-0.2,1.35,0.0,-0.2,0.25,1.5070000886917114
2014-12,1.6,1.4,-29.6,6.0,1.0,-0.1,1.2,-0.7,-8.2,-0.2,-0.6,-0.2,2.0,0.5,-9.842,-3.505,11.728,-0.3,1.0,-0.7,1.7,59.4,0.9,0.7,1.6,6.4,13.0,1.4,1.3,58.7,59.3,91.0,5.1,0.5,-2.1,353.0,1.3,-42.25,1.043,0.431,1.052,4.92,5.8,233.0,-1.2,60.8,80.0,-0.7,-1.3,0.2,-0.2,1.4,0.0,0.2,0.25,1.5569047927856445
2014-11,1.2,1.0,-25.1,6.0,1.3,0.2,1.5,-1.5,-8.4,-0.3,-0.5,0.0,2.3,0.5,-10.506,-4.06,6.429,0.7,0.8,0.6,2.9,61.4,0.0,0.8,1.0,4.6,20.0,1.5,1.7,59.0,57.1,94.1,4.1,0.4,0.3,243.0,0.1,-43.6,1.045,0.458,1.08,5.25,5.8,225.0,10.2,66.2,79.3,-0.5,-1.0,0.3,0.1,1.5,0.2,0.1,0.25,1.5613046884536743
2014-10,0.9,0.7,-18.4,6.0,1.2,0.1,1.5,-0.6,-7.4,-0.2,-0.5,0.2,2.3,0.5,-8.95,-3.7,10.571,-0.1,2.2,0.2,4.0,64.2,-2.1,0.8,-0.4,2.3,30.0,1.6,1.7,56.6,58.6,89.0,4.3,0.0,-0.9,256.0,0.8,-39.99,1.038,0.455,1.031,5.18,5.9,202.0,6.2,60.5,79.2,-10.0,0.2,0.1,0.1,1.5,0.1,0.0,0.25,1.600102424621582
2014-09,0.8,0.6,-33.2,6.2,1.5,0.5,1.9,-1.2,-7.7,-0.1,-0.3,0.4,2.4,0.5,-10.414,-4.755,10.883,0.4,2.2,0.3,3.5,64.0,1.3,1.0,0.4,3.7,39.0,1.8,1.7,59.0,59.6,93.4,5.0,0.3,-18.3,180.0,-0.2,-40.3,0.957,0.466,1.003,5.05,6.1,207.0,27.5,64.3,78.7,10.5,0.4,0.4,0.0,1.5,0.1,0.3,0.25,1.624220371246338
2014-08,0.7,-0.1,-37.4,6.4,1.6,-0.4,1.8,-1.7,-7.5,-0.1,-0.1,-0.1,2.5,0.5,-9.413,-3.841,-0.466,0.3,1.2,0.3,1.9,62.4,-0.3,1.0,0.0,2.5,48.0,1.7,2.0,57.1,58.7,90.3,3.7,0.3,22.5,212.0,0.2,-40.81,1.117,0.427,1.052,5.14,6.2,212.0,14.7,52.6,79.1,1.5,-0.7,0.4,0.1,1.5,0.1,0.1,0.25,1.6590901613235474
2014-07,0.7,0.4,-39.5,6.5,1.9,0.2,2.0,-0.9,-4.5,-0.1,0.3,0.2,2.6,0.5,-9.15,-4.079,9.506,-0.6,2.3,-1.3,3.7,62.6,-0.8,1.0,0.2,3.4,53.0,1.9,2.1,55.3,56.0,86.4,4.3,0.4,2.7,298.0,0.4,-44.66,0.945,0.422,0.963,5.03,6.1,179.0,25.6,62.6,79.1,-0.6,3.0,0.5,0.2,1.6,0.2,0.2,0.25,1.6910173892974854
2014-06,0.9,0.8,-32.8,6.6,1.5,0.0,1.6,0.3,-5.0,-0.1,0.5,0.1,2.4,0.5,-8.812,-3.876,11.857,0.3,2.9,0.4,4.4,60.0,0.5,0.9,-0.5,3.7,56.0,2.0,2.1,55.4,56.3,82.2,4.3,0.1,-1.0,224.0,0.5,-47.04,0.985,0.442,1.005,4.91,6.3,197.0,19.3,65.5,79.1,0.8,-0.1,0.6,0.3,1.7,0.3,0.2,0.25,1.7034034729003906
2014-05,1.3,1.9,-28.4,6.8,1.8,0.5,2.0,-0.9,-5.3,0.1,0.6,0.4,2.5,0.5,-8.293,-3.418,9.0,0.1,2.5,0.5,3.3,60.8,4.2,0.9,1.0,6.5,55.0,2.1,2.0,54.9,55.2,81.7,4.0,0.4,0.8,282.0,-0.3,-44.18,1.071,0.425,1.08,4.66,6.3,215.0,19.0,63.0,78.9,1.5,0.4,0.4,0.2,1.4,0.2,0.0,0.25,1.6759121417999268
2014-04,1.4,1.7,-30.6,6.9,1.6,0.4,1.6,-0.6,-6.3,0.2,0.5,0.2,2.5,0.5,-8.749,-2.87,6.073,0.8,2.5,1.0,3.9,62.5,-1.7,0.9,0.5,4.8,57.0,1.4,1.5,53.7,53.1,83.9,3.8,1.0,3.6,203.0,0.9,-41.87,0.947,0.407,1.0,4.59,6.7,178.0,1.3,55.9,79.3,1.5,2.9,0.5,0.15000000000000002,1.25,0.15000000000000002,0.1,0.25,1.6824253797531128
2014-03,1.2,1.4,-34.6,7.1,1.7,0.7,1.7,-0.5,-5.8,0.1,0.6,0.6,2.7,0.5,-9.463,-3.91,7.001,0.0,2.8,0.3,3.2,62.6,-1.0,0.9,1.3,3.3,47.0,0.9,1.1,53.2,51.6,78.3,1.5,0.3,2.2,197.0,1.2,-39.1,0.92,0.449,1.014,4.6,6.7,127.0,5.6,59.8,78.8,-1.0,0.1,0.4,0.1,1.1,0.1,0.4,0.25,1.6643919944763184
2014-02,1.0,1.2,-33.9,7.2,1.9,-0.9,1.6,-0.9,-2.9,0.3,0.9,-0.3,2.8,0.5,-7.662,-2.321,-6.425,0.5,1.9,0.4,1.4,64.6,3.9,0.8,-2.0,3.9,53.0,1.2,1.6,51.3,54.0,79.4,2.6,-0.3,-1.3,129.0,-0.2,-38.98,0.909,0.455,0.937,4.62,6.6,227.0,4.5,59.6,78.5,-2.0,0.9,0.5,0.15000000000000002,1.15,0.1,0.2,0.25,1.6691983938217163
2014-01,0.9,0.9,-24.0,7.1,2.0,0.1,1.7,0.2,-1.0,0.0,1.0,0.5,2.7,0.5,-9.783,-3.048,9.028,0.0,2.1,-0.1,2.2,62.1,0.4,0.8,2.5,5.3,56.0,1.2,1.5,57.0,53.0,77.5,4.1,0.7,-4.2,75.0,0.3,-34.56,1.048,0.427,0.991,4.87,6.7,229.0,12.5,60.8,78.9,1.5,-1.9,0.4,0.2,1.2,0.1,0.0,0.25,1.6498383283615112
2013-12,0.8,0.9,-34.3,7.4,2.1,0.1,1.8,-0.7,-1.0,-0.2,0.8,0.1,2.6,0.5,-9.651,-3.114,15.14,0.3,3.2,0.2,2.6,62.6,0.6,0.8,0.1,1.8,58.0,0.7,1.2,57.3,53.9,72.0,4.7,0.1,2.6,241.0,1.1,-39.33,1.107,0.474,1.017,4.82,7.0,187.0,2.2,63.0,79.1,-0.5,0.1,0.8,0.0,1.1,0.1,0.2,0.25,1.6495118141174316
2013-11,0.8,0.8,-42.8,7.6,2.2,0.2,1.7,-0.4,0.0,0.3,0.8,0.0,2.6,0.5,-10.099,-3.892,7.422,0.9,2.2,1.2,0.7,59.4,0.8,0.8,-0.9,1.8,57.0,0.3,1.0,56.4,55.4,72.4,3.9,0.5,-0.7,200.0,-0.1,-42.97,0.873,0.4563333333333333,0.974,5.12,7.3,145.0,-2.2,65.9,78.2,-0.1,0.7,0.6,0.1,1.2,0.1,0.1,0.25,1.6369023323059082
2013-10,0.8,0.8,-44.7,7.7,2.7,0.4,2.2,-1.0,0.9,-0.1,1.2,0.4,3.2,0.5,-9.557,-4.324,8.619,-1.1,-1.5,-1.2,-0.2,58.9,0.7,0.6,0.6,2.0,53.0,0.3,1.2,56.2,54.4,80.2,3.2,0.3,3.8,163.0,0.7,-38.7,0.882,0.43866666666666665,0.95,5.29,7.2,159.0,1.5,55.7,78.3,-1.25,-0.2,0.4,0.1,1.2,0.15000000000000002,0.1,0.25,1.602615475654602
2013-09,1.0,1.2,-41.6,7.7,2.7,0.4,2.0,-0.7,2.8,0.2,1.7,0.5,3.3,0.5,-9.941,-4.781,10.808,0.1,-1.1,0.2,-0.3,59.1,1.8,0.5,-0.9,2.1,41.0,1.4,1.5,55.7,58.6,81.8,4.7,0.1,0.2,193.0,0.4,-38.64,0.891,0.421,0.926,5.48,7.3,178.5,6.3,53.0,77.9,-2.4,-0.4,0.4,0.1,1.2,0.2,0.3,0.25,1.6168932914733887
2013-08,1.1,2.2,-36.3,7.8,2.8,-0.2,2.0,1.2,5.1,0.2,2.1,0.0,3.1,0.5,-8.171,-2.806,-1.119,1.3,1.4,2.0,2.1,57.0,2.2,0.6,1.1,3.0,37.0,2.1,2.0,55.4,56.0,81.0,5.4,0.6,-8.1,104.0,0.0,-34.54,0.883,0.39,0.954,5.39,7.4,198.0,8.2,52.3,77.6,1.6,-0.5,0.1,0.1,1.1,0.1,0.0,0.25,1.5511090755462646
2013-07,1.0,1.8,-29.4,7.8,2.9,-0.2,2.3,0.2,4.0,0.1,2.0,-0.1,3.3,0.5,-8.668,-4.019,10.483,0.0,-2.3,-0.7,-2.9,51.0,1.4,0.3,0.2,2.2,21.0,2.5,1.8,50.9,52.2,82.1,5.7,0.1,3.9,188.0,0.2,-44.1,0.846,0.455,0.911,5.06,7.6,134.0,9.5,51.6,77.7,3.0,0.1,-0.1,0.1,1.15,0.1,0.4,0.25,1.5242043733596802
2013-06,0.9,1.3,-16.2,7.8,2.7,0.4,2.2,-0.6,1.8,0.0,1.2,0.2,3.1,0.5,-8.43,-3.428,12.77,-0.1,-1.4,-0.2,-0.9,50.8,1.8,0.2,2.1,2.1,5.0,1.7,1.4,49.0,53.7,74.3,4.3,0.3,5.2,176.0,0.0,-40.15,0.928,0.459,0.985,5.14,7.6,113.0,7.8,58.7,77.7,1.3,1.0,0.2,0.1,1.2,0.1,0.1,0.25,1.520426869392395
2013-05,0.8,0.6,-11.8,7.8,2.4,0.1,2.0,-2.3,-0.1,-0.1,0.9,0.3,2.9,0.5,-9.175,-3.469,6.623,0.7,-1.4,1.1,-1.4,49.4,-2.2,0.6,-1.3,0.8,1.0,0.6,1.1,50.7,53.1,69.0,3.7,0.0,3.6,165.0,-0.4,-37.13,0.856,0.466,1.005,4.97,7.5,131.0,-1.4,49.0,77.7,-4.9,1.5,-0.1,-0.3,1.1,0.0,0.2,0.25,1.5229045152664185
2013-04,1.0,1.0,-9.9,7.9,2.8,0.5,2.4,0.1,0.4,0.2,1.9,0.4,3.3,0.5,-9.165,-4.208,12.565,0.9,-2.5,0.7,-1.6,47.2,1.9,0.1,-0.6,-0.5,-2.0,1.1,1.5,51.3,54.4,61.9,2.8,-0.4,-5.9,138.0,0.3,-43.6,1.021,0.444,0.89,4.94,7.6,237.0,3.1,52.4,78.3,1.9,-1.7,0.0,-0.1,1.2,0.1,0.0,0.25,1.549426794052124
2013-03,1.3,1.2,-5.3,7.8,2.8,0.6,2.3,2.8,2.1,0.8,2.3,0.7,3.2,0.5,-8.168,-3.38,7.196,-1.3,-3.1,-1.9,-3.3,46.8,2.7,-0.2,2.1,2.5,-7.0,1.7,2.0,54.2,56.0,68.0,4.6,1.0,4.3,268.0,0.8,-44.45,0.939,0.411,0.968,4.95,7.7,226.0,9.2,56.8,78.3,-1.0,-1.7,0.9,0.4,1.3,0.1,0.1,0.25,1.519710659980774
2013-02,1.3,1.3,-10.0,7.8,2.7,-0.9,2.3,1.3,1.9,0.2,2.1,-0.4,3.3,0.5,-8.738,-4.169,-10.263,1.1,-2.1,1.5,-1.6,48.7,1.9,0.0,-0.7,-0.5,-4.0,1.4,1.6,53.1,55.2,58.4,4.4,0.4,-3.8,119.0,0.0,-38.14,0.91,0.431,0.904,4.94,7.9,215.0,10.0,55.6,79.2,1.3,2.9,0.3,0.2,1.35,0.05,0.1,0.25,1.5167601108551025
2013-01,1.4,1.5,-12.1,7.7,2.7,0.2,2.4,0.0,0.5,-0.1,2.2,0.5,3.1,0.5,-9.275,-4.618,12.416,0.2,-2.4,-0.3,-2.0,48.7,0.3,0.6,-0.3,0.1,0.0,1.3,1.7,50.2,56.1,66.7,4.7,0.3,3.7,196.0,0.4,-48.61,0.973,0.378,0.903,4.9,7.8,118.0,-7.8,50.0,79.3,-0.3,1.0,0.2,0.0,1.4,0.0,0.3,0.25,1.579778790473938
2012-12,1.7,1.8,-8.9,7.8,2.7,0.1,2.6,0.1,-0.1,-0.3,2.1,0.0,3.0,0.5,-9.487,-4.502,14.266,-0.9,-3.0,-1.3,-2.0,49.3,0.4,1.1,0.0,0.9,-9.0,1.5,1.8,49.9,54.7,72.2,3.7,-0.1,0.8,161.0,1.0,-42.06,0.851,0.398,0.899,4.99,7.8,157.0,-8.1,50.4,78.7,0.8,1.6,0.3,-0.2,1.5,0.0,0.3,0.25,1.616292119026184
2012-11,1.9,1.8,6.0,7.8,2.7,0.7,2.6,0.1,0.0,0.2,2.6,0.6,3.2,0.5,-8.439,-3.943,6.003,-2.1,-3.2,0.1,-1.0,50.9,-0.1,1.3,-0.7,0.8,-7.0,2.3,2.2,51.7,54.2,70.30000000000001,3.8,0.0,1.1,138.0,-0.7,-40.28,0.888,0.361,0.868,4.76,7.9,162.0,-5.2,49.9,77.7,4.8,1.9,0.7,0.1,1.6,0.1,0.0,0.25,1.6041065454483032
2012-10,2.0,1.7,0.8,7.9,2.2,0.3,2.1,-0.1,-1.0,0.5,2.5,0.5,2.6,0.5,-9.984,-5.004,9.899,-0.5,-1.0,-1.2,-1.2,49.5,1.5,0.2,0.5,2.4,-14.0,2.1,2.0,51.6,55.1,68.4,5.4,1.2,9.2,148.0,0.2,-43.79,0.863,0.369,0.894,4.69,7.8,189.0,-6.2,49.7,78.2,-5.1,1.7,0.6,0.4,1.6,0.1,0.3,0.25,1.6074585914611816
2012-09,1.9,1.5,-14.2,8.1,2.6,0.5,2.1,1.9,1.4,0.5,1.1,0.4,2.9,0.5,-7.337,-2.929,10.753,2.9,-0.8,3.1,-0.7,49.0,-0.4,0.1,-0.1,2.5,-18.0,2.0,1.7,50.7,53.7,61.3,4.7,1.0,-13.1,142.0,-1.4,-42.47,0.758,0.368,0.803,4.83,8.1,156.0,-10.4,53.0,78.0,-1.2499999999999996,-2.1,0.8,0.4,1.6,0.1,0.0,0.25,1.6145178079605103
2012-08,1.8,1.8,-13.6,8.0,2.6,0.1,2.3,0.4,-2.4,0.1,1.8,0.1,3.2,0.5,-10.068,-5.077,-1.922,-2.4,-3.8,-2.9,-4.3,50.9,0.1,-0.1,0.3,2.3,-23.0,0.5,1.4,50.5,52.6,65.4,4.1,0.8,3.3,141.0,0.5,-41.9,0.733,0.374,0.812,4.47,8.3,172.0,-5.9,53.7,79.2,2.6,-1.3,0.1,0.0,1.6,0.0,0.1,0.25,1.5790305137634277
2012-07,1.8,1.5,1.0,8.1,2.4,-0.3,2.1,-2.9,-3.0,-0.6,2.0,-0.2,2.8,0.5,-8.364,-3.879,12.203,1.0,-1.8,1.2,-1.8,48.2,1.4,0.5,0.8,2.6,-22.0,0.7,1.7,50.2,52.1,62.7,3.8,-0.4,1.6,45.0,0.1,-48.04,0.754,0.359,0.755,4.37,8.2,152.5,7.4,52.9,78.9,0.5,-2.2,0.3,0.1,1.8,0.2,0.3,0.25,1.5713387727737427
2012-06,1.8,1.4,6.9,8.2,2.8,0.1,2.2,-2.5,0.0,-0.2,2.9,0.0,3.1,0.5,-9.709,-5.125,16.052,-0.4,-2.0,-0.8,-1.5,54.4,1.3,-0.1,1.5,2.1,-17.0,0.7,1.7,52.5,53.7,64.4,5.3,-0.4,1.6,87.0,-0.2,-50.6,0.711,0.382,0.784,4.62,8.2,133.0,2.3,52.7,79.0,-0.7,0.8,0.3,-0.2,1.8,0.1,0.2,0.25,1.5706970691680908
2012-05,1.6,0.9,-13.7,8.2,3.0,0.6,2.1,-1.4,1.0,0.6,3.2,0.7,3.5,0.5,-8.734,-4.179,-19.93,-0.3,-2.6,0.9,-0.9,55.8,-3.3,0.1,-2.4,-1.1,-19.0,1.9,2.3,54.1,53.5,68.7,6.4,-0.3,-0.2,77.0,1.0,-52.62,0.744,0.343,0.723,4.62,8.1,201.0,17.1,56.2,79.2,-2.1,-0.6,0.3,0.0,1.9500000000000002,0.15000000000000002,0.1,0.25,1.5482993125915527
2012-04,1.6,1.1,-5.4,8.3,3.5,0.4,2.5,1.7,5.6,0.6,3.7,0.4,3.6,0.5,-8.59,-4.871,14.644,0.4,-2.3,-1.1,-1.5,56.7,1.3,0.1,2.0,3.1,-11.0,2.8,2.7,53.3,56.0,69.5,6.5,0.8,-3.7,154.0,-0.6,-45.42,0.699,0.332,0.769,4.47,8.2,230.0,6.6,62.2,78.4,1.1,-0.8,0.6,0.2,2.1,0.2,0.2,0.25,1.6281341314315796
2012-03,1.6,1.3,4.5,8.4,3.4,0.6,2.4,2.5,7.8,0.6,4.1,0.8,3.7,0.5,-7.883,-3.717,9.938,-0.6,-4.0,-0.3,-0.1,54.3,-0.3,0.2,-0.8,1.0,-13.0,3.3,2.9,51.9,57.3,71.6,6.5,0.9,1.9,240.0,0.0,-52.52,0.694,0.353,0.715,4.6,8.3,173.0,20.2,64.0,78.7,-1.1,1.9,0.8,0.3,1.9,0.1,0.3,0.25,1.6016913652420044
2012-02,2.0,1.9,7.0,8.4,3.6,-0.8,2.6,0.1,6.6,0.4,4.0,-0.6,3.9,0.5,-7.184,-3.601,-10.158,0.4,-3.1,1.1,0.9,51.4,-0.3,-0.1,0.3,1.4,-16.0,4.1,2.9,54.1,56.8,61.5,5.8,1.1,-3.6,275.0,0.4,-50.42,0.706,0.318,0.676,4.63,8.3,325.0,19.5,60.2,78.8,1.4,-3.2,0.6,0.2,1.85,0.1,0.1,0.25,1.5922045707702637
2012-01,1.9,2.0,1.9,8.4,4.2,0.5,3.0,-0.6,8.9,-0.2,4.8,0.4,4.8,0.5,-8.908,-5.037,11.105,-0.5,-3.6,-0.1,-0.6,53.2,2.2,0.2,0.6,2.5,-16.0,4.8,3.0,53.1,52.6,64.8,6.5,-0.5,3.2,203.0,1.0,-47.06,0.689,0.324,0.671,4.38,8.5,227.5,13.5,62.2,78.5,2.2,2.1,0.3,0.1,1.8,0.1,0.1,0.25,1.570845127105713
2011-12,1.8,2.1,0.2,8.3,4.8,0.1,3.2,0.3,13.6,0.2,5.4,0.2,5.2,0.5,-7.868,-4.556,15.085,-1.0,-2.1,-0.9,0.1,52.3,-1.6,0.2,-0.5,0.4,-17.0,5.7,3.4,52.2,52.0,55.2,6.7,0.3,4.3,100.0,-0.3,-43.27,0.685,0.318,0.68,4.39,8.7,130.0,8.2,62.5,77.9,-0.2,0.5,0.8,0.1,1.7,0.1,0.0,0.25,1.5415922403335571
2011-11,1.7,2.3,2.5,8.3,5.0,0.2,3.4,-0.8,14.3,0.0,5.7,0.0,5.4,0.5,-10.175,-5.712,3.0,0.0,-1.5,0.1,1.3,53.9,-0.6,0.7,1.0,1.1,-24.0,5.9,3.5,51.8,52.9,40.9,7.2,0.6,0.0,100.0,0.7,-44.17,0.627,0.311,0.644,4.25,9.0,116.0,0.6,59.3,77.9,-0.1,1.5,0.0,-0.1,1.7,0.1,0.3,0.25,1.5597946643829346
2011-10,1.8,2.7,13.4,8.1,5.2,0.2,3.3,1.8,17.7,0.3,6.3,0.8,5.6,0.5,-8.617,-5.142,10.2,0.3,-0.9,-0.3,1.6,50.1,0.3,0.8,0.5,0.5,-23.0,6.9,3.9,52.5,53.0,46.4,7.9,0.5,-1.5,210.0,-0.1,-44.92,0.63,0.302,0.589,4.9,9.1,102.5,-8.5,61.3,77.7,0.1,1.8,0.4,0.2,1.6,0.0,0.3,0.25,1.6111880540847778
2011-09,2.1,2.8,19.1,7.9,4.5,0.7,3.1,-1.8,16.2,0.0,6.0,0.6,5.2,0.5,-8.154,-4.651,10.93,-0.4,-0.9,-0.2,2.6,52.6,-0.6,0.5,-0.4,-0.8,-23.0,6.5,3.8,52.5,53.3,45.2,7.2,0.5,-0.1,104.0,0.0,-45.63,0.572,0.29,0.625,5.06,9.1,89.0,-8.8,58.1,77.6,1.1,-0.4,0.5,0.3,1.7,0.2,-0.2,0.25,1.5599408149719238
2011-08,2.3,2.7,33.7,7.9,4.4,0.0,3.1,0.5,18.3,0.3,6.1,-0.2,5.0,0.5,-8.873,-5.718,-5.2,0.0,-0.3,-0.4,2.1,53.5,0.6,0.2,0.2,0.2,-22.0,7.2,3.6,51.4,52.7,59.2,8.5,0.3,4.1,127.0,0.9,-51.6,0.601,0.295,0.601,4.67,9.1,145.0,-7.7,59.8,77.5,2.1,0.7,0.4,0.4,1.6,0.2,0.5,0.25,1.6307626962661743
2011-07,2.1,2.3,31.3,7.7,4.2,-0.2,2.8,0.2,16.8,0.1,5.7,0.0,5.0,0.5,-8.467,-5.053,12.374,0.8,-0.9,1.8,2.8,53.6,-0.6,1.2,0.8,0.4,-26.0,7.0,3.6,55.3,53.3,57.6,8.1,0.2,-1.3,46.0,0.4,-50.83,0.613,0.303,0.617,4.84,9.2,36.0,-3.8,61.1,76.7,0.6,0.6,0.9,0.30000000000000004,1.4500000000000002,0.2,0.0,0.25,1.6368486881256104
2011-06,2.0,1.8,22.5,7.7,4.5,0.0,3.3,-1.7,16.1,0.2,5.4,0.3,5.2,0.5,-7.643,-4.508,14.594,-1.7,-1.2,-1.6,1.2,54.0,-2.1,0.9,-1.3,0.0,-28.0,7.3,3.6,53.5,54.6,61.7,7.7,0.2,1.9,25.0,-0.1,-43.63,0.549,0.308,0.609,4.81,9.1,177.0,-7.8,56.6,76.7,-0.9,0.7,1.0,0.2,1.3,0.2,0.3,0.25,1.6075878143310547
2011-05,2.1,2.3,16.9,7.7,4.5,0.9,3.7,2.8,17.9,1.0,5.5,0.8,5.2,0.5,-7.708,-4.495,7.748,0.2,0.1,0.2,2.2,53.3,5.2,0.9,1.1,2.4,-21.0,6.8,3.2,60.4,52.8,66.0,7.6,0.5,-2.7,232.0,0.0,-46.82,0.541,0.316,0.563,5.0,9.0,192.0,11.9,67.6,76.7,3.8,-0.4,1.3,0.3,1.1,0.2,0.1,0.25,1.6487774848937988
2011-04,2.2,2.1,-8.5,7.8,4.0,0.3,3.2,3.7,14.8,1.1,5.6,0.5,5.3,0.5,-7.0,-2.849,15.646,-1.2,2.4,0.0,4.9,56.4,-3.5,-0.4,0.3,1.1,-23.0,5.8,2.7,61.2,57.3,63.8,7.1,1.2,4.4,221.0,0.7,-45.44,0.585,0.305,0.574,5.09,8.8,207.0,21.7,70.6,77.0,1.7499999999999998,2.5,0.7,0.4,0.9,0.1,0.0,0.25,1.665001630783081
2011-03,2.3,2.3,-10.2,8.0,4.4,0.8,3.4,1.4,14.9,0.5,5.3,1.0,5.5,0.5,-7.789,-4.21,7.9,0.3,4.2,0.9,6.6,56.5,-0.4,-0.6,-0.9,1.3,-26.0,5.6,2.1,61.4,59.7,72.0,8.9,1.1,-1.1,194.0,0.1,-46.97,0.512,0.281,0.534,4.92,8.9,189.0,17.5,71.2,76.5,-0.3,-0.6,1.0,0.4,0.9,0.2,0.0,0.25,1.6074068546295166
2011-02,2.3,1.8,1.5,7.9,4.0,-0.4,3.0,2.3,14.1,1.1,5.0,0.3,5.1,0.5,-9.686,-5.816,-6.305,0.6,3.7,-0.1,4.5,53.7,2.3,-0.6,1.5,5.1,-31.0,3.6,1.6,60.8,59.4,64.8,7.8,0.6,3.6,63.0,0.3,-40.26,0.618,0.31,0.568,5.4,9.0,247.0,15.4,68.8,76.8,1.4,-3.0,1.1,0.3,0.8,0.2,0.4,0.25,1.610046625137329
2011-01,2.3,2.1,-3.4,7.9,3.7,0.7,2.9,3.9,12.9,0.4,4.1,0.7,4.8,0.5,-8.46,-4.888,14.496,0.6,3.2,0.6,5.1,49.1,-0.3,0.3,-1.4,-0.7,-39.0,4.0,1.5,58.5,57.1,53.3,7.9,0.3,-0.4,121.0,1.2,-38.32,0.52,0.331,0.627,5.22,9.4,92.0,11.9,66.8,76.8,1.3,4.5,0.4,0.3,0.7,0.0,0.1,0.25,1.5829297304153442
2010-12,2.3,2.1,-3.2,7.9,3.3,0.2,2.7,0.9,9.2,0.4,4.1,0.4,4.7,0.5,-8.591,-4.038,19.677,-0.1,3.5,0.6,5.8,51.8,0.7,0.4,0.4,1.0,-44.0,3.5,1.1,56.6,55.0,54.3,7.7,1.2,-1.3,71.0,0.3,-38.42,0.553,0.287,0.544,4.7,9.8,82.0,9.9,61.9,75.4,-0.7,2.4,0.8,0.3,0.8,0.1,0.1,0.25,1.5437101125717163
2010-11,2.2,2.1,-5.2,7.8,3.2,0.1,2.7,2.2,8.2,0.6,4.0,0.2,4.5,0.5,-8.392,-3.8,8.575,0.4,3.8,0.2,4.9,51.6,0.8,0.6,0.7,0.3,-49.0,4.3,1.2,56.9,54.3,49.9,7.3,0.3,-3.1,172.0,-0.2,-44.6,0.534,0.282,0.552,4.43,9.6,-2.0,-11.1,60.2,74.9,3.0,-1.9,1.3,0.5,0.8,0.2,0.3,0.25,1.5556211471557617
2010-10,2.0,1.7,1.3,7.7,3.1,0.0,2.7,0.4,8.7,0.0,3.8,0.4,4.6,0.5,-8.473,-4.9,14.437,0.4,4.3,0.4,6.1,53.8,0.5,0.2,-0.5,0.0,-36.0,4.0,1.1,54.4,53.2,48.5,7.3,0.5,5.0,-41.0,-0.2,-46.48,0.588,0.308,0.539,4.53,9.6,10.0,15.7,60.6,74.8,0.0,1.3,0.6,0.3,1.4,0.1,0.0,0.25,1.5774115324020386
2010-09,1.6,1.3,3.8,7.8,3.1,0.7,2.8,0.1,8.7,0.0,4.7,0.4,4.7,0.5,-8.675,-4.706,14.239,0.4,2.0,0.4,5.0,52.1,1.0,0.4,-0.7,0.8,-32.0,3.1,1.1,56.3,51.5,53.2,3.6,0.6,-1.0,-57.0,0.2,-42.58,0.608,0.288,0.571,4.12,9.6,37.0,4.1,56.7,74.8,0.1,1.9,1.1,0.4,1.4,0.1,0.3,0.25,1.57957923412323
2010-08,1.3,0.8,-1.0,7.8,3.1,-0.4,2.6,-1.0,10.8,0.1,5.0,-0.2,4.8,0.5,-7.4,-3.9,1.991,-0.5,1.3,0.3,4.0,54.1,0.5,0.5,0.8,1.0,-8.0,4.2,1.2,55.5,54.3,51.0,5.5,0.1,0.7,-54.0,1.0,-49.76,0.541,0.288,0.56,3.83,9.5,28.0,7.1,62.3,74.6,-1.2,-2.8,0.5,0.5,1.4,0.1,0.2,0.25,1.54659903049469
2010-07,1.6,2.7,-15.9,7.8,3.2,0.3,3.1,-0.3,10.7,-0.3,5.1,0.2,5.0,0.5,-8.028,-4.49,13.925,0.7,2.5,0.3,4.3,58.4,1.2,0.6,0.7,1.1,9.0,2.8,1.1,56.2,53.8,54.3,4.8,-0.1,-0.1,-221.0,-0.1,-41.98,0.537,0.315,0.58,5.26,9.5,19.0,5.1,59.1,74.1,-1.4,-0.6,0.1,0.4,1.45,0.1,-0.1,0.25,1.5698094367980957
2010-06,1.7,4.2,-31.1,8.0,3.4,0.3,2.9,-0.2,11.5,0.1,5.5,0.4,5.1,0.5,-7.41,-4.0,16.02,-0.7,1.0,-0.8,3.0,58.5,0.8,0.4,0.8,1.7,22.0,5.3,2.0,59.7,55.4,62.7,6.9,-1.2,-0.8,433.0,1.3,-40.32,0.578,0.267,0.57,5.66,9.7,65.0,19.6,59.7,74.7,1.0,1.6,0.4,0.3,1.5,0.1,0.2,0.25,1.4944332838058472
2010-05,1.8,4.2,-32.0,8.0,3.7,0.4,3.1,0.6,13.1,1.6,5.9,1.0,5.3,0.5,-7.52,-3.2,10.0,2.0,2.6,2.2,3.7,58.2,-2.3,0.2,0.0,1.3,19.0,5.5,2.2,60.4,55.4,57.7,8.8,0.6,2.9,290.0,0.7,-40.4,0.66,0.446,0.61,5.77,9.9,42.0,19.1,63.8,73.7,1.3,-1.0,0.7,0.2,1.2,0.1,0.1,0.25,1.4522007703781128
2010-04,1.6,2.3,-32.7,8.0,3.4,0.5,3.0,3.8,10.3,0.9,5.0,0.7,4.4,0.5,-6.3,-2.1,18.0,0.9,-0.3,1.4,1.3,53.1,4.4,0.4,0.5,1.8,9.0,6.0,2.3,59.6,55.4,52.3,7.6,1.2,0.0,230.0,0.2,-39.4,0.64,0.439,0.69,5.36,9.7,19.0,31.9,58.8,73.1,1.3,4.8,0.4,0.35,1.25,0.05,-0.1,0.25,1.5300110578536987
2010-03,1.4,0.8,-40.1,7.8,3.0,0.4,2.9,0.1,6.9,0.3,4.1,0.6,3.7,0.5,-8.1,-3.9,12.4,-0.5,-1.6,-1.0,0.1,48.5,2.2,0.45,2.5,3.2,18.0,4.4,2.1,56.5,53.0,46.0,3.9,0.8,1.1,-14.0,0.3,-37.0,0.616,0.324,0.63,5.01,9.7,-60.0,22.9,62.6,72.7,1.3,1.7,0.2,0.5,1.3,0.0,0.1,0.25,1.5183724164962769
2010-02,1.1,0.6,16.2,7.8,3.5,-0.6,3.1,2.0,8.4,0.4,3.8,0.0,3.7,0.5,-7.0,-2.6,0.43,0.5,-3.7,0.9,-1.9,48.6,-0.7,0.5,-3.0,0.8,32.0,4.6,2.6,58.4,50.5,56.5,4.7,0.5,3.9,-26.0,0.9,-39.9,0.61,0.309,0.62,5.05,9.7,-61.0,24.9,61.5,72.5,1.5,-0.6,-0.3,0.3,1.5,0.1,0.2,0.25,1.5180495977401733
2010-01,1.1,0.6,-18.8,7.8,2.9,0.6,2.8,0.6,7.4,0.5,3.5,0.6,2.4,0.5,-6.8,-2.9,14.0,0.4,-5.7,0.2,-4.9,47.1,4.2,0.1,-0.2,2.4,30.0,4.4,2.7,54.9,49.8,53.6,5.4,-0.2,1.9,-150.0,0.7,-36.4,0.58,0.348,0.65,5.45,10.0,-169.0,15.9,58.7,71.9,1.0,2.0,0.4,0.5,1.45,0.05,0.2,0.25,1.5975971221923828
2009-12,1.2,0.5,-8.4,7.9,1.9,0.2,1.9,0.1,4.0,0.2,2.9,0.3,0.3,0.5,-7.0,-3.1,18.7,0.1,-8.4,0.0,-7.8,47.0,1.8,0.1,-0.3,3.1,35.0,2.4,1.8,53.6,48.7,50.6,1.9,1.9,-0.4,4.0,0.6,-33.2,0.58,0.37,0.59,6.54,10.0,-195.0,2.6,56.1,71.5,0.8,2.1,0.4,0.7,1.4,0.0,0.2,0.25,1.6182016134262085
2009-11,1.7,0.7,10.6,7.8,1.5,0.1,1.8,2.6,0.1,0.2,1.9,0.3,-0.8,0.5,-6.9,-3.1,10.2,1.3,-10.8,1.5,-9.8,46.2,3.8,-0.1,0.6,3.7,34.0,-1.9,-0.2,55.7,50.6,48.7,-1.7,0.2,-0.6,-111.0,0.0,-35.65,0.53,0.4,0.55,6.1,10.2,-211.0,23.5,54.2,70.6,1.6,-1.3,-0.4,0.6,1.4,0.2,0.3,0.25,1.6457926034927368
2009-10,1.9,0.7,15.4,7.9,1.1,0.1,1.7,-0.5,-6.5,0.5,0.4,0.4,-1.4,0.5,-6.1,-2.2,14.9,-2.6,-11.5,-2.0,-11.6,46.7,2.8,-0.1,0.4,2.9,22.0,-4.8,-1.3,52.6,50.9,53.4,-5.7,0.4,2.0,-219.0,0.6,-30.8,0.59,0.405,0.57,5.54,9.8,-227.0,34.6,46.1,70.5,-0.8,1.8,-1.6,-0.6,1.3,0.1,0.1,0.25,1.6447908878326416
2009-09,2.2,0.7,20.2,7.9,1.6,0.6,1.8,2.0,-7.5,0.3,-0.4,0.5,-1.3,0.5,-6.4,-2.45,14.7,0.4,-9.9,0.9,-10.1,47.7,-0.1,-0.3,0.0,2.1,10.0,-4.3,-1.5,52.9,48.4,54.5,-5.3,1.1,-2.6,-201.0,1.2,-31.85,0.59,0.417,0.58,5.09,9.7,-360.0,18.9,50.0,69.9,1.4,-0.3,-1.1,-0.14999999999999997,1.35,0.1,0.4,0.25,1.6002048254013062
2009-08,2.5,1.1,21.4,7.8,1.8,0.0,1.8,-1.4,-12.2,0.3,-1.3,0.0,-1.4,0.5,-6.4,-2.37,8.0,0.6,-10.7,0.6,-11.3,47.0,1.8,-0.6,0.2,2.9,-8.1,-6.8,-2.1,48.9,46.4,47.4,-8.3,-0.5,4.9,-276.0,1.0,-27.49,0.59,0.433,0.56,5.24,9.4,-473.0,12.1,43.4,69.0,0.9,0.8,-1.4,0.3,1.4,0.1,0.3,0.25,1.629195213317871
2009-07,2.6,2.3,20.9,7.6,1.8,0.2,1.6,1.5,-11.0,-0.2,-1.2,0.3,-1.6,0.5,-6.2,-1.91,13.4,-0.7,-12.0,-0.6,-12.7,44.5,1.4,-1.2,1.3,3.1,-18.1,-4.6,-1.4,44.8,47.0,49.3,-9.0,0.5,-1.3,-467.0,-0.4,-25.97,0.59,0.395,0.57,4.89,9.5,-485.0,-0.6,39.9,68.1,1.1,2.5,-1.2,0.2,1.6,0.1,0.0,0.25,1.670508861541748
2009-06,2.7,0.4,33.7,7.2,2.2,0.4,1.6,0.4,-9.4,0.4,-0.3,0.6,-1.1,0.5,-7.1,-3.0,19.9,0.2,-12.4,0.0,-13.2,45.9,-0.8,-1.2,-0.6,-1.6,-43.8,-5.0,-1.3,42.8,44.0,54.8,-9.6,0.4,1.3,-322.0,-1.2,-28.79,0.53,0.342,0.518,4.77,9.4,-491.0,-9.4,34.9,68.2,0.5,1.1,-1.3,0.1,1.8,0.1,0.2,0.25,1.6466867923736572
2009-05,3.0,-1.8,51.9,7.1,2.3,0.4,1.5,-1.0,-5.0,0.6,1.2,0.1,-1.2,0.5,-6.5,-2.5,10.6,-0.3,-12.7,0.2,-13.1,38.1,4.6,-1.2,0.9,2.6,-59.9,-3.7,-0.7,40.1,43.7,40.8,-10.1,-0.2,1.9,-504.0,-0.7,-28.53,0.45,0.344,0.5,4.66,8.9,-708.0,-4.6,40.1,69.1,-0.9,0.4,-1.0,-0.09999999999999998,1.8,0.15000000000000002,0.1,0.25,1.617861270904541
2009-04,3.2,-2.7,65.5,6.7,2.9,0.4,1.7,1.3,-0.4,0.1,2.0,0.0,-0.4,0.5,-6.8,-2.8,18.2,-0.7,-12.3,-0.3,-13.4,30.9,-1.2,-1.3,1.1,0.9,-72.1,-3.5,-0.4,36.3,40.8,26.9,-9.4,-1.2,-0.8,-699.0,-1.7,-26.13,0.53,0.351,0.516,4.55,8.5,-697.0,-14.7,31.4,69.4,0.7,-0.6,-1.4,-0.3,1.8,0.2,0.2,0.25,1.4788086414337158
2009-03,3.5,-1.7,141.9,6.5,3.2,0.7,1.6,0.6,0.5,0.1,3.1,0.6,0.0,0.5,-7.8,-3.1,9.0,-2.7,-11.6,-3.0,-12.9,27.8,-1.8,-1.3,-2.0,0.4,-78.1,-1.3,0.2,35.8,41.6,25.3,-8.6,1.0,2.1,-651.0,-1.5,-36.2,0.572,0.358,0.564,4.72,8.1,-522.0,-38.2,34.2,70.3,-3.5,3.9,-1.1,0.4,1.8,0.2,0.2,0.25,1.434493899345398
2009-02,3.6,1.0,62.8,6.3,3.0,-0.8,1.3,1.5,2.3,0.1,3.5,-1.3,0.1,1.0,-7.2,-3.248,-3.3,-1.7,-9.4,-2.2,-10.2,34.5,1.1,-0.8,0.8,3.6,-77.0,1.0,0.0,35.6,42.9,37.7,-9.7,1.6,-4.5,-655.0,-1.9,-39.9,0.47,0.322,0.52,4.49,7.6,-659.0,-34.7,33.3,71.9,-4.9,-3.0,-1.3,-1.0,1.7,0.0,0.3,0.25,1.4277962446212769
2009-01,3.6,2.5,80.8,6.1,3.1,-0.3,1.1,-2.0,4.3,0.0,4.7,-1.4,0.9,1.5,-8.1,-4.0,16.5,-2.3,-6.9,-2.9,-7.4,29.3,-3.3,-0.5,1.6,4.0,-73.0,-0.9,0.1,32.4,40.1,38.6,-9.8,-3.1,-4.6,-577.0,-2.4,-41.58,0.56,0.344,0.547,4.74,7.2,-476.0,-22.2,35.1,73.3,-6.5,-5.5,-1.1,-0.9,1.7999999999999998,0.0,0.3,0.25,1.4412959814071655
2008-12,3.6,2.8,90.3,6.0,4.1,0.1,2.0,-3.3,7.5,-0.7,5.1,-0.8,3.0,2.0,-7.6,-3.9,16.0,-1.6,-5.2,-1.4,-5.0,31.8,-2.6,-0.3,0.3,1.3,-76.0,0.4,1.1,36.2,37.3,44.9,-7.4,-2.5,-3.7,-584.0,-1.3,-56.69,0.651,0.388,0.615,4.45,6.7,-179.0,-27.9,33.8,75.2,-6.0,0.6,-0.6,-0.8,1.9,0.0,0.4,0.25,1.4656095504760742
2008-11,3.6,3.1,44.6,5.8,4.5,0.0,1.9,-4.3,15.4,-1.0,6.7,-0.3,4.2,3.0,-7.5,-3.9,3.3,-0.3,-2.9,-0.8,-2.3,35.1,-2.2,-0.5,-0.3,1.7,-82.0,5.2,3.7,38.9,44.4,38.0,-4.1,-2.4,-6.2,-320.0,1.5,-56.56,0.791,0.419,0.73,4.91,6.5,-26.0,-25.4,37.8,76.0,-2.5,-4.4,-0.2,-1.0,2.1,0.0,0.2,0.875,1.5347779989242554
2008-10,3.6,3.4,45.7,5.7,5.2,0.2,2.2,-1.2,24.5,-0.3,8.5,0.6,5.0,4.5,-8.2,-4.4,8.1,-0.6,-2.3,-0.6,-2.0,38.8,-1.5,-0.3,-0.5,1.7,-84.2,8.7,4.9,43.5,50.2,61.4,-1.0,-0.6,-0.2,-284.0,-3.7,-59.08,0.82,0.457,0.805,5.18,6.1,-37.0,-24.6,56.7,75.5,-4.3,-1.0,0.3,-0.3,2.4,0.2,0.2,1.5,1.607303500175476
2008-09,3.7,3.7,32.0,5.5,4.7,0.6,2.0,-2.0,26.2,-0.6,9.7,0.3,4.8,5.0,-7.7,-4.8,10.4,-0.4,-1.5,-0.2,-1.4,40.5,-1.0,-0.04999999999999999,1.2,3.3,-81.0,9.6,5.4,49.9,50.6,58.5,1.6,-0.7,-5.5,-73.0,-1.0,-61.31,0.895,0.452,0.872,4.91,6.1,-14.0,-7.4,57.9,78.7,0.7,-3.0,1.1,0.0,2.6,0.2,0.4,2.0,1.7820864915847778
2008-08,3.7,3.4,20.1,5.4,4.4,-0.2,1.9,-0.6,30.1,0.4,10.2,-0.1,5.0,5.0,-8.0,-5.0,-4.8,-0.1,-1.7,-0.5,-1.3,36.7,-0.9,0.2,0.8,2.1,-83.9,9.8,5.6,50.0,49.5,51.9,2.6,0.3,0.8,-51.0,0.1,-58.8,0.954,0.52,0.937,5.0,5.7,9.0,2.8,50.8,79.9,2.1,0.7,0.7,0.1,2.4,0.3,0.3,2.0,1.810511827468872
2008-07,3.8,3.8,15.0,5.2,3.8,0.3,1.6,2.1,30.0,0.9,10.0,0.8,4.6,5.0,-7.4,-4.1,9.2,-0.8,-1.6,-0.5,-0.8,38.8,0.4,0.4,-3.9,2.2,-88.0,9.2,5.0,50.2,48.2,51.0,3.0,0.8,1.3,-51.0,0.4,-59.2,1.066,0.503,1.091,4.86,5.5,25.0,-4.9,49.6,79.8,0.6,2.4,0.3,0.45,2.25,0.2,0.6,2.0,1.9831039905548096
2008-06,3.9,3.8,9.0,5.3,3.3,0.3,1.5,3.8,27.9,1.6,8.9,0.5,4.3,5.0,-7.5,-4.1,11.0,0.1,0.1,0.0,0.0,43.9,1.9,0.3,3.5,8.1,-92.9,7.2,4.2,49.6,51.7,58.1,2.5,1.2,0.1,-49.0,-0.2,-60.5,0.978,0.533,0.978,4.99,5.5,19.0,-8.7,49.1,79.4,1.3,-0.9,0.5,0.8,2.1,0.1,0.3,2.0,1.992984652519226
2008-05,3.8,4.0,7.2,5.2,3.0,0.5,1.4,2.4,23.3,1.4,7.6,0.9,4.2,5.0,-7.1,-3.8,1.8,-0.5,0.2,-0.5,0.6,46.1,-1.5,0.5,-0.3,3.8,-95.1,6.5,3.9,48.6,52.0,62.8,2.0,1.0,-1.0,-28.0,-0.7,-56.49,1.008,0.525,0.982,4.89,5.0,13.0,-3.2,48.3,79.6,1.5,1.9,0.2,0.4,2.1,0.1,0.1,2.0,1.979492425918579
2008-04,3.8,3.7,-1.2,5.2,2.5,0.4,1.2,1.7,20.1,1.1,6.5,0.3,3.8,5.0,-7.6,-4.3,10.2,0.3,1.2,0.4,1.9,47.2,-1.6,0.3,-0.2,4.7,-78.5,6.9,4.0,48.6,49.6,65.9,2.0,0.1,-0.3,-80.0,0.2,-61.71,0.954,0.526,0.932,4.93,5.1,-18.0,0.6,48.2,80.4,-0.9,1.5,0.5,0.25,2.05,0.1,0.3,2.0,1.9877949953079224
2008-03,3.7,3.9,0.6,5.3,2.5,0.3,1.2,1.9,19.3,0.5,5.7,0.8,4.1,5.25,-7.9,-5.0,2.7,-0.2,0.4,0.5,0.7,52.4,1.5,0.6,1.1,6.3,-64.1,6.4,4.0,48.3,49.3,76.4,2.6,-0.1,-0.9,-76.0,-0.7,-58.96,1.075,0.575,0.984,5.03,4.8,9.5,-22.2,44.5,80.3,-2.3,-2.6,0.9,0.1,2.0,0.1,0.3,2.25,1.9842058420181274
2008-02,3.7,3.8,-10.8,5.2,2.2,-1.0,1.3,2.7,19.1,1.0,5.7,-0.5,4.1,5.25,-7.5,-4.1,14.0,0.0,0.9,0.14999999999999997,0.4,53.9,2.6,0.6,0.8,5.9,-54.7,7.4,4.3,50.7,44.6,87.9,3.9,0.5,-4.7,-22.0,0.1,-57.9,1.071,0.601,1.048,4.89,4.9,37.0,-11.7,51.5,81.5,2.0,-1.6,0.7,0.4,2.2,0.3,0.2,2.625,1.9866102933883667
2008-01,3.6,4.0,-6.4,5.4,2.1,0.6,1.4,1.6,12.2,0.4,5.0,0.6,4.0,5.5,-7.9,-4.4,7.8,-0.1,0.3,-0.2,0.1,56.0,0.3,0.6,-0.2,2.8,-49.1,6.3,4.1,48.4,53.9,88.6,4.1,-0.3,4.4,82.0,0.1,-63.12,1.004,0.605,1.08,4.91,5.0,173.0,9.0,56.4,81.5,1.7,2.6,0.4,0.3,2.2,0.2,0.4,3.0,1.9906044006347656
2007-12,3.6,4.0,-11.1,5.3,2.1,0.0,1.4,2.2,10.9,0.6,4.7,0.4,4.3,5.5,-7.883333333333334,-4.4,11.2,0.4,1.0,0.3,0.3,54.3,1.2,0.6,0.4,4.2,-40.6,7.2,4.3,50.8,54.1,87.8,6.3,1.8,0.5,115.0,0.3,-57.82,1.162,0.634,1.08,5.0,4.7,146.0,9.8,52.9,81.6,0.7,-0.4,0.1,1.0,2.2,0.2,0.5,4.25,1.9866102933883667
2007-11,3.7,4.1,10.6,5.4,2.1,0.3,1.5,2.2,8.5,0.6,3.9,0.4,4.2,5.75,-7.866666666666667,-4.7,-0.4,-0.4,-0.4,-0.6,-0.2,57.4,1.0,0.8,0.0,4.2,-22.2,6.1,3.5,50.9,55.8,95.2,5.2,0.4,-0.4,170.0,-0.7,-57.12,1.232,0.711,1.17,4.98,4.7,119.0,27.4,49.7,81.4,0.3,-0.9,0.4,0.4,2.0,0.2,0.1,4.375,2.0566821098327637
2007-10,3.7,3.7,-12.8,5.4,1.8,0.0,1.5,3.9,6.5,0.3,2.8,0.3,3.9,5.75,-7.85,-4.1,6.9,0.1,0.7,0.5,0.6,60.3,3.0,0.9,0.6,6.3,-14.6,4.4,2.8,52.0,54.8,99.5,5.0,0.3,-1.4,96.0,0.2,-56.8,1.193,0.716,1.261,5.03,4.7,27.0,28.8,54.2,82.1,-3.5,1.1,0.3,0.5,1.9,0.15000000000000002,0.3,4.5,2.079780340194702
2007-09,3.5,3.5,-4.2,5.4125000000000005,1.8,0.4,1.8,-1.4,0.7,0.1,2.5,0.6,4.1,5.75,-7.833333333333333,-4.6,9.1,-0.1,0.8,0.39999999999999997,0.8,54.8,3.7,0.9,0.6,4.8,-3.3,2.2,2.0,52.9,55.8,105.0,3.7,-0.4,-5.3,93.0,0.0,-59.0,1.327,0.735,1.307,5.48,4.6,48.0,14.7,53.8,82.0,0.10000000000000009,-1.8,0.5,0.6,1.8,0.1,0.3,4.75,2.0457847118377686
2007-08,3.4,3.4,-6.7,5.425000000000001,1.9,-0.5,1.7,-0.8,-0.3,0.3,2.5,-0.6,3.8,5.75,-7.816666666666666,-3.9,-6.5,0.0,0.8,0.29999999999999993,1.0,61.8,4.3999999999999995,0.9,0.7,4.4,3.6500000000000004,4.0,2.4,53.8,55.8,111.9,3.2,0.7,6.1,68.0,0.5,-59.43,1.367,0.867,1.389,5.75,4.6,150.0,25.1,53.4,82.2,3.7,3.4,0.4,0.4,1.9,0.1,0.3,5.25,2.017186403274536
2007-07,3.5,3.5,-6.7,5.4375,2.4,0.2,1.775,0.6,2.1,0.3,2.5,0.5,4.4,5.75,-7.8,-0.09999999999999964,7.0,0.6,0.5,0.19999999999999996,1.2000000000000002,60.1,5.1,0.9,0.4,3.7,10.6,3.3,2.7,56.0,60.7,105.3,3.8,-0.4,1.9,69.0,0.6,-59.16,1.467,0.846,1.413,5.76,4.5,123.5,26.5,60.2,81.7,-0.5,-0.5,0.5,0.2,1.9,0.1,0.3,5.25,2.029385566711426
2007-06,3.6,4.1,-6.7,5.45,2.5,0.2,1.85,1.4,1.2,0.4,2.5,0.4,4.3,5.5,-8.1,3.7,8.7,0.3,0.4,0.09999999999999998,1.4,58.0,4.55,0.9,0.4,3.9,23.9,4.1,2.7,55.0,59.7,108.5,5.0,-1.1102230246251565e-16,-2.3,190.0,-0.1,-58.5,1.434,0.893,1.52,5.99,4.5,97.0,25.8,61.7,81.4,0.5,-0.2,0.4,0.6,2.0,0.1,0.1,5.25,2.008314371109009
2007-05,3.7,4.4,-6.7,5.4625,2.8,0.2,1.925,0.7,-0.3,0.5,2.5,0.5,4.5,5.5,-7.3,0.9569999999999999,1.1,0.2,-0.4,-2.7755575615628914e-17,1.6,59.8,4.0,0.9,-0.1,4.2,24.7,3.2,2.6,54.7,56.0,108.5,3.2,0.39999999999999997,1.1,80.0,0.4,-62.39,1.506,0.93,1.4885000000000002,6.01,4.5,97.0,25.8,61.7,81.5,4.1,2.5,0.0,0.5,2.15,0.1,0.06666666666666667,5.25,1.9798059463500977
