Date,average-weekly-earnings-regular-pay united-kingdom,average-weekly-earnings-total-pay united-kingdom,claimant-count-change united-kingdom,unemployment-rate united-kingdom,cpi-yy united-kingdom,core-cpi-mm united-kingdom,core-cpi-yy united-kingdom,ppi-input-mm united-kingdom,ppi-input-yy united-kingdom,ppi-output-mm united-kingdom,ppi-output-yy united-kingdom,rpi-mm united-kingdom,rpi-yy united-kingdom,trade-balance united-kingdom,trade-balance-non-eu united-kingdom,public-sector-net-borrowing united-kingdom,industrial-production-mm united-kingdom,industrial-production-yy united-kingdom,manufacturing-production-mm united-kingdom,manufacturing-production-yy united-kingdom,markit-construction-pmi united-kingdom,brc-retail-sales-monitor-yy united-kingdom,index-of-services united-kingdom,retail-sales-mm united-kingdom,retail-sales-yy united-kingdom,rics-house-price-balance united-kingdom,boe-interest-rate-decision united-kingdom,labor-cash-earnings-yy japan,unemployment-rate japan,domestic-corporate-goods-price-index-mm japan,domestic-corporate-goods-price-index-yy japan,corporate-service-price-yy japan,national-consumer-price-index-yy japan,national-consumer-price-index-ex-fresh-food-yy japan,tokyo-consumer-price-index-yy japan,tokyo-consumer-price-index-ex-fresh-food-yy japan,m2-money-stock-yy japan,monetary-base-yy japan,adjusted-trade-balance japan,current-account-nsa japan,balance-of-payments japan,trade-balance japan,all-industry-activity-index-mm japan,capacity-utilization japan,tertiary-industry-activity-index-mm japan,household-spending-yy japan,large-retailers-sales-yy japan,retail-sales-mm japan,boj-interest-rate-decision japan,GBPJPY
2022-08,4.7,5.1,-10.6,3.8,10.1,0.3,6.2,0.1,22.6,1.6,17.1,0.9,12.3,-22.847,-12.29,4.18,-0.9,2.4,-1.6,1.3,48.9,1.6,-0.4,0.3,-3.4,63.0,1.75,2.2,2.6,0.4,8.6,2.1,2.6,2.4,2.9,2.6,3.4,2.8,-2133.3,-132.4,-1114.0,-1436.8,1.3,9.6,-0.2,3.5,1.3,-1.4,-0.1,161.89300537109375
2022-07,4.3,6.2,-20.1,3.8,9.4,0.4,5.8,1.8,24.0,1.4,16.5,0.9,11.8,-21.445,-10.367,22.115,0.9,1.4,1.4,2.3,52.6,-1.3,0.1,-0.1,-5.8,65.0,1.5,1.0,2.6,0.7,9.2,2.0,2.4,2.2,2.5,2.3,3.3,3.9,-1928.9,128.4,-1951.2,-1383.8,1.3,-9.2,0.8,-0.5,8.5,0.6,-0.1,162.52847290039062
2022-06,4.2,6.8,-19.7,3.8,9.1,0.5,5.9,2.1,22.1,1.6,15.7,0.7,11.7,-20.893,-10.988,13.226,-0.6,0.7,-1.0,0.5,56.4,-1.5,0.0,-0.5,-4.7,73.0,1.25,1.7,2.5,0.0,9.1,1.8,2.5,2.1,2.3,2.1,3.2,4.6,-1931.4,501.1,-688.4,-2384.7,1.3,0.0,0.7,-1.7,4.0,0.8,-0.1,165.66299438476562
2022-05,4.2,7.0,-56.9,3.7,9.0,0.7,6.2,1.1,18.6,2.3,14.0,3.4,11.1,-23.897,-13.804,17.796,-0.2,0.7,-0.2,1.9,58.2,-1.7,0.4,1.4,-4.9,80.0,1.0,1.2,2.6,1.2,10.0,1.7,2.5,2.1,2.4,1.9,3.6,6.6,-1618.9,2549.3,-166.1,-839.2,1.3,-1.6,1.3,-2.3,1.5,2.0,-0.1,161.59500122070312
2022-04,4.0,5.4,-46.9,3.8,7.0,0.9,5.7,5.2,19.2,2.0,11.9,1.0,9.0,-20.594,-12.138,17.319,-0.6,1.6,-0.4,3.6,59.1,-0.4,0.8,-1.4,0.9,74.0,0.875,1.2,2.7,0.8,9.5,1.3,1.2,0.8,1.85,1.35,3.5,7.9,-899.8,1648.3,-176.8,-412.4,1.3,1.5,-1.3,1.1,0.1,-0.8,-0.1,163.1939239501953
2022-03,3.8,4.8,-48.1,3.9,6.2,0.8,5.2,1.4,14.7,0.8,10.1,0.8,8.2,-26.499,-13.65,12.348,0.7,2.3,0.8,3.6,59.1,2.7,1.0,-0.3,7.0,79.0,0.75,0.9,2.7,0.8,9.3,1.1,0.9,0.6,1.3,0.8,3.6,7.6,-1031.4,-1188.7,-1604.3,-668.3,1.3,-3.2,-0.7,6.9,2.6,-1.9,-0.1,160.26300048828125
2022-02,3.7,4.3,-31.9,4.1,5.5,-0.4,4.4,0.9,13.6,1.2,9.9,0.0,7.8,-12.354,-7.876,-3.65,0.3,0.4,0.2,1.3,56.3,8.1,1.2,1.9,9.1,74.0,0.5,-0.2,2.7,0.6,8.6,1.2,0.5,0.2,1.0,0.5,3.6,8.4,-932.6,-370.8,-318.7,-2191.1,1.3,-0.4,0.4,-0.2,1.4,-1.0,-0.1,154.552001953125
2022-01,3.8,4.2,-43.3,4.1,5.4,0.5,4.2,-0.2,13.5,0.3,9.3,1.1,7.5,-11.337,-5.665,16.084,1.0,0.1,1.1,0.4,54.3,0.6,1.3,-3.7,-0.9,69.0,0.375,0.0,2.8,-0.2,8.5,1.1,0.8,0.5,0.5,0.2,3.7,8.3,-435.3,897.3,-431.3,-582.4,1.3,8.0,0.4,-1.3,1.4,1.2,-0.1,154.4759979248047
2021-12,4.3,4.9,-49.7,4.2,5.1,0.5,4.0,1.0,14.3,0.9,9.1,0.7,7.1,-13.934,-8.618,16.62,-0.6,1.4,0.0,1.3,55.5,1.8,1.1,1.4,4.7,71.0,0.25,0.2,2.7,0.6,9.0,1.1,0.6,0.5,0.5,0.25,4.0,9.3,-486.8,1180.1,166.7,-954.8,1.3,6.2,1.5,-0.6,0.9,1.1,-0.1,155.29400634765625
2021-11,4.9,5.8,-14.9,4.3,4.2,0.7,3.4,1.4,13.0,1.1,8.0,1.1,6.0,-14.736,-9.103,18.035,-0.4,2.9,-0.1,2.8,54.6,-0.2,1.6,0.8,-1.3,70.0,0.1,0.2,2.8,1.2,8.0,1.0,0.1,0.1,0.5,0.3,4.2,9.9,-444.7,1033.7,-229.9,-67.4,1.3,-7.3,0.5,-1.9,-1.3,2.7,-0.1,151.5050048828125
2021-10,6.0,7.2,-51.1,4.5,3.1,0.4,2.9,0.4,11.4,0.5,6.7,0.4,4.9,-14.927,-8.395,21.014,0.8,3.7,0.5,4.1,52.6,-0.6,3.7,-0.2,-1.3,68.0,0.1,0.7,2.8,0.3,6.3,0.9,0.2,0.1,0.3,0.1,4.2,11.7,-624.8,1665.6,-372.4,-622.8,1.3,-3.9,-1.7,-3.0,-4.7,-4.1,-0.1,155.9597930908203
2021-09,6.8,8.3,-58.6,4.6,3.2,0.7,3.1,0.4,11.0,0.7,5.9,0.6,4.8,-12.706,-6.99,19.78,1.2,3.8,0.0,6.0,55.2,1.5,4.5,-0.9,0.0,10.0,0.1,1.0,2.8,0.0,5.5,1.0,-0.4,0.0,-0.050000000000000044,0.05,4.7,14.9,-271.8,1910.8,622.3,-635.4,1.3,-3.4,-0.6,0.7,1.3,1.1,-0.1,150.27999877929688
2021-08,7.4,8.8,-7.8,4.7,2.0,0.0,1.8,0.8,9.9,0.6,4.9,0.5,3.8,-11.988,-7.095,9.619,-0.7,8.3,0.2,13.9,58.7,4.7,5.7,-2.5,2.4,79.0,0.1,-0.1,2.9,1.1,5.6,1.1,0.2,0.4,-0.4,0.0,5.2,15.4,52.7,905.1,648.5,441.0,1.3,6.2,2.3,-5.1,-2.2,3.1,-0.1,151.26199340820312
2021-07,6.6,7.3,-114.7,4.8,2.5,0.5,2.3,-0.1,9.1,0.4,4.3,0.7,3.9,-8.481,-4.196,22.02,0.8,20.6,-0.1,27.7,66.3,6.7,3.9,0.5,9.7,83.0,0.1,1.9,3.0,0.6,5.0,1.4,0.2,0.2,-0.2,0.0,5.9,19.1,-90.2,1979.7,2.0,383.2,1.3,-6.8,-2.7,11.6,5.7,-0.4,-0.1,152.6054229736328
2021-06,5.6,5.6,-92.6,4.7,2.1,0.8,2.0,1.1,10.7,0.5,4.6,0.3,3.3,-10.958,-5.549,23.605,-1.3,27.5,-0.3,39.7,64.2,18.5,1.4,-1.4,24.6,83.0,0.1,1.6,2.8,0.7,4.9,1.5,-0.1,0.1,0.0,0.0,7.9,22.4,43.1,1321.8,289.5,-187.1,1.3,1.1,-0.7,13.0,15.5,-4.5,-0.1,152.97300720214844
2021-05,4.6,4.0,-15.1,4.8,1.5,0.3,1.3,1.2,9.9,0.4,3.9,1.4,2.9,-11.71,-6.548,30.962,1.8,3.6,2.1,4.8,61.6,39.6,-2.0,9.2,42.4,75.0,0.1,0.2,2.6,0.7,3.6,1.0,-0.4,-0.1,-0.4,-0.2,9.2,24.3,65.2,2650.1,983.1,255.3,1.3,5.6,1.1,6.2,3.0,1.2,-0.1,155.83599853515625
2021-04,4.4,4.5,10.2,4.9,0.7,0.4,1.1,1.3,5.9,0.5,1.9,0.3,1.5,-16.442,-10.728,27.271,1.0,-3.5,1.3,-4.2,61.7,20.3,-1.9,5.4,7.2,59.0,0.1,-0.2,2.9,0.8,1.0,0.7,-0.2,-0.1,-0.6,-0.2,9.5,20.8,297.8,2916.9,524.2,663.7,1.3,-2.8,0.3,-6.6,-4.7,3.1,-0.1,151.91000366210938
2021-03,4.2,4.8,86.5,5.0,0.4,0.0,0.9,0.6,2.6,0.6,0.9,0.5,1.4,-9.826,-1.756,18.413,-1.5,-4.9,-2.3,-5.2,53.3,9.5,-2.4,2.1,-3.7,52.0,0.1,-0.8,2.9,0.4,-0.7,-0.1,-0.4,-0.4,-0.2,-0.1,9.6,19.6,-38.7,646.8,-130.1,217.4,1.3,4.7,-1.7,-6.1,-7.2,-0.5,-0.1,151.58399963378906
2021-02,4.1,4.7,-20.0,5.1,0.7,-0.5,1.4,0.7,1.3,0.4,-0.2,-0.3,1.4,-14.315,-5.2,8.016,0.2,-3.3,0.3,-2.5,49.2,7.1,0.6,-8.2,-5.9,50.0,0.1,-3.2,2.9,0.4,-1.6,-0.5,-0.6,-0.6,-0.3,-0.3,9.4,18.9,392.8,1165.6,965.1,-323.9,1.3,0.8,-0.4,-0.6,-3.5,-0.8,-0.1,148.2642364501953
2021-01,3.6,3.6,7.0,5.0,0.6,0.3,1.4,0.8,0.2,0.3,-0.4,0.6,1.2,-16.012,-8.012,33.375,-0.1,-4.7,0.7,-3.8,54.6,4.8,3.7,0.3,2.9,65.0,0.1,-2.2,2.9,0.5,-2.0,-0.4,-1.2,-1.0,-0.5,-0.4,9.2,18.3,477.1,1878.4,616.1,751.0,1.3,-2.9,-0.7,1.1,-3.4,-2.0,-0.1,143.48989868164062
2020-12,2.8,2.7,64.3,4.9,0.3,-0.1,1.1,0.2,-0.5,0.2,-0.8,-0.3,0.9,-11.999,-4.544,30.837,1.3,-5.5,1.7,-7.1,54.7,7.7,9.7,-3.8,2.4,66.0,0.1,-0.8,3.1,0.0,-2.2,-0.6,-0.9,-0.9,-1.3,-0.9,9.1,16.5,570.2,2144.7,971.1,366.8,1.3,6.0,1.0,1.9,2.9,0.4,-0.1,140.5330047607422
2020-11,1.9,1.3,-29.8,4.8,0.7,0.2,1.5,0.2,-1.3,0.0,-1.4,0.0,1.3,-9.348,-1.654,21.584,0.5,-6.3,0.2,-7.9,53.1,5.2,14.2,1.2,5.8,68.0,0.1,-0.9,3.0,-0.2,-2.1,-0.6,-0.4,-0.7,-0.7,-0.7,9.0,16.3,314.3,1660.2,918.4,872.9,1.3,6.4,1.8,-10.2,-13.9,-0.1,-0.1,138.74600219726562
2020-10,0.8,0.0,28.0,4.5,0.5,0.6,1.3,1.1,-3.7,-0.1,-0.9,0.3,1.1,-9.01,-2.308,35.367,0.3,-6.4,0.7,-8.4,56.8,6.1,7.1,1.5,4.7,61.0,0.1,-1.3,2.95,-0.2,-0.8,1.3,0.0,-0.3,-0.3,-0.5,9.0,14.3,475.8,2102.8,413.2,675.0,1.3,2.9,0.8,-6.9,-3.2,4.6,-0.1,135.3916015625
2020-09,0.2,-1.0,73.7,4.1,0.2,-0.6,0.9,-0.4,-5.8,0.0,-0.9,-0.3,0.5,-8.635,-2.363,35.195,5.2,-7.8,6.3,-9.4,54.6,4.7,-8.1,0.8,2.8,44.0,0.1,-1.3,2.9,0.2,-0.5,1.0,0.2,-0.4,0.2,-0.2,8.6,11.5,350.6,1468.3,137.3,248.3,6.1,9.6,-0.5,-7.6,-4.2,-3.3,-0.1,135.9250030517578
2020-08,-0.2,-1.2,94.4,3.9,1.0,0.4,1.8,1.8,-5.7,0.3,-0.9,0.5,1.6,-5.116,0.296,25.944,9.3,-12.5,11.0,-14.6,58.1,4.3,-19.9,3.6,1.4,12.0,0.1,-1.7,2.8,0.6,-0.9,1.2,0.3,0.0,0.3,-0.3,7.9,9.8,-34.8,167.5,-77.3,11.6,-3.5,6.2,7.9,-1.2,-3.5,13.1,-0.1,140.93800354003906
2020-07,0.7,-0.3,-28.1,3.9,0.6,0.2,1.4,2.4,-6.4,0.3,-0.8,0.2,1.1,-2.805,0.649,34.801,6.0,-20.0,8.4,-22.8,55.3,10.9,-18.9,13.9,-1.6,-15.0,0.1,-2.1,2.9,0.6,-1.6,0.8,0.1,0.0,0.3,-0.04999999999999999,7.2,6.0,-423.9,1176.8,-556.8,-268.8,-6.4,-11.6,-2.1,-16.2,-16.7,2.1,-0.1,137.3000030517578
2020-06,1.7,1.0,528.9,3.9,0.5,0.0,1.2,0.3,-10.0,-0.3,-1.4,-0.1,1.0,-7.49,-2.658,54.499,-20.3,-24.4,-24.3,-28.5,28.9,7.9,-9.9,12.0,-13.1,-32.0,0.1,-0.6,2.6,-0.4,-2.7,0.8,0.1,-0.2,0.3,0.2,5.1,3.9,-601.0,262.7,-966.5,-833.4,-3.8,-13.3,-6.0,-11.1,-22.1,-9.6,-0.1,132.43099975585938
2020-05,2.7,2.4,856.5,3.9,0.8,0.1,1.4,-5.1,-9.8,-0.7,-0.7,0.0,1.5,-12.508,-4.88,61.357,-4.2,-8.2,-4.6,-9.7,8.2,5.7,-1.9,-18.1,-22.6,-21.0,0.1,0.1,2.5,-1.5,-2.3,1.0,0.1,-0.2,0.4,0.2,3.7,2.3,-996.3,1971.0,103.1,-930.4,-0.6,-3.6,-4.2,-6.0,-10.1,-4.5,-0.1,132.9126739501953
2020-04,2.9,2.8,12.2,4.0,1.5,0.1,1.6,-3.6,-2.9,-0.2,0.3,0.2,2.6,-11.487,-5.573,2.325,0.1,-2.8,0.5,-3.9,39.3,-3.5,0.2,-5.1,-5.8,11.0,0.175,1.0,2.4,-0.9,-0.4,1.6,0.4,0.4,0.2,-0.1,3.3,2.8,-190.0,3168.8,1366.6,4.9,0.8,-1.8,-0.5,-0.3,0.2,0.6,-0.1,132.94400024414062
2020-03,3.1,3.1,17.3,3.9,1.7,0.6,1.7,-1.2,-0.5,-0.3,0.4,0.5,2.5,-3.72,2.232,-0.394,-0.1,-2.9,0.2,-3.6,52.6,-0.4,0.0,-0.3,0.0,29.0,0.25,1.5,2.4,-0.4,0.8,2.1,0.4,0.6,0.4,0.4,3.0,3.6,498.3,612.3,-985.1,1109.8,0.0,1.1,0.8,-3.9,-1.4,0.6,-0.1,133.63600158691406
2020-02,3.2,2.9,5.5,3.8,1.8,-0.6,1.6,0.9,2.1,0.3,1.1,-0.4,2.7,0.845,6.721,-10.538,0.1,-1.8,0.3,-2.5,48.4,0.0,0.1,0.9,0.8,17.0,0.5,0.0,2.2,0.2,1.7,2.3,0.7,0.8,0.4,0.5,2.8,2.9,-224.1,524.0,120.7,-1312.6,0.9,-0.4,-0.2,-4.8,-3.0,0.2,-0.1,138.68505859375
2020-01,3.4,3.2,14.8,3.8,1.3,0.0,1.4,0.1,-0.1,0.0,0.9,0.3,2.2,-5.256,1.734,4.04,-1.2,-1.6,-1.7,-2.0,44.4,1.7,0.1,-0.6,0.9,-2.0,0.75,-0.2,2.2,0.1,0.9,2.1,0.8,0.7,0.6,0.7,2.7,3.2,-102.5,1436.8,-2.5,-152.5,-4.3,-0.3,1.3,-2.0,-1.8,4.5,-0.1,142.46099853515625
2019-12,3.5,3.2,28.8,3.8,1.5,0.2,1.7,-0.3,-2.7,-0.2,0.5,0.2,2.2,-14.486,-5.729,4.878,0.1,-1.3,0.2,-1.2,45.3,-4.9,0.2,-0.6,1.0,-12.0,0.75,0.5,2.4,0.2,0.1,2.1,0.5,0.5,0.9,0.8,2.8,3.3,-60.8,1816.8,254.0,-82.1,1.5,-4.5,-4.6,-5.1,-8.2,-14.4,-0.1,142.76400756835938
2019-11,3.6,3.6,33.0,3.8,1.5,0.1,1.7,-1.3,-5.1,-0.1,0.8,-0.2,2.1,-12.541,-4.032,10.509,-0.3,-1.4,-0.4,-1.8,44.2,0.1,0.4,-0.1,3.1,-5.0,0.75,0.8,2.4,1.1,-0.4,2.1,0.2,0.4,0.8,0.6,2.5,3.1,-34.7,1612.9,1.1,17.3,0.0,1.0,1.8,9.5,10.0,7.1,-0.1,141.54808044433594
2019-10,3.8,3.8,21.1,3.9,1.7,0.2,1.7,-0.8,-2.8,-0.1,1.2,-0.2,2.4,-9.806,-2.206,8.734,-0.6,-1.8,-0.7,-1.7,43.3,-1.7,0.4,0.0,3.1,-2.0,0.75,-0.2,2.2,0.0,-1.1,0.5,0.2,0.3,0.4,0.5,2.4,3.0,-97.2,2157.7,50.9,-123.0,0.2,-2.9,0.4,1.0,0.4,4.8,-0.1,140.3419952392578
2019-09,3.8,4.0,28.2,3.8,1.7,0.4,1.5,-0.1,-0.8,-0.1,1.6,0.8,2.6,-9.144,-1.932,5.766,0.1,-0.9,0.3,-0.6,45.0,-0.5,0.2,-0.2,2.7,-4.0,0.75,-0.3,2.2,-0.3,-0.9,0.6,0.3,0.5,0.4,0.5,2.4,2.8,-130.8,1999.9,-74.5,-136.3,-0.8,1.1,0.1,0.8,-4.8,-2.3,-0.1,132.67999267578125
2019-08,3.9,3.7,27.9,3.9,2.1,0.1,1.9,0.9,1.3,0.3,1.8,0.0,2.8,-7.009,-0.186,-1.971,-0.1,-0.6,-0.2,-1.4,45.3,0.1,0.1,0.2,3.3,-9.0,0.75,0.4,2.3,0.0,-0.6,0.5,0.5,0.6,0.6,0.7,2.4,3.7,-126.8,1211.2,759.3,-249.6,0.3,-2.6,-0.1,2.7,-0.5,0.0,-0.1,129.22000122070312
2019-07,3.6,3.4,38.0,3.8,2.0,0.0,1.8,-1.4,-0.3,-0.1,1.6,0.1,2.9,-11.524,-4.905,6.5,1.4,0.9,1.4,0.0,43.1,-1.6,0.3,1.0,3.8,-1.0,0.75,-0.2,2.4,-0.5,-0.1,0.7,0.7,0.6,0.9,0.9,2.3,4.0,-14.4,1594.8,-650.9,589.5,0.9,1.7,-0.2,4.0,-0.5,0.3,-0.1,132.01800537109375
2019-06,3.4,3.1,23.2,3.8,2.0,0.2,1.7,0.0,1.3,0.3,1.8,0.3,3.0,-12.113,-4.595,4.463,-2.7,-1.0,-3.9,-0.8,48.6,-3.0,0.2,-0.5,2.3,-10.0,0.75,-0.1,2.4,-0.1,0.7,0.8,0.7,0.8,1.1,0.9,2.7,3.6,-609.1,1707.4,-98.2,-967.1,-0.4,1.6,0.8,1.3,-1.8,0.0,-0.1,136.9499969482422
2019-05,3.3,3.2,24.7,3.8,2.1,0.3,1.8,1.1,3.8,0.3,2.1,1.1,3.0,-13.65,-4.361,4.967,0.7,1.3,0.9,2.6,50.5,3.7,0.3,0.0,5.2,-23.0,0.75,-1.9,2.5,0.3,1.2,0.9,0.9,0.9,1.1,1.1,2.6,3.1,-110.9,2847.9,700.1,60.4,-0.2,-0.4,-0.4,2.1,0.6,0.2,-0.1,137.87899780273438
2019-04,3.4,3.5,28.3,3.9,1.9,0.2,1.8,-0.2,3.7,0.3,2.4,0.0,2.4,-14.112,-5.841,0.84,0.6,0.1,0.9,0.6,49.7,-1.1,0.4,1.1,6.7,-24.0,0.75,-0.8,2.3,0.3,1.3,1.1,0.5,0.8,1.4,1.3,2.4,3.8,-177.8,2676.8,489.2,528.5,-0.2,1.0,-0.6,1.7,-1.8,0.2,-0.1,144.46499633789062
2019-03,3.4,3.4,27.1,3.9,1.9,0.5,1.8,0.6,3.7,0.1,2.2,0.7,2.5,-13.084,-4.977,-0.664,0.6,-0.9,0.8,-1.1,49.5,-0.1,0.5,0.4,4.0,-28.0,0.75,1.2,2.5,0.2,0.8,1.1,0.2,0.7,0.9,1.1,2.4,4.6,116.1,600.4,-964.8,339.0,-0.4,-4.7,0.4,2.0,-3.3,-2.3,-0.1,144.55999755859375
2019-02,3.4,3.4,14.2,4.0,1.8,-0.8,1.9,-0.1,2.9,0.0,2.1,-0.9,2.5,-12.102,-3.642,-15.759,-0.5,-0.9,-0.7,-2.1,50.6,1.8,0.4,1.0,4.2,-22.0,0.75,1.8,2.4,-0.6,0.6,1.1,0.2,0.8,0.6,1.1,2.4,4.7,-370.0,452.8,216.2,-1415.2,-0.3,-1.9,-0.3,0.1,-1.0,0.9,-0.1,147.63600158691406
2019-01,3.3,3.4,20.8,4.0,2.1,0.3,1.9,-1.0,3.7,-0.3,2.5,0.4,2.7,-12.023,-3.925,2.112,-0.4,-1.5,-0.3,-1.1,52.8,-0.7,0.3,-0.9,3.0,-19.0,0.75,2.0,2.5,-0.6,1.5,1.1,0.3,0.7,0.4,1.1,2.4,4.8,-183.6,757.2,-559.1,-55.3,1.9,1.0,-0.3,-0.6,-2.2,-1.0,-0.1,142.91000366210938
2018-12,3.3,3.3,21.9,4.1,2.3,0.3,1.8,-2.3,5.6,0.2,3.1,0.0,3.2,-11.873,-4.251,6.345,-0.6,-0.8,-0.9,-1.0,53.4,-0.5,0.3,1.4,3.6,-11.0,0.75,1.5,2.4,-0.3,2.3,1.2,0.8,0.9,0.3,0.9,2.3,6.1,-492.2,1309.9,-321.7,-737.3,-0.9,4.0,1.9,-0.3,-0.8,1.2,-0.1,140.02699279785156
2018-11,3.2,3.0,20.2,4.1,2.4,0.0,1.9,0.8,10.0,0.3,3.3,0.1,3.3,-9.731,-2.343,7.956,0.0,0.0,0.2,0.5,53.2,0.1,0.4,-0.5,2.2,-10.0,0.75,1.1,2.3,0.3,2.9,1.3,1.4,1.0,0.8,1.0,2.7,5.9,-302.7,1821.6,323.3,-449.3,0.5,-1.5,-1.1,-1.6,0.4,-0.2,-0.1,144.9600067138672
2018-10,3.1,2.7,18.6,4.0,2.4,0.0,1.9,1.3,10.3,0.4,3.1,0.0,3.3,-11.195,-4.219,3.259,0.2,1.3,-0.2,1.3,52.1,-0.2,0.5,-0.8,3.0,-2.0,0.75,0.9,2.4,0.3,3.0,1.2,1.2,1.0,1.5,1.0,2.8,5.9,-238.9,1838.4,-219.3,139.6,0.0,2.2,0.5,2.8,-0.1,0.9,-0.1,143.6699981689453
2018-09,2.9,2.6,8.7,4.0,2.7,0.8,2.1,0.5,8.7,0.2,2.9,0.9,3.5,-9.973,-2.8,5.889,0.1,0.9,-0.2,1.1,52.9,0.2,0.6,0.3,3.3,2.0,0.75,1.5,2.5,0.0,3.0,1.3,1.3,0.9,1.3,1.0,2.9,6.9,-190.4,2009.7,-1.0,-444.6,-0.8,-0.6,0.1,0.1,-1.6,0.1,-0.1,148.08999633789062
2018-08,2.7,2.4,6.2,4.0,2.5,-0.1,1.9,0.5,10.9,0.0,3.1,0.1,3.2,-11.383,-2.94,-2.872,0.4,1.1,0.4,1.5,55.8,0.5,0.5,0.7,3.5,4.0,0.75,3.6,2.4,0.5,3.1,1.1,0.9,0.8,1.2,0.9,3.0,7.0,-45.6,1175.6,820.5,-231.2,0.1,-2.2,-0.5,-1.2,1.5,1.5,-0.1,144.4080047607422
2018-07,2.7,2.5,7.8,4.2,2.4,-0.1,1.9,0.2,10.2,0.1,3.1,0.3,3.4,-12.362,-3.491,4.53,-0.4,0.8,0.4,1.1,53.1,1.1,0.4,-0.5,2.9,2.0,0.625,2.1,2.2,0.2,2.8,1.2,0.7,0.8,0.9,0.8,3.2,7.4,66.2,1938.3,-303.8,721.4,1.0,-2.1,0.1,-3.9,-2.0,-1.7,-0.1,145.7790069580078
2018-06,2.8,2.5,-7.7,4.2,2.4,0.3,2.1,2.8,9.2,0.4,2.9,0.4,3.3,-14.035,-5.372,3.356,-0.8,1.8,-1.4,1.4,52.5,2.8,0.2,1.3,3.9,-3.0,0.5,0.8,2.5,0.6,2.7,1.0,0.7,0.7,0.6,0.7,3.2,8.1,-296.8,1845.1,573.8,-578.3,0.0,1.8,1.0,-1.3,-0.8,1.4,-0.1,146.22999572753906
2018-05,2.9,2.6,31.3,4.2,2.4,0.4,2.1,0.4,5.3,0.3,2.7,0.5,3.4,-12.287,-3.639,6.23,0.1,2.9,-0.1,2.9,52.5,-4.2,0.3,1.6,1.4,-8.0,0.5,2.1,2.5,0.1,2.0,0.9,0.6,0.7,0.4,0.5,3.3,7.8,550.0,3122.3,1190.7,626.0,0.4,0.5,-0.3,-0.2,0.1,-0.7,-0.1,144.3939971923828
2018-04,2.8,2.8,11.6,4.2,2.5,0.2,2.3,-0.1,4.2,0.2,2.4,0.1,3.3,-10.203,-2.237,-0.262,0.1,2.2,-0.2,2.5,47.0,1.4,0.4,-1.2,1.1,0.0,0.5,1.3,2.5,-0.1,2.1,0.5,1.1,0.9,0.5,0.6,3.2,9.1,119.2,2076.0,188.7,797.3,-1.8,1.3,0.0,0.1,0.6,0.4,-0.1,150.23300170898438
2018-03,2.6,2.8,9.2,4.3,2.7,0.6,2.4,-1.1,3.4,0.0,2.6,0.8,3.6,-12.325,-3.868,-0.272,1.3,1.6,0.1,2.7,51.4,0.6,0.6,0.8,1.5,0.0,0.5,0.7,2.65,0.0,2.5,0.6,1.5,1.0,1.0,0.8,3.3,9.4,-201.5,607.4,-666.6,3.4,0.5,-7.3,-0.6,2.0,0.5,-1.8,-0.1,148.5800018310547
2018-02,2.5,2.5,-7.1,4.4,3.0,-0.8,2.7,0.7,4.7,0.1,2.8,-0.8,4.0,-13.576,-5.178,-11.62,-1.3,0.0,0.3,1.4,50.2,0.6,0.6,0.1,1.6,8.0,0.5,0.7,2.8,0.3,2.7,0.7,1.4,0.9,1.15,0.75,3.4,9.7,373.3,797.2,538.9,-943.4,1.0,2.8,-0.2,0.9500000000000001,1.1,0.9,-0.1,149.38699340820312
2018-01,2.4,2.5,8.6,4.3,3.0,0.3,2.5,0.1,4.9,0.4,3.3,0.8,4.1,-12.231,-4.675,0.979,0.4,2.5,0.4,3.5,52.2,0.6,0.4,-1.5,1.4,8.0,0.5,0.9,2.7,0.2,3.1,0.8,1.0,0.9,1.3,0.7,3.6,11.2,86.8,1347.3,181.0,359.0,0.3,0.0,1.1,-0.1,1.4,1.9,-0.1,153.90699768066406
2017-12,2.3,2.5,6.0,4.3,3.1,0.3,2.7,1.8,7.3,0.3,3.0,0.2,3.9,-10.781,-2.382,8.118,0.0,3.6,0.1,3.9,53.1,0.6,0.3,1.1,1.6,0.0,0.5,0.6,2.8,0.4,3.5,0.8,0.6,0.9,1.0,0.8,4.0,13.2,364.1,2176.4,430.2,113.4,-0.5,0.2,0.3,1.7,-0.7,0.0,-0.1,152.24000549316406
2017-11,2.2,2.2,1.1,4.3,3.0,0.0,2.7,1.0,4.6,0.2,2.8,0.1,4.0,-11.253,-2.982,7.464,0.7,2.5,0.7,2.7,50.8,-1.0,0.4,0.3,-0.3,1.0,0.5,0.9,2.8,0.3,3.4,0.8,0.2,0.8,0.3,0.6,4.1,14.5,322.9,2271.2,852.2,285.4,0.1,-1.5,-0.2,0.0,1.9,0.8,-0.1,150.24899291992188
2017-10,2.1,2.2,1.7,4.3,3.0,0.2,2.7,0.4,8.4,0.2,3.3,0.1,3.9,-14.245,-5.835,5.326,0.2,1.6,0.4,2.8,48.1,1.9,0.4,-0.8,1.2,6.0,0.375,0.9,2.8,0.2,3.0,0.9,0.7,0.7,-0.2,0.6,4.1,15.6,240.3,2380.4,318.7,670.2,-0.1,3.3,-0.2,-0.3,0.6,-1.7,-0.1,149.27999877929688
2017-09,2.1,2.1,-2.8,4.3,2.9,0.6,2.7,1.6,7.6,0.4,3.4,0.7,3.9,-11.576,-3.842,5.093,0.2,0.4,0.5,1.9,51.1,1.3,0.5,1.0,2.4,6.0,0.25,-0.3,2.8,0.0,2.9,0.8,0.7,0.7,0.5,0.5,4.0,16.3,367.3,2320.0,566.6,113.6,0.4,-1.8,0.1,0.6,-0.2,1.1,-0.1,151.2899932861328
2017-08,2.1,2.1,-4.2,4.4,2.6,-0.1,2.4,0.0,6.5,0.1,3.2,0.2,3.6,-12.722,-4.471,-0.76,0.5,0.3,0.0,0.6,51.9,0.9,0.5,0.3,1.3,1.0,0.25,-0.4,2.8,0.3,2.6,0.6,0.4,0.5,0.5,0.4,4.0,15.6,337.4,934.6,518.5,418.8,-0.9,2.1,0.0,-0.2,0.2,0.2,-0.1,142.69000244140625
2017-07,2.0,1.8,6.0,4.5,2.6,0.0,2.4,-0.4,9.9,0.0,3.3,0.2,3.5,-11.863,-3.796,6.278,-0.1,-0.2,-0.2,0.4,54.8,1.2,0.4,0.6,2.9,7.0,0.25,0.7,3.1,0.0,2.1,0.8,0.4,0.4,0.1,0.2,3.9,17.0,81.4,1653.9,-115.1,439.9,2.1,-4.1,-0.1,2.3,-0.6,-1.6,-0.1,145.2480010986328
2017-06,1.7,2.1,7.3,4.6,2.9,0.3,2.6,-1.3,11.6,0.1,3.6,0.4,3.7,-10.38,-2.07,5.993,0.2,-0.8,0.2,0.0,56.0,-0.4,0.2,-1.2,0.9,17.0,0.25,0.5,2.8,0.0,2.1,0.7,0.4,0.4,0.0,0.0,3.9,19.4,133.8,1951.9,553.6,-203.4,-0.6,4.3,1.2,-0.1,1.1,1.4,-0.1,145.7220001220703
2017-05,2.1,2.4,19.4,4.6,2.7,0.5,2.4,0.1,16.6,0.4,3.6,0.5,3.5,-13.441,-4.674,9.648,-0.5,1.4,-0.6,2.3,53.1,5.6,0.2,2.3,4.0,22.0,0.25,-0.4,2.8,0.2,2.1,0.7,0.4,0.3,0.2,0.1,4.3,19.8,97.6,2907.7,865.5,481.7,0.7,-1.6,-0.2,-1.4,-0.8,0.2,-0.1,141.9739990234375
2017-04,2.2,2.3,25.5,4.7,2.3,0.4,1.8,0.4,17.9,0.4,3.6,0.3,3.1,-12.46,-3.75,4.365,-0.7,2.8,-0.1,3.3,52.2,-1.0,0.5,-1.8,1.7,22.0,0.25,0.4,2.8,0.2,1.4,0.8,0.2,0.2,-0.1,-0.1,4.3,20.3,172.2,2813.6,1076.8,614.7,0.1,3.2,0.2,-1.3,-2.7,0.2,-0.1,143.91900634765625
2017-03,2.3,2.2,-11.3,4.7,2.3,0.8,2.0,-0.4,19.1,0.2,3.7,1.1,3.2,-10.833,-2.447,1.1,-0.4,3.2,-0.9,2.7,52.5,-0.4,0.6,1.4,3.7,24.0,0.25,0.5,2.95,0.2,1.0,0.8,0.3,0.2,-0.4,-0.4,4.2,21.4,680.3,65.5,-853.4,813.5,-0.3,0.1,0.0,-3.8,-1.1,0.5,-0.1,139.45899963378906
2017-02,2.6,2.6,-42.4,4.8,1.8,-1.0,1.6,1.7,20.5,0.6,3.5,-0.6,2.6,-10.89,-2.11,-9.824,1.1,4.3,2.1,4.0,52.2,-0.6,0.8,-0.3,1.5,25.0,0.25,0.1,3.1,0.6,0.5,0.5,0.3,0.0,-0.15,-0.35,4.1,22.6,155.5,1112.2,806.8,-1086.9,0.3,0.6,-0.4,-2.05,-1.3,-1.7,-0.1,140.22300720214844
2017-01,2.7,2.8,-10.1,4.8,1.6,0.5,1.6,1.8,15.8,0.1,2.7,0.6,2.5,-12.163,-3.577,6.421,2.1,2.0,1.3,1.2,54.2,1.0,1.0,-1.9,4.3,24.0,0.25,0.2,3.1,0.6,-1.2,0.4,0.3,-0.2,0.1,-0.3,4.0,23.1,356.7,1415.5,313.4,641.4,0.2,3.0,0.2,-0.3,-0.3,0.2,-0.1,142.0540008544922
2016-12,2.6,2.5,2.4,4.8,1.2,0.2,1.4,-1.1,12.9,0.0,2.3,0.3,2.2,-9.71,-1.6,12.21,-1.3,-1.1,-0.9,-0.4,52.8,0.6,1.0,0.2,5.9,30.0,0.25,0.1,3.0,0.4,-2.2,0.3,0.5,-0.4,0.0,-0.6,4.0,21.5,536.1,1719.9,587.6,152.5,0.2,1.4,0.2,-1.5,-1.0,2.5,-0.1,144.27000427246094
2016-11,2.4,2.3,9.8,4.8,0.9,0.0,1.2,4.6,12.2,0.6,2.1,0.0,2.0,-12.698,-3.969,4.301,-0.4,0.3,0.6,0.2,52.6,1.7,0.8,1.9,7.4,23.0,0.25,0.2,3.0,-0.1,-2.7,0.5,0.1,-0.4,0.5,-0.4,3.7,22.1,474.3,1821.0,642.4,496.2,0.2,-2.0,-0.1,-0.4,-3.2,0.0,-0.1,140.46099853515625
2016-10,2.3,2.3,0.7,4.9,1.0,0.2,1.5,0.0,7.2,0.2,1.2,0.2,2.0,-12.112,-3.756,10.118,-0.4,0.7,0.2,0.5,52.3,0.4,0.8,0.0,4.1,17.0,0.25,-0.1,3.1,0.0,-3.2,0.3,-0.5,-0.5,0.1,-0.4,3.6,22.7,349.0,2000.8,243.2,498.3,0.3,2.6,0.0,-2.1,-3.6,-1.1,-0.1,127.69599914550781
2016-09,2.1,2.3,2.4,4.9,0.6,0.4,1.3,0.2,7.6,0.1,0.8,0.4,1.8,-11.76,-4.19,10.051,0.1,2.1,-0.9,0.8,49.2,-0.9,0.6,-0.2,6.2,12.0,0.25,1.4,3.0,-0.3,-3.6,0.2,-0.5,-0.5,-0.5,-0.5,3.3,24.2,340.0,1938.2,613.9,-18.7,1.0,0.6,0.3,-4.6,-0.2,1.4,-0.1,131.1699981689453
2016-08,2.3,2.4,-8.6,4.9,0.6,-0.1,1.3,3.3,4.3,0.3,0.3,0.1,1.9,-12.409,-4.159,-1.472,0.1,1.6,-0.3,0.9,45.9,1.1,0.5,1.4,5.9,5.0,0.25,1.3,3.1,0.0,-3.9,0.4,-0.4,-0.5,-0.5,-0.4,3.3,24.7,317.6,974.4,763.3,513.5,-1.0,1.5,0.8,-0.5,-1.5,0.2,-0.1,134.6739959716797
2016-07,2.2,2.3,0.4,4.9,0.5,0.2,1.4,1.8,-0.5,0.2,-0.4,0.4,1.6,-9.88,-2.57,7.31,-0.5,1.4,-0.5,1.7,46.0,-0.5,0.3,-0.9,4.3,16.0,0.5,-0.2,3.2,-0.1,-4.2,0.2,-0.4,-0.5,-0.4,-0.4,3.4,25.4,335.0,1809.1,39.9,692.8,1.3,-2.4,-0.7,-2.2,-2.2,0.0,-0.1,135.21600341796875
2016-06,2.3,2.0,-0.4,5.0,0.3,0.2,1.2,2.6,-3.9,0.1,-0.7,0.3,1.4,-10.526,-2.602,9.141,2.0,1.6,2.3,0.8,51.2,0.5,0.5,0.9,6.0,19.0,0.5,0.3,3.2,0.2,-4.2,0.2,-0.4,-0.4,-0.5,-0.5,3.4,25.5,269.8,1878.5,697.1,-40.7,0.1,-1.0,1.4,-1.1,-0.8,0.0,-0.1,138.35699462890625
2016-05,2.1,2.0,-2.4,5.1,0.3,0.0,1.2,0.9,-6.5,0.4,-0.7,0.1,1.3,-11.2,-3.11,6.582,0.3,-0.2,0.1,-1.9,52.0,-0.9,0.6,1.3,4.3,41.0,0.5,1.4,3.2,-0.3,-4.2,0.2,-0.3,-0.3,-0.5,-0.5,3.3,26.8,426.6,2980.4,927.2,823.5,-1.2,3.2,-0.7,-0.4,-1.2,1.4,-0.1,162.16000366210938
2016-04,2.2,1.8,6.7,5.1,0.5,0.6,1.5,2.0,-6.5,0.3,-0.9,0.4,1.6,-11.964,-3.357,4.165,-0.3,-0.5,-1.1,-1.8,54.2,-0.7,0.7,-1.3,2.7,42.0,0.5,0.9,3.3,-0.1,-3.8,0.2,-0.1,-0.3,-0.4,-0.3,3.2,28.5,276.5,2434.9,425.0,755.0,-0.9,-5.4,-0.1,-5.3,2.2,-2.3,-0.1,155.3699951171875
2016-03,2.2,2.1,-18.0,5.1,0.3,0.4,1.2,0.1,-8.1,0.1,-1.1,0.5,1.3,-10.29,-2.2,6.485,0.3,0.2,0.7,-0.1,54.2,0.1,0.9,-0.4,3.8,50.0,0.5,0.4,3.2,-0.2,-3.4,0.2,0.3,0.0,-0.1,-0.3,3.1,29.0,166.1,520.8,-411.0,242.8,-0.9,2.6,1.5,1.2,1.0,-1.1,-0.1,161.49099731445312
2016-02,2.0,1.9,-14.8,5.1,0.3,-1.0,1.2,-0.7,-7.6,-0.1,-1.0,-0.7,1.3,-9.917,-2.357,-11.813,-1.1,-0.4,-0.2,-1.7,55.0,2.6,0.7,2.3,5.2,49.0,0.5,0.1,3.3,-0.9,-3.1,0.2,0.0,0.0,0.1,-0.1,3.2,28.9,119.4,960.7,188.7,-645.9,-1.0,-1.0,-0.6,-3.1,0.0,-0.2,-0.1,157.5749969482422
2016-01,1.9,2.0,-4.3,5.1,0.2,0.3,1.4,-0.8,-10.8,-0.2,-1.2,0.3,1.2,-10.64,-2.45,6.871,-0.7,0.9,-0.4,-1.2,57.8,0.1,0.6,-1.0,2.6,50.0,0.5,0.0,3.3,-0.3,-3.4,0.4,0.2,0.1,-0.3,-0.1,3.0,29.5,36.6,1143.5,-271.5,140.2,1.0,-0.1,-0.8,-4.4,2.0,-2.5,-0.1,172.86099243164062
2015-12,2.0,2.4,3.9,5.2,0.1,0.0,1.2,-1.6,-13.1,-0.2,-1.5,0.1,1.1,-11.827,-3.729,13.557,0.1,1.7,-0.4,-0.1,55.3,-0.4,0.5,1.7,5.0,49.0,0.5,0.7,3.1,-0.1,-3.6,0.2,0.3,0.1,0.0,0.6,3.3,32.5,-3.3,1458.4,200.2,-379.7,-0.2,1.3,0.9,-2.9,2.9,1.1,0.1,178.44000244140625
2015-11,2.5,3.0,3.3,5.3,-0.1,0.3,1.1,0.2,-12.1,0.0,-1.3,0.0,0.7,-9.35,-2.08,7.47,-0.2,1.1,0.8,-0.6,58.8,-0.2,0.7,-0.6,3.8,49.0,0.5,0.6,3.4,-0.6,-3.8,0.5,0.3,-0.1,0.2,0.0,3.6,32.5,-202.3,1468.4,82.3,111.5,-0.2,1.5,-0.4,-2.4,1.7,0.7,0.1,184.66000366210938
2015-10,2.8,3.0,4.6,5.4,-0.1,0.1,1.0,0.6,-13.3,-0.1,-1.8,-0.1,0.8,-11.149,-3.765,8.628,1.0,1.9,0.5,-0.8,59.9,2.6,0.9,1.9,6.5,44.0,0.5,0.5,3.3499999999999996,-0.5,-3.9,0.6,0.0,-0.1,0.1,-0.2,3.8,35.1,-355.7,1653.1,-326.1,-114.5,0.2,-0.9,0.1,-0.4,1.8,0.0,0.1,186.05999755859375
2015-09,2.9,2.9,1.2,5.5,0.0,0.4,1.0,-2.4,-13.8,-0.4,-1.8,0.5,1.1,-11.082,-3.461,11.305,-0.4,0.8,-0.8,-0.5,57.3,-1.0,0.8,0.2,3.7,53.0,0.5,0.6,3.3,-0.6,-3.6,0.7,0.2,-0.1,-0.1,-0.2,4.2,33.3,-358.8,1808.6,-108.0,-569.7,0.3,-0.2,0.2,-0.30000000000000004,2.1,1.2,0.1,181.64999389648438
2015-08,2.8,2.4,-4.9,5.6,0.1,0.0,1.2,-0.9,-12.4,-0.1,-1.6,-0.1,1.0,-9.184,-1.62,-2.069,-0.4,1.5,0.2,0.5,57.1,1.2,0.7,0.1,4.2,44.0,0.5,-2.4,3.4,-0.2,-3.0,0.6,0.2,0.0,0.1,-0.1,4.1,32.8,-368.8,558.6,102.6,-268.1,-0.5,0.7,0.3,-0.2,-0.3,-0.8,0.1,186.96400451660156
2015-07,2.8,3.2,7.0,5.6,0.0,0.1,0.8,-1.3,-12.6,0.0,-1.5,0.2,1.0,-8.0,-1.57,8.584,0.4,2.1,-0.6,1.0,58.1,1.8,0.4,-0.2,4.0,40.0,0.5,-0.9,3.3,-0.2,-2.4,0.4,0.4,0.1,0.2,-0.1,3.8,34.2,-251.7,1880.9,-47.3,-69.0,0.1,-3.0,-0.7,-2.0,5.3,1.7,0.1,193.55999755859375
2015-06,2.7,2.7,-6.5,5.5,0.1,0.1,0.9,-0.9,-12.0,0.1,-1.6,0.2,1.0,-8.561,-2.094,9.35,0.4,1.2,-0.4,0.2,55.9,0.0,0.5,0.2,4.6,34.0,0.5,0.6,3.3,0.3,-2.1,0.6,0.5,0.1,0.3,0.1,4.0,35.6,-182.5,1326.4,-146.2,-216.0,-1.3,-0.4,-0.2,4.8,8.6,0.4,0.1,192.89999389648438
2015-05,2.2,1.9,-12.6,5.5,-0.1,0.3,0.8,0.4,-11.7,0.1,-1.7,0.4,0.9,-10.122,-3.163,6.038,0.5,0.7,0.4,1.1,54.2,-2.4,0.4,1.2,4.7,33.0,0.5,0.1,3.4,0.1,-2.1,0.7,0.6,0.3,0.5,0.2,3.6,35.2,-208.7,2795.3,671.4,-53.4,0.1,-1.2,-1.0,-1.3,-13.0,-1.9,0.1,189.69200134277344
2015-04,1.8,1.7,-20.7,5.6,0.0,0.2,1.0,0.3,-13.0,0.2,-1.7,0.2,0.9,-10.34,-3.238,6.741,0.1,0.1,0.4,1.1,57.8,3.2,0.7,-0.5,4.2,21.0,0.5,0.5,3.5,0.3,0.7,3.2,2.3,2.2,0.7,0.4,3.6,35.2,3.3,1440.1,-143.1,229.3,1.9,-3.2,0.3,-10.6,1.3,-2.2,0.1,183.52000427246094
2015-03,1.6,1.9,-29.1,5.7,0.0,0.5,1.2,0.1,-13.5,0.2,-1.7,0.5,1.0,-9.174,-1.968,4.801,-0.1,1.2,-0.6,1.7,60.1,0.2,0.8,0.6,5.4,15.0,0.5,1.3,3.6,0.0,0.5,3.3,2.2,2.0,2.3,2.2,3.5,36.7,-573.2,61.4,-864.2,-424.6,-0.3,3.6,0.7,-2.9,0.0,-1.9,0.1,177.6999969482422
2015-02,1.7,2.1,-38.6,5.7,0.3,-0.8,1.4,-3.6,-14.1,-0.4,-1.9,-0.8,1.1,-9.929,-3.143,-8.934,-0.2,0.8,0.1,2.6,59.1,0.2,0.8,0.1,5.9,7.0,0.5,1.3,3.4,-1.3,0.3,3.5,2.4,2.2,2.3,2.2,3.4,37.4,-406.1,187.2,-395.6,-1177.5,0.0,2.0,0.0,-5.1,0.1,-0.4,0.1,184.47999572753906
2015-01,1.8,1.8,-35.8,5.8,0.5,0.2,1.3,-3.3,-11.6,-0.3,-0.8,0.2,1.6,-9.283,-2.778,9.867,0.0,1.1,0.8,3.0,57.6,-0.4,0.8,0.4,4.3,12.0,0.5,0.7,3.5,-0.5,1.8,3.5,2.4,2.5,2.3,2.2,3.6,38.2,-620.7,433.0,-636.8,-660.7,-0.1,-0.8,0.2,-3.4,1.1,-0.2,0.1,177.02000427246094
2014-12,1.6,1.4,-29.6,6.0,1.0,-0.1,1.2,-0.7,-8.2,-0.2,-0.6,-0.2,2.0,-9.842,-3.505,11.728,-0.3,1.0,-0.7,1.7,59.4,0.9,0.7,1.6,6.4,13.0,0.5,0.1,3.5,-0.3,2.6,3.6,2.4,2.7,2.1,2.3,3.6,36.7,-925.0,833.4,-766.6,-891.9,1.0,0.7,-0.1,-2.5,0.0,-1.4,0.1,185.9600067138672
2014-11,1.2,1.0,-25.1,6.0,1.3,0.2,1.5,-1.5,-8.4,-0.3,-0.5,0.0,2.3,-10.506,-4.06,6.429,0.7,0.8,0.6,2.9,61.4,0.0,0.8,1.0,4.6,20.0,0.5,0.7,3.6,-0.8,2.9,3.6,2.9,2.9,2.1,2.4,3.2,36.9,-985.1,963.0,-714.5,-736.9,0.0,3.6,1.3,-4.0,0.5,2.7,0.1,185.47999572753906
2014-10,0.9,0.7,-18.4,6.0,1.2,0.1,1.5,-0.6,-7.4,-0.2,-0.5,0.2,2.3,-8.95,-3.7,10.571,-0.1,2.2,0.2,4.0,64.2,-2.1,0.8,-0.4,2.3,30.0,0.5,0.8,3.5,-0.1,3.6,3.5,3.2,3.0,2.5,2.5,3.1,35.3,-1070.1,287.1,-831.8,-958.3,-0.2,-1.7,-0.1,-5.6,1.6,1.9,0.1,174.7100067138672
2014-09,0.8,0.6,-33.2,6.2,1.5,0.5,1.9,-1.2,-7.7,-0.1,-0.3,0.4,2.4,-10.414,-4.755,10.883,0.4,2.2,0.3,3.5,64.0,1.3,1.0,0.4,3.7,39.0,0.5,0.9,3.8,-0.2,3.9,3.5,3.3,3.1,2.8,2.6,3.0,40.5,-912.4,416.7,-828.1,-948.5,-0.4,-0.8,-0.3,-4.7,-0.6,-0.5,0.1,177.63099670410156
2014-08,0.7,-0.1,-37.4,6.4,1.6,-0.4,1.8,-1.7,-7.5,-0.1,-0.1,-0.1,2.5,-9.413,-3.841,-0.466,0.3,1.2,0.3,1.9,62.4,-0.3,1.0,0.0,2.5,48.0,0.5,0.95,3.7,0.3,4.3,3.4,3.4,3.3,2.8,2.7,3.0,42.7,-1021.8,-399.1,-537.1,-964.0,0.6,-3.3,0.0,-5.9,-1.8,0.5,0.1,172.74099731445312
2014-07,0.7,0.4,-39.5,6.5,1.9,0.2,2.0,-0.9,-4.5,-0.1,0.3,0.2,2.6,-9.15,-4.079,9.506,-0.6,2.3,-1.3,3.7,62.6,-0.8,1.0,0.2,3.4,53.0,0.5,1.0,3.5,0.2,4.6,3.7,3.6,3.3,2.8,2.8,3.0,42.6,-1067.8,522.8,-675.9,-822.2,-4.6,-0.7,0.9,-3.0,-1.2,4.6,0.1,173.8800048828125
2014-06,0.9,0.8,-32.8,6.6,1.5,0.0,1.6,0.3,-5.0,-0.1,0.5,0.1,2.4,-8.812,-3.876,11.857,0.3,2.9,0.4,4.4,60.0,0.5,0.9,-0.5,3.7,56.0,0.5,0.7,3.6,0.3,4.4,3.6,3.7,3.4,3.0,2.8,3.3,45.6,-862.2,187.4,-780.4,-910.8,1.5,-2.2,-5.7,-8.0,-6.7,-13.6,0.1,172.75900268554688
2014-05,1.3,1.9,-28.4,6.8,1.8,0.5,2.0,-0.9,-5.3,0.1,0.6,0.4,2.5,-8.293,-3.418,9.0,0.1,2.5,0.5,3.3,60.8,4.2,0.9,1.0,6.5,55.0,0.5,0.29999999999999993,3.6,2.9,4.2,3.4,3.4,3.2,3.1,2.8,3.5,48.5,-880.5,116.4,-1133.6,-808.9,-1.1,0.4,2.4,-4.6,16.1,6.3,0.1,170.5500030517578
2014-04,1.4,1.7,-30.6,6.9,1.6,0.4,1.6,-0.6,-6.3,0.2,0.5,0.2,2.5,-8.749,-2.87,6.073,0.8,2.5,1.0,3.9,62.5,-1.7,0.9,0.5,4.8,57.0,0.5,-0.1,3.6,0.0,1.7,0.7,1.6,1.3,2.9,2.7,3.6,54.8,-1626.8,612.7,-553.4,-1446.3,1.7,-2.6,-0.9,-3.55,1.3,0.3,0.1,172.52000427246094
2014-03,1.2,1.4,-34.6,7.1,1.7,0.7,1.7,-0.5,-5.8,0.1,0.6,0.6,2.7,-9.463,-3.91,7.001,0.0,2.8,0.3,3.2,62.6,-1.0,0.9,1.3,3.3,47.0,0.5,-0.2,3.7,-0.2,1.8,0.7,1.5,1.3,1.3,1.0,4.0,55.7,-1184.0,-1589.0,-787.0333333333333,-802.5,-0.1,5.9,1.6,-2.5,0.0,1.4,0.1,171.28500366210938
2014-02,1.0,1.2,-33.9,7.2,1.9,-0.9,1.6,-0.9,-2.9,0.3,0.9,-0.3,2.8,-7.662,-2.321,-6.425,0.5,1.9,0.4,1.4,64.6,3.9,0.8,-2.0,3.9,53.0,0.5,0.5,3.7,0.1,2.4,0.7,1.4,1.3,1.1,0.9,4.3,51.9,-1818.8,-638.6,-1020.6666666666666,-2790.0,0.3,2.2,-0.4,1.1,0.1,-1.2,0.1,170.41799926757812
2014-01,0.9,0.9,-24.0,7.1,2.0,0.1,1.7,0.2,-1.0,0.0,1.0,0.5,2.7,-9.783,-3.048,9.028,0.0,2.1,-0.1,2.2,62.1,0.4,0.8,2.5,5.3,56.0,0.5,0.55,4.0,0.3,2.5,1.1,1.6,1.3,0.7,0.7,4.3,46.6,-1258.8,-592.8,-1254.3,-1304.2,-0.2,-0.5,0.8,0.7,0.6,2.0,0.1,169.5
2013-12,0.8,0.9,-34.3,7.4,2.1,0.1,1.8,-0.7,-1.0,-0.2,0.8,0.1,2.6,-9.651,-3.114,15.14,0.3,3.2,0.2,2.6,62.6,0.6,0.8,0.1,1.8,58.0,0.5,0.6,4.0,0.0,2.6,1.0,1.5,1.2,0.9,0.7,4.4,52.5,-1293.8,-127.9,-1091.9,-1292.9,0.5,1.2,-0.9,0.2,-0.4,-1.0,0.1,173.0279998779297
2013-11,0.8,0.8,-42.8,7.6,2.2,0.2,1.7,-0.4,0.0,0.3,0.8,0.0,2.6,-10.099,-3.892,7.422,0.9,2.2,1.2,0.7,59.4,0.8,0.8,-0.9,1.8,57.0,0.5,0.2,4.0,-0.1,2.5,0.8,1.1,0.9,0.9,0.6,4.1,45.8,-1072.5,587.3,-874.8,-1090.7,0.3,1.2,0.0,0.9,0.7,1.7,0.1,167.69000244140625
2013-10,0.8,0.8,-44.7,7.7,2.7,0.4,2.2,-1.0,0.9,-0.1,1.2,0.4,3.2,-9.557,-4.324,8.619,-1.1,-1.5,-1.2,-0.2,58.9,0.7,0.6,0.6,2.0,53.0,0.5,-0.2,4.1,0.2,2.2,0.7,1.1,0.7,0.6,0.3,3.9,46.1,-1091.3,161.5,-885.9,-932.1,0.4,-2.1,0.6,3.7,-0.1,0.9,0.1,157.8350067138672
2013-09,1.0,1.2,-41.6,7.7,2.7,0.4,2.0,-0.7,2.8,0.2,1.7,0.5,3.3,-9.941,-4.781,10.808,0.1,-1.1,0.2,-0.3,59.1,1.8,0.5,-0.9,2.1,41.0,0.5,0.1,3.8,0.3,2.4,0.7,0.9,0.8,0.5,0.2,3.7,42.0,-820.8,577.3,-943.3,-960.3,-0.6,3.7,-0.4,-1.6,1.7,-1.7,0.1,158.14999389648438
2013-08,1.1,2.2,-36.3,7.8,2.8,-0.2,2.0,1.2,5.1,0.2,2.1,0.0,3.1,-8.171,-2.806,-1.119,1.3,1.4,2.0,2.1,57.0,2.2,0.6,1.1,3.0,37.0,0.5,0.35,3.9,0.6,2.3,0.6,0.7,0.7,0.5,0.4,3.7,38.0,-911.1,336.3,-139.2,-1024.0,1.2,-2.3,-0.3,0.1,3.5,-0.2,0.1,152.14999389648438
2013-07,1.0,1.8,-29.4,7.8,2.9,-0.2,2.3,0.2,4.0,0.1,2.0,-0.1,3.3,-8.668,-4.019,10.483,0.0,-2.3,-0.7,-2.9,51.0,1.4,0.3,0.2,2.2,21.0,0.5,0.6,4.1,0.1,1.2,0.4,0.2,0.4,0.4,0.3,3.8,36.0,-663.7,540.7,-906.7,-182.3,0.1,2.3,1.2,-0.4,-0.4,1.5,0.1,149.36000061035156
2013-06,0.9,1.3,-16.2,7.8,2.7,0.4,2.2,-0.6,1.8,0.0,1.2,0.2,3.1,-8.43,-3.428,12.77,-0.1,-1.4,-0.2,-0.9,50.8,1.8,0.2,2.1,2.1,5.0,0.5,0.0,4.1,0.0,0.5,0.3,-0.3,0.0,0.0,0.2,3.5,31.6,-777.9,750.0,-818.8,-996.4,-0.3,1.6,-0.5,-1.6,-2.3,0.7,0.1,151.093994140625
2013-05,0.8,0.6,-11.8,7.8,2.4,0.1,2.0,-2.3,-0.1,-0.1,0.9,0.3,2.9,-9.175,-3.469,6.623,0.7,-1.4,1.1,-1.4,49.4,-2.2,0.6,-1.3,0.8,1.0,0.5,-0.9,4.1,0.4,0.1,-0.4,-0.7,-0.4,-0.2,0.1,3.3,23.1,-702.8,1251.2,-219.9,-881.9,0.6,-0.8,-0.2,1.5,2.5,-1.5,0.1,153.9600067138672
2013-04,1.0,1.0,-9.9,7.9,2.8,0.5,2.4,0.1,0.4,0.2,1.9,0.4,3.3,-9.165,-4.208,12.565,0.9,-2.5,0.7,-1.6,47.2,1.9,0.1,-0.6,-0.5,-2.0,0.5,-0.8,4.3,0.1,-0.5,-0.2,-0.9,-0.5,-0.7,-0.3,3.0,19.8,-919.8,637.4,-677.0,-362.4,-1.6,0.7,1.2,5.2,-3.7,1.7,0.1,151.60000610351562
2013-03,1.3,1.2,-5.3,7.8,2.8,0.6,2.3,2.8,2.1,0.8,2.3,0.7,3.2,-8.168,-3.38,7.196,-1.3,-3.1,-1.9,-3.3,46.8,2.7,-0.2,2.1,2.5,-7.0,0.5,0.1,4.2,0.4,-0.1,0.0,-0.7,-0.3,-1.0,-0.5,2.9,15.0,-1086.6,-364.8,-1479.3,-777.5,1.6,1.7,-1.1,0.8,-3.5,-0.2,0.1,143.24000549316406
2013-02,1.3,1.3,-10.0,7.8,2.7,-0.9,2.3,1.3,1.9,0.2,2.1,-0.4,3.3,-8.738,-4.169,-10.263,1.1,-2.1,1.5,-1.6,48.7,1.9,0.0,-0.7,-0.5,-4.0,0.5,-0.7999999999999999,4.3,0.4,-0.3,-0.2,-0.3,-0.2,-0.9,-0.6,2.7,10.9,-737.3,-264.1,-567.6,-1630.9,-0.4,2.9,1.1,2.4,0.1,0.0,0.1,140.0
2013-01,1.4,1.5,-12.1,7.7,2.7,0.2,2.4,0.0,0.5,-0.1,2.2,0.5,3.1,-9.275,-4.618,12.416,0.2,-2.4,-0.3,-2.0,48.7,0.3,0.6,-0.3,0.1,0.0,0.5,-1.7,4.1,0.2,-0.7,-0.4,-0.1,-0.2,-0.6,-0.5,2.6,11.8,-783.8,-222.4,-847.5,-641.5,0.2,-0.2,-0.4,-0.7,0.9,-0.1,0.1,143.781005859375
2012-12,1.7,1.8,-8.9,7.8,2.7,0.1,2.6,0.1,-0.1,-0.3,2.1,0.0,3.0,-9.487,-4.502,14.266,-0.9,-3.0,-1.3,-2.0,49.3,0.4,1.1,0.0,0.9,-9.0,0.5,-0.8,4.2,0.0,-0.9,-0.5,-0.2,-0.1,-0.6,-0.6,2.1,5.0,-852.1,376.9,-450.3,-953.4,-0.3,1.6,-0.1,0.2,-3.2,0.7,0.1,138.89999389648438
2012-11,1.9,1.8,6.0,7.8,2.7,0.7,2.6,0.1,0.0,0.2,2.6,0.6,3.2,-8.439,-3.943,6.003,-2.1,-3.2,0.1,-1.0,50.9,-0.1,1.3,-0.7,0.8,-7.0,0.5,-0.65,4.2,-0.3,-1.0,-0.7,-0.4,0.0,-0.5,-0.5,2.3,10.8,-624.3,503.6,471.3,-551.1,0.0,-5.5,0.2,-0.1,-1.0,-3.5,0.1,131.75
2012-10,2.0,1.7,0.8,7.9,2.2,0.3,2.1,-0.1,-1.0,0.5,2.5,0.5,2.6,-9.984,-5.004,9.899,-0.5,-1.0,-1.2,-1.2,49.5,1.5,0.2,0.5,2.4,-14.0,0.5,-0.5,4.2,0.2,-1.5,-0.5,-0.3,-0.1,-0.8,-0.4,2.4,9.0,-959.1,454.7,-644.5,-558.6,-0.6,-2.6,0.3,-0.9,-0.9,1.5,0.1,128.06199645996094
2012-09,1.9,1.5,-14.2,8.1,2.6,0.5,2.1,1.9,1.4,0.5,1.1,0.4,2.9,-7.337,-2.929,10.753,2.9,-0.8,3.1,-0.7,49.0,-0.4,0.1,-0.1,2.5,-18.0,0.5,-1.6,4.3,0.2,-1.9,-0.3,-0.4,-0.3,-0.7,-0.4,2.4,6.5,-461.9,625.4,-373.6,-755.9,0.2,0.5,-0.7,1.8,-4.4,-1.5,0.1,125.85900115966797
2012-08,1.8,1.8,-13.6,8.0,2.6,0.1,2.3,0.4,-2.4,0.1,1.8,0.1,3.2,-10.068,-5.077,-1.922,-2.4,-3.8,-2.9,-4.3,50.9,0.1,-0.1,0.3,2.3,-23.0,0.5,-1.35,4.3,-0.4,-2.2,-0.3,-0.4,-0.3,-0.7,-0.5,2.2,8.6,-371.9,433.3,112.0,-518.9,-0.2,-2.3,0.2,1.7,-2.6,-1.2,0.1,123.97000122070312
2012-07,1.8,1.5,1.0,8.1,2.4,-0.3,2.1,-2.9,-3.0,-0.6,2.0,-0.2,2.8,-8.364,-3.879,12.203,1.0,-1.8,1.2,-1.8,48.2,1.4,0.5,0.8,2.6,-22.0,0.5,-1.1,4.4,-0.6,-1.3,-0.4,-0.2,-0.2,-0.8,-0.6,2.2,5.9,-300.8,215.1,848.2,61.7,0.1,-2.2,0.7,1.6,-0.8,0.7,0.1,122.7249984741211
2012-06,1.8,1.4,6.9,8.2,2.8,0.1,2.2,-2.5,0.0,-0.2,2.9,0.0,3.1,-9.709,-5.125,16.052,-0.4,-2.0,-0.8,-1.5,54.4,1.3,-0.1,1.5,2.1,-17.0,0.5,-0.45,4.6,-0.5,-0.7,0.1,0.2,-0.1,-0.6,-0.6,2.2,2.4,-618.3,333.8,463.9,-910.4,-0.3,0.2,-0.2,4.0,-0.6,-0.4,0.1,125.33999633789062
2012-05,1.6,0.9,-13.7,8.2,3.0,0.6,2.1,-1.4,1.0,0.6,3.2,0.7,3.5,-8.734,-4.179,-19.93,-0.3,-2.6,0.9,-0.9,55.8,-3.3,0.1,-2.4,-1.1,-19.0,0.5,0.2,4.5,0.3,-0.2,0.2,0.4,0.2,-0.5,-0.8,2.6,-0.3,-512.0,1589.4,4.2,-522.0,-0.1,1.3,-0.6,2.6,5.1,-1.2,0.1,122.25800323486328
2012-04,1.6,1.1,-5.4,8.3,3.5,0.4,2.5,1.7,5.6,0.6,3.7,0.4,3.6,-8.59,-4.871,14.644,0.4,-2.3,-1.1,-1.5,56.7,1.3,0.1,2.0,3.1,-11.0,0.5,0.1,4.5,0.6,0.5,-0.2,0.5,0.2,-0.3,-0.5,3.0,-0.2,-616.6,1177.8,102.1,-82.6,-1.0,-1.7,0.0,3.4,0.2,2.0,0.1,130.80999755859375
2012-03,1.6,1.3,4.5,8.4,3.4,0.6,2.4,2.5,7.8,0.6,4.1,0.8,3.7,-7.883,-3.717,9.938,-0.6,-4.0,-0.3,-0.1,54.3,-0.3,0.2,-0.8,1.0,-13.0,0.5,-0.9,4.55,0.2,0.6,-0.6,0.3,0.1,-0.1,-0.3,2.9,11.3,-321.4,-437.3,-1381.6,32.9,1.6,3.4,-0.6,-2.3,-1.2,3.1,0.1,132.67999267578125
2012-02,2.0,1.9,7.0,8.4,3.6,-0.8,2.6,0.1,6.6,0.4,4.0,-0.6,3.9,-7.184,-3.601,-10.158,0.4,-3.1,1.1,0.9,51.4,-0.3,-0.1,0.3,1.4,-16.0,0.5,0.1,4.6,-0.1,0.5,-0.2,0.04999999999999999,0.0,-0.2,-0.35,3.1,15.0,-494.3,303.5,-145.8,-1475.0,-1.0,3.1,1.8,-0.8999999999999999,-0.3,0.7,0.1,128.1300048828125
2012-01,1.9,2.0,1.9,8.4,4.2,0.5,3.0,-0.6,8.9,-0.2,4.8,0.4,4.8,-8.908,-5.037,11.105,-0.5,-3.6,-0.1,-0.6,53.2,2.2,0.2,0.6,2.5,-16.0,0.5,-0.04999999999999999,4.5,0.1,1.2,0.1,-0.2,-0.1,-0.3,-0.4,3.2,13.5,-568.7,138.5,-585.1,-205.6,0.8,-2.9,-0.6,0.5,-2.5,-2.0,0.1,119.91000366210938
2011-12,1.8,2.1,0.2,8.3,4.8,0.1,3.2,0.3,13.6,0.2,5.4,0.2,5.2,-7.868,-4.556,15.085,-1.0,-2.1,-0.9,0.1,52.3,-1.6,0.2,-0.5,0.4,-17.0,0.5,-0.2,4.5,0.1,1.6,-0.1,-0.5,-0.2,-0.4,-0.3,3.0,19.5,-537.9,562.4,-206.1,-684.7,-0.7,4.1,0.7,-3.2,-1.4,1.4,0.1,119.6500015258789
2011-11,1.7,2.3,2.5,8.3,5.0,0.2,3.4,-0.8,14.3,0.0,5.7,0.0,5.4,-10.175,-5.712,3.0,0.0,-1.5,0.1,1.3,53.9,-0.6,0.7,1.0,1.1,-24.0,0.5,0.0,4.1,-0.8,1.6,0.1,-0.2,-0.1,-0.8,-0.5,2.8,17.0,-495.7,1584.8,373.2,-280.2,-0.3,-3.6,-0.7,-0.4,-3.6,-1.4,0.1,121.56999969482422
2011-10,1.8,2.7,13.4,8.1,5.2,0.2,3.3,1.8,17.7,0.3,6.3,0.8,5.6,-8.617,-5.142,10.2,0.3,-0.9,-0.3,1.6,50.1,0.3,0.8,0.5,0.5,-23.0,0.5,-0.4,4.3,-0.1,2.5,-0.1,0.0,0.2,-0.5,-0.4,2.7,16.7,-96.7,407.5,533.95,-296.2,0.4,2.4,0.0,-1.9,-2.6,-1.7,0.1,122.12999725341797
2011-09,2.1,2.8,19.1,7.9,4.5,0.7,3.1,-1.8,16.2,0.0,6.0,0.6,5.2,-8.154,-4.651,10.93,-0.4,-0.9,-0.2,2.6,52.6,-0.6,0.5,-0.4,-0.8,-23.0,0.5,-0.55,4.7,-0.2,2.6,-0.3,0.2,0.2,-0.2,-0.1,2.7,15.9,-294.4,990.2,694.7,-775.3,2.3,0.6,-0.3,-4.1,0.8,-0.3,0.1,119.69999694824219
2011-08,2.3,2.7,33.7,7.9,4.4,0.0,3.1,0.5,18.3,0.3,6.1,-0.2,5.0,-8.873,-5.718,-5.2,0.0,-0.3,-0.4,2.1,53.5,0.6,0.2,0.2,0.2,-22.0,0.5,-0.7,4.6,0.2,2.9,-0.3,0.2,0.1,-0.2,-0.2,3.0,15.0,-160.2,526.9,131.5,70.0,1.8,5.2,1.8,-2.1,-0.5,2.9,0.1,125.03600311279297
2011-07,2.1,2.3,31.3,7.7,4.2,-0.2,2.8,0.2,16.8,0.1,5.7,0.0,5.0,-8.467,-5.053,12.374,0.8,-0.9,1.8,2.8,53.6,-0.6,1.2,0.8,0.4,-26.0,0.5,1.0,4.5,0.1,2.6,-0.8,-0.4,-0.2,0.1,0.0,2.9,17.0,-196.5,590.7,772.7,68.6,1.4,12.8,0.8,-4.2,-2.5,2.4,0.1,127.21600341796875
2011-06,2.0,1.8,22.5,7.7,4.5,0.0,3.3,-1.7,16.1,0.2,5.4,0.3,5.2,-7.643,-4.508,14.594,-1.7,-1.2,-1.6,1.2,54.0,-2.1,0.9,-1.3,0.0,-28.0,0.5,0.45000000000000007,4.7,-0.1,2.2,-0.9,0.3,0.6,-0.1,0.1,2.7,16.2,-450.0,405.6,-417.5,-855.8,-6.4,-1.1,2.5,-1.9,-1.9,4.1,0.1,129.7830047607422
2011-05,2.1,2.3,16.9,7.7,4.5,0.9,3.7,2.8,17.9,1.0,5.5,0.8,5.2,-7.708,-4.495,7.748,0.2,0.1,0.2,2.2,53.3,5.2,0.9,1.1,2.4,-21.0,0.5,-0.1,4.6,0.9,2.5,-0.7,0.3,0.6,-0.1,0.1,2.7,23.9,-469.6,1679.1,240.3,-463.7,0.7,-21.5,-5.9,-3.0,-7.5,-7.6,0.1,133.32000732421875
2011-04,2.2,2.1,-8.5,7.8,4.0,0.3,3.2,3.7,14.8,1.1,5.6,0.5,5.3,-7.0,-2.849,15.646,-1.2,2.4,0.0,4.9,56.4,-3.5,-0.4,0.3,1.1,-23.0,0.5,0.09999999999999998,4.6,0.6,2.0,-1.2,0.0,-0.1,-0.1,0.2,2.7,16.9,1.4,1641.0,723.3,196.5,-0.5,2.9,1.0,-8.5,0.5,0.8,0.1,135.6999969482422
2011-03,2.3,2.3,-10.2,8.0,4.4,0.8,3.4,1.4,14.9,0.5,5.3,1.0,5.5,-7.789,-4.21,7.9,0.3,4.2,0.9,6.6,56.5,-0.4,-0.6,-0.9,1.3,-26.0,0.5,0.3,4.9,0.2,1.7,-1.1,0.0,-0.3,-0.3,-0.3,2.4,5.6,556.0,461.9,-394.5,653.3,-0.3,3.6,-0.1,-0.2,-0.7,4.1,0.1,133.6199951171875
2011-02,2.3,1.8,1.5,7.9,4.0,-0.4,3.0,2.3,14.1,1.1,5.0,0.3,5.1,-9.686,-5.816,-6.305,0.6,3.7,-0.1,4.5,53.7,2.3,-0.6,1.5,5.1,-31.0,0.5,0.1,4.9,0.5,1.6,-1.2,0.0,-0.2,-0.1,-0.4,2.3,5.5,268.8,1195.3,768.8,-471.4,-0.2,3.0,-0.8,-1.0,-1.7,-4.1,0.1,131.3769989013672
2011-01,2.3,2.1,-3.4,7.9,3.7,0.7,2.9,3.9,12.9,0.4,4.1,0.7,4.8,-8.46,-4.888,14.496,0.6,3.2,0.6,5.1,49.1,-0.3,0.3,-1.4,-0.7,-39.0,0.5,0.15000000000000002,5.1,0.4,1.2,-1.4,0.0,-0.4,-0.1,-0.2,2.3,7.0,579.9,926.2,259.7,725.9,-0.3,1.6,0.6,-3.3,0.1,2.1,0.1,129.9029998779297
2010-12,2.3,2.1,-3.2,7.9,3.3,0.2,2.7,0.9,9.2,0.4,4.1,0.4,4.7,-8.591,-4.038,19.677,-0.1,3.5,0.6,5.8,51.8,0.7,0.4,0.4,1.0,-44.0,0.5,0.2,5.1,0.1,0.9,-1.3,0.1,-0.5,-0.2,-0.4,2.6,7.6,536.0,1436.2,912.9,162.8,-0.8,-2.3,0.3,-0.4,0.4,-1.9,0.1,125.75499725341797
2010-11,2.2,2.1,-5.2,7.8,3.2,0.1,2.7,2.2,8.2,0.6,4.0,0.2,4.5,-8.392,-3.8,8.575,0.4,3.8,0.2,4.9,51.6,0.8,0.6,0.7,0.3,-49.0,0.5,0.5,5.0,0.2,0.8,-1.5,0.2,-0.6,0.2,-0.5,2.7,6.4,575.7,1959.8,927.0,821.9,-0.4,-1.1,-0.9,-0.4,-1.7,-2.8,0.1,131.00100708007812
2010-10,2.0,1.7,1.3,7.7,3.1,0.0,2.7,0.4,8.7,0.0,3.8,0.4,4.6,-8.473,-4.9,14.437,0.4,4.3,0.4,6.1,53.8,0.5,0.2,-0.5,0.0,-36.0,0.5,0.0,5.1,0.0,-0.1,-1.3,-0.6,-1.1,0.3,-0.5,2.8,5.8,611.3,1709.9,195.9,791.1,1.0,-0.9,-0.2,0.0,-1.9,1.4,0.1,128.83200073242188
2010-09,1.6,1.3,3.8,7.8,3.1,0.7,2.8,0.1,8.7,0.0,4.7,0.4,4.7,-8.675,-4.706,14.239,0.4,2.0,0.4,5.0,52.1,1.0,0.4,-0.7,0.8,-32.0,0.5,0.9,5.2,0.0,0.0,-1.4,-0.9,-1.0,-0.6,-1.0,2.8,5.6,590.0,1460.0,916.1,103.2,0.2,-0.3,1.6,1.7,-1.2,0.7,0.1,132.27999877929688
2010-08,1.3,0.8,-1.0,7.8,3.1,-0.4,2.6,-1.0,10.8,0.1,5.0,-0.2,4.8,-7.4,-3.9,1.991,-0.5,1.3,0.3,4.0,54.1,0.5,0.5,0.8,1.0,-8.0,0.5,1.8,5.3,-0.1,-0.1,-1.4,-0.9,-1.1,-1.0,-1.1,2.7,5.4,610.4,1360.0,769.0,804.2,0.2,-2.1,-0.1,1.1,-2.6,0.4,0.1,130.72000122070312
2010-07,1.6,2.7,-15.9,7.8,3.2,0.3,3.1,-0.3,10.7,-0.3,5.1,0.2,5.0,-8.028,-4.49,13.925,0.7,2.5,0.3,4.3,58.4,1.2,0.6,0.7,1.1,9.0,0.5,0.95,5.2,-0.4,0.5,-1.2,-0.7,-1.0,-1.2,-1.3,2.9,3.6,514.5,904.8,391.0,687.0,1.8,0.8,-0.9,0.8,-4.0,-2.0,0.1,135.61000061035156
2010-06,1.7,4.2,-31.1,8.0,3.4,0.3,2.9,-0.2,11.5,0.1,5.5,0.4,5.1,-7.41,-4.0,16.02,-0.7,1.0,-0.8,3.0,58.5,0.8,0.4,0.8,1.7,22.0,0.5,0.1,5.1,0.1,0.4,-0.9,-0.9,-1.25,-0.9,-1.3,3.1,3.7,320.2,1379.6,859.1,487.0,-0.8,0.0,2.1,0.5,-3.6,0.5,0.1,132.11399841308594
2010-05,1.8,4.2,-32.0,8.0,3.7,0.4,3.1,0.6,13.1,1.6,5.9,1.0,5.3,-7.52,-3.2,10.0,2.0,2.6,2.2,3.7,58.2,-2.3,0.2,0.0,1.3,19.0,0.5,1.6,5.0,0.5,-0.1,-1.2,-1.2,-1.5,-1.4,-1.5,2.9,2.9,729.1,1773.0,1074.7,740.5,-2.3,0.6,-3.0,-0.7,-5.0,0.8,0.1,132.39999389648438
2010-04,1.6,2.3,-32.7,8.0,3.4,0.5,3.0,3.8,10.3,0.9,5.0,0.7,4.4,-6.3,-2.1,18.0,0.9,-0.3,1.4,1.3,53.1,4.4,0.4,0.5,1.8,9.0,0.5,1.4000000000000001,4.9,0.2,-1.3,-1.3,-1.1,-1.2,-1.5,-1.9,2.7,2.1,666.2,1119.0,778.0,948.9,3.8,0.0,-0.2,4.4,-4.0,0.9,0.1,143.4199981689453
2010-03,1.4,0.8,-40.1,7.8,3.0,0.4,2.9,0.1,6.9,0.3,4.1,0.6,3.7,-8.1,-3.9,12.4,-0.5,-1.6,-1.0,0.1,48.5,2.2,0.45,2.5,3.2,18.0,0.5,1.2,4.9,0.1,-1.5,-1.2,-1.1,-1.2,-1.7,-1.8,2.9,2.2,471.8,1712.8,197.2,651.0,-0.3,3.9,2.9,1.7,-5.7,2.0,0.1,142.04100036621094
2010-02,1.1,0.6,16.2,7.8,3.5,-0.6,3.1,2.0,8.4,0.4,3.8,0.0,3.7,-7.0,-2.6,0.43,0.5,-3.7,0.9,-1.9,48.6,-0.7,0.5,-3.0,0.8,32.0,0.5,1.0,4.9,0.1,-2.1,-1.2,-1.2,-1.3,-1.8,-1.8,2.9,4.9,728.4,1100.5,631.2,85.2,0.2,1.4,-0.9,1.9,-4.6,-1.2,0.1,134.91299438476562
2010-01,1.1,0.6,-18.8,7.8,2.9,0.6,2.8,0.6,7.4,0.5,3.5,0.6,2.4,-6.8,-2.9,14.0,0.4,-5.7,0.2,-4.9,47.1,4.2,0.1,-0.2,2.4,30.0,0.5,-0.8999999999999999,5.2,0.1,-3.9,-1.5,-2.0,-1.3,-1.9500000000000002,-2.0,3.1,5.2,655.9,1304.8,490.6,545.3,1.1,3.2,-0.1,2.1,-7.1499999999999995,0.0,0.1,144.1300048828125
2009-12,1.2,0.5,-8.4,7.9,1.9,0.2,1.9,0.1,4.0,0.2,2.9,0.3,0.3,-7.0,-3.1,18.7,0.1,-8.4,0.0,-7.8,47.0,1.8,0.1,-0.3,3.1,35.0,0.5,-2.8,5.1,0.1,-5.0,-2.0,-1.9,-1.7,-2.1,-1.9,3.3,3.8,492.4,1321.4,949.0,371.3,-0.6,0.2,0.4,2.2,-9.7,-0.9,0.1,150.2100067138672
2009-11,1.7,0.7,10.6,7.8,1.5,0.1,1.8,2.6,0.1,0.2,1.9,0.3,-0.8,-6.9,-3.1,10.2,1.3,-10.8,1.5,-9.8,46.2,3.8,-0.1,0.6,3.7,34.0,0.5,-1.9,5.3,-0.7,-6.7,-2.2,-2.5,-1.9,-2.2,-1.9,3.4,4.4,419.1,1338.0,599.2,805.4,0.9,1.6,-0.6,1.6,-7.6499999999999995,0.9,0.1,141.91000366210938
2009-10,1.9,0.7,15.4,7.9,1.1,0.1,1.7,-0.5,-6.5,0.5,0.4,0.4,-1.4,-6.1,-2.2,14.9,-2.6,-11.5,-2.0,-11.6,46.7,2.8,-0.1,0.4,2.9,22.0,0.5,-2.5,5.5,-0.35,-7.35,-3.2,-2.2,-2.3,-2.4,-2.2,3.0,4.5,58.6,1233.6,303.7,525.3,0.5,2.3,0.3,1.0,-5.6,1.0,0.1,148.5500030517578
2009-09,2.2,0.7,20.2,7.9,1.6,0.6,1.8,2.0,-7.5,0.3,-0.4,0.5,-1.3,-6.4,-2.45,14.7,0.4,-9.9,0.9,-10.1,47.7,-0.1,-0.3,0.0,2.1,10.0,0.5,-3.1,5.7,0.0,-8.0,-3.5,-2.2,-2.4,-2.1,-2.1,2.8,6.1,173.5,1159.0,437.3,183.3,0.2,3.9,0.6,-0.5,-6.15,0.35000000000000003,0.1,143.79400634765625
2009-08,2.5,1.1,21.4,7.8,1.8,0.0,1.8,-1.4,-12.2,0.3,-1.3,0.0,-1.4,-6.4,-2.37,8.0,0.6,-10.7,0.6,-11.3,47.0,1.8,-0.6,0.2,2.9,-8.1,0.5,-5.6,5.4,0.4,-8.5,-3.4,-2.2,-2.2,-1.7,-1.9,2.7,6.1,222.1,1798.8,602.2,377.9,0.7,2.3,0.2,-2.0,-6.7,-0.3,0.1,151.27999877929688
2009-07,2.6,2.3,20.9,7.6,1.8,0.2,1.6,1.5,-11.0,-0.2,-1.2,0.3,-1.6,-6.2,-1.91,13.4,-0.7,-12.0,-0.6,-12.7,44.5,1.4,-1.2,1.3,3.1,-18.1,0.5,-4.15,5.2,-0.4,-6.6,-3.2,-1.8,-1.7,-1.8,-1.7,2.7,6.1,374.1,1015.8,387.3,507.5,2.6,8.0,-0.3,0.2,-6.5,0.1,0.1,158.0800018310547
2009-06,2.7,0.4,33.7,7.2,2.2,0.4,1.6,0.4,-9.4,0.4,-0.3,0.6,-1.1,-7.1,-3.0,19.9,0.2,-12.4,0.0,-13.2,45.9,-0.8,-1.2,-0.6,-1.6,-43.8,0.5,-2.7,5.0,-0.5,-5.5,-3.0,-1.1,-1.1,-1.5,-1.3,2.7,7.9,309.5,966.3,184.3,298.2,-1.8,10.2,2.2,0.3,-6.7,0.6,0.1,158.55999755859375
2009-05,3.0,-1.8,51.9,7.1,2.3,0.4,1.5,-1.0,-5.0,0.6,1.2,0.1,-1.2,-6.5,-2.5,10.6,-0.3,-12.7,0.2,-13.1,38.1,4.6,-1.2,0.9,2.6,-59.9,0.5,-3.9,4.8,-0.6,-4.0,-2.4,-0.1,-0.1,-0.8,-0.7,2.7,8.2,81.7,902.3,132.9,69.0,-2.3,0.8,-2.8,-1.3,-8.1,-1.1,0.1,154.13999938964844
2009-04,3.2,-2.7,65.5,6.7,2.9,0.4,1.7,1.3,-0.4,0.1,2.0,0.0,-0.4,-6.8,-2.8,18.2,-0.7,-12.3,-0.3,-13.4,30.9,-1.2,-1.3,1.1,0.9,-72.1,0.5,-3.3,4.4,-0.3,-2.5,-2.1,-0.3,-0.1,-0.2,0.0,2.2,6.9,-97.1,685.0,202.1,10.3,-1.7,-11.9,-0.8,-0.4,-8.1,-0.2,0.1,145.9219970703125
2009-03,3.5,-1.7,141.9,6.5,3.2,0.7,1.6,0.6,0.5,0.1,3.1,0.6,0.0,-7.8,-3.1,9.0,-2.7,-11.6,-3.0,-12.9,27.8,-1.8,-1.3,-2.0,0.4,-78.1,0.5,-2.7,4.1,-0.5,-1.6,-2.6,-0.1,0.0,0.2,0.4,2.1,6.4,71.1,258.0,-844.4,82.1,-2.6,-12.9,0.4,-3.5,-1.1,-0.1,0.1,141.98800659179688
2009-02,3.6,1.0,62.8,6.3,3.0,-0.8,1.3,1.5,2.3,0.1,3.5,-1.3,0.1,-7.2,-3.248,-3.3,-1.7,-9.4,-2.2,-10.2,34.5,1.1,-0.8,0.8,3.6,-77.0,1.0,-0.8,4.4,-0.8,-0.3,-2.4,0.0,0.0,0.5,0.6,2.0,3.9,-400.0,407.5,-197.9,-956.9,-2.3,-11.8,-1.6,-5.9,-6.3,-1.9,0.1,139.42999267578125
2009-01,3.6,2.5,80.8,6.1,3.1,-0.3,1.1,-2.0,4.3,0.0,4.7,-1.4,0.9,-8.1,-4.0,16.5,-2.3,-6.9,-2.9,-7.4,29.3,-3.3,-0.5,1.6,4.0,-73.0,1.5,-0.75,3.9,-1.1,1.1,-2.5,0.4,0.0,0.5,0.5,1.8,1.8,-214.2,557.0,-93.4,-322.3,-0.5,-9.4,-1.1,-4.6,-3.2,-0.1,0.1,130.0500030517578
2008-12,3.6,2.8,90.3,6.0,4.1,0.1,2.0,-3.3,7.5,-0.7,5.1,-0.8,3.0,-7.6,-3.9,16.0,-1.6,-5.2,-1.4,-5.0,31.8,-2.6,-0.3,0.3,1.3,-76.0,2.0,-0.7,3.7,-1.9,2.8,-2.0,1.0,1.0,0.8,0.8,1.7,1.9,-367.6,1113.2,145.0,-225.2,-0.1,-3.9,0.4,-0.5,-4.3,-0.6,0.1,131.3800048828125
2008-11,3.6,3.1,44.6,5.8,4.5,0.0,1.9,-4.3,15.4,-1.0,6.7,-0.3,4.2,-7.5,-3.9,3.3,-0.3,-2.9,-0.8,-2.3,35.1,-2.2,-0.5,-0.3,1.7,-82.0,3.0,0.1,4.0,-1.6,4.8,-1.4,1.7,1.9,1.1,1.1,1.8,1.4,-247.9,970.5,247.1,-67.7,-1.8,1.6,-0.6,-3.8,-3.3,-0.5,0.3,146.2899932861328
2008-10,3.6,3.4,45.7,5.7,5.2,0.2,2.2,-1.2,24.5,-0.3,8.5,0.6,5.0,-8.2,-4.4,8.1,-0.6,-2.3,-0.6,-2.0,38.8,-1.5,-0.3,-0.5,1.7,-84.2,4.5,-0.3,4.2,-0.4,6.8,0.1,2.1,2.3,1.2,1.5,2.2,0.9,33.0,903.2,-236.0,95.1,0.8,-3.5,-1.4,-2.3,-2.2,0.7,0.5,157.7899932861328
2008-09,3.7,3.7,32.0,5.5,4.7,0.6,2.0,-2.0,26.2,-0.6,9.7,0.3,4.8,-7.7,-4.8,10.4,-0.4,-1.5,-0.2,-1.4,40.5,-1.0,-0.04999999999999999,1.2,3.3,-81.0,5.0,0.3,4.0,-0.1,7.2,1.4,2.1,2.4,1.4,1.7,2.4,-0.2,-113.3,1555.9,232.2,-324.0,-0.9,1.4,1.2,-4.0,-0.7,0.0,0.5,188.91000366210938
2008-08,3.7,3.4,20.1,5.4,4.4,-0.2,1.9,-0.6,30.1,0.4,10.2,-0.1,5.0,-8.0,-5.0,-4.8,-0.1,-1.7,-0.5,-1.3,36.7,-0.9,0.2,0.8,2.1,-83.9,5.0,0.25,4.1,2.0,7.1,1.3,2.3,2.4,1.3,1.5,2.1,-0.7,172.4,1290.7,252.1,91.1,0.4,-1.7,-0.8,-0.5,-3.9,0.0,0.5,196.25999450683594
2008-07,3.8,3.8,15.0,5.2,3.8,0.3,1.6,2.1,30.0,0.9,10.0,0.8,4.6,-7.4,-4.1,9.2,-0.8,-1.6,-0.5,-0.8,38.8,0.4,0.4,-3.9,2.2,-88.0,5.0,0.2,4.0,0.8,5.6,1.2,2.0,1.9,1.6,1.6,2.3,-0.5599999999999998,135.4,2000.6,529.4,138.6,0.8,2.2,-0.2,-1.8,-2.1,0.2,0.5,213.77699279785156
2008-06,3.9,3.8,9.0,5.3,3.3,0.3,1.5,3.8,27.9,1.6,8.9,0.5,4.3,-7.5,-4.1,11.0,0.1,0.1,0.0,0.0,43.9,1.9,0.3,3.5,8.1,-92.9,5.0,0.6,4.0,1.1,4.7,0.6,1.3,1.5,1.5,1.3,2.0,-0.41999999999999993,642.3,1510.7,634.7,365.6,0.5,105.9,1.8,-3.2,-2.2,-0.1,0.5,211.49600219726562
2008-05,3.8,4.0,7.2,5.2,3.0,0.5,1.4,2.4,23.3,1.4,7.6,0.9,4.2,-7.1,-3.8,1.8,-0.5,0.2,-0.5,0.6,46.1,-1.5,0.5,-0.3,3.8,-95.1,5.0,1.5,3.8,0.6,3.7,0.5,0.8,0.9,0.9,0.9,1.9,-0.2799999999999999,609.2,2096.6,1250.7,485.0,-1.4,102.6,0.3,-2.7,0.2,0.5,0.5,208.64999389648438
2008-04,3.8,3.7,-1.2,5.2,2.5,0.4,1.2,1.7,20.1,1.1,6.5,0.3,3.8,-7.6,-4.3,10.2,0.3,1.2,0.4,1.9,47.2,-1.6,0.3,-0.2,4.7,-78.5,5.0,1.5,3.9,0.5,3.9,0.4,1.2,1.2,0.6,0.7,2.2,-0.1399999999999999,770.0,1461.1,1035.3,1118.6,0.0,106.3,-1.7,-1.6,1.3,-1.0,0.5,206.5399932861328
2008-03,3.7,3.9,0.6,5.3,2.5,0.3,1.2,1.9,19.3,0.5,5.7,0.8,4.1,-7.9,-5.0,2.7,-0.2,0.4,0.5,0.7,52.4,1.5,0.6,1.1,6.3,-64.1,5.25,1.0,3.8,0.4,3.4,0.7,1.0,1.0,0.6,0.6,2.3,0.0,610.0,2074.7,85.8,970.0,-0.2,107.4,0.4,0.0,-1.9,0.8,0.5,198.05999755859375
2008-02,3.7,3.8,-10.8,5.2,2.2,-1.0,1.3,2.7,19.1,1.0,5.7,-0.5,4.1,-7.5,-4.1,14.0,0.0,0.9,0.14999999999999997,0.4,53.9,2.6,0.6,0.8,5.9,-54.7,5.25,-0.34999999999999987,3.8,0.2,3.0,0.8,0.7,0.8,0.4,0.4,2.2,0.14,861.9,1832.6,1013.0,-794.3,-0.5,110.2,-0.6,3.6,-1.5,-0.8,0.5,206.39999389648438
2008-01,3.6,4.0,-6.4,5.4,2.1,0.6,1.4,1.6,12.2,0.4,5.0,0.6,4.0,-7.9,-4.4,7.8,-0.1,0.3,-0.2,0.1,56.0,0.3,0.6,-0.2,2.8,-49.1,5.5,-1.7,3.8,0.4,2.6,1.4,0.7,0.8,0.2,0.4,2.1,0.28,640.0,2164.0,932.7,877.0,1.2,108.4,0.1,2.2,0.4,0.3,0.5,211.4199981689453
2007-12,3.6,4.0,-11.1,5.3,2.1,0.0,1.4,2.2,10.9,0.6,4.7,0.4,4.3,-7.883333333333334,-4.4,11.2,0.4,1.0,0.3,0.3,54.3,1.2,0.6,0.4,4.2,-40.6,5.5,-0.2,4.0,0.2,2.3,1.4,0.6,0.4,0.4,0.3,2.0,0.42,830.0,2229.0,1132.9166666666665,791.0,-1.6,110.2,1.1,-0.6,-1.8,0.3,0.5,221.6199951171875
2007-11,3.7,4.1,10.6,5.4,2.1,0.3,1.5,2.2,8.5,0.6,3.9,0.4,4.2,-7.866666666666667,-4.7,-0.4,-0.4,-0.4,-0.6,-0.2,57.4,1.0,0.8,0.0,4.2,-22.2,5.75,-0.35,4.0,0.05000000000000002,2.4,1.4,0.3,0.1,0.3,0.1,2.0,0.5599999999999999,1072.6,2242.0,1333.1333333333332,1018.6,1.0,108.6,-1.6,0.6,-2.0,-1.5,0.5,229.02999877929688
2007-10,3.7,3.7,-12.8,5.4,1.8,0.0,1.5,3.9,6.5,0.3,2.8,0.3,3.9,-7.85,-4.1,6.9,0.1,0.7,0.5,0.6,60.3,3.0,0.9,0.6,6.3,-14.6,5.75,-0.5,3.8,-0.1,1.7,1.4,-0.2,-0.1,0.1,0.0,1.7,0.7,1034.3,2081.0,1533.35,1635.9,-0.4,109.7,1.3,3.2,-2.9,3.9,0.5,239.9600067138672
2007-09,3.5,3.5,-4.2,5.4125000000000005,1.8,0.4,1.8,-1.4,0.7,0.1,2.5,0.6,4.1,-7.833333333333333,-4.6,9.1,-0.1,0.8,0.39999999999999997,0.8,54.8,3.7,0.9,0.6,4.8,-3.3,5.75,-0.5,3.6,0.0,1.9,1.4,-0.2,-0.1,-0.2,-0.1,1.58,0.7,1144.9,1856.0,1733.5666666666666,743.2,0.2,109.02,-0.5,1.6,-3.8,-2.5,0.5,234.8800048828125
2007-08,3.4,3.4,-6.7,5.425000000000001,1.9,-0.5,1.7,-0.8,-0.3,0.3,2.5,-0.6,3.8,-7.816666666666666,-3.9,-6.5,0.0,0.8,0.29999999999999993,1.0,61.8,4.3999999999999995,0.9,0.7,4.4,3.6500000000000004,5.75,-0.5,3.7,0.6,2.1,1.4,-0.1,-0.1,-0.3,0.0,1.46,0.7,878.3,2004.0,1933.7833333333333,822.6,-0.3,108.34,0.1,-0.1,0.9,-0.8,0.5,233.5800018310547
2007-07,3.5,3.5,-6.7,5.4375,2.4,0.2,1.775,0.6,2.1,0.3,2.5,0.5,4.4,-7.8,-0.09999999999999964,7.0,0.6,0.5,0.19999999999999996,1.2000000000000002,60.1,5.1,0.9,0.4,3.7,10.6,5.75,-0.5,3.8,0.1,2.3,1.4,-0.2,-0.1,-0.1,-0.1,1.34,0.7,823.8,2152.0,2134.0,1227.0,1.2,107.66,-0.1,0.1,-0.8,-0.9666666666666668,0.5,240.3000030517578
2007-06,3.6,4.1,-6.7,5.45,2.5,0.2,1.85,1.4,1.2,0.4,2.5,0.4,4.3,-8.1,3.7,8.7,0.3,0.4,0.09999999999999998,1.4,58.0,4.55,0.9,0.4,3.9,23.9,5.5,-0.5,3.8,0.5,2.2,1.4,0.0,-0.1,-0.2,-0.1,1.22,0.7,823.8,2300.0,2134.0,799.7,-1.4,106.98,1.7,0.1,-1.8,-1.1333333333333333,0.5,247.3300018310547
2007-05,3.7,4.4,-6.7,5.4625,2.8,0.2,1.925,0.7,-0.3,0.5,2.5,0.5,4.5,-7.3,0.9569999999999999,1.1,0.2,-0.4,-2.7755575615628914e-17,1.6,59.8,4.0,0.9,-0.1,4.2,24.7,5.5,-0.5,4.0,0.65,2.2,1.4,-0.1,-0.1,0.0,-0.1,1.1,0.7,823.8,2400.0,2134.0,922.8,0.9,106.3,0.3999999999999999,0.1,-0.3,-1.3,0.5,241.02699279785156
2007-04,3.6,4.6,-6.7,5.475,3.1,0.4,2.0,1.2,0.7,0.6,2.7,0.6,4.8,-7.0,-1.786,8.5,-0.3,0.3,-0.10000000000000002,1.8,58.9,3.9,0.9,0.5,5.0,25.5,5.4375,-0.5,4.0,0.8,2.2,1.4,-0.1,-0.1,0.2,-0.1,1.1,0.7,823.8,2400.0,2134.0,1276.4499999999998,0.8,106.3,-0.9000000000000001,0.1,-0.3,-1.3,0.5,238.64999389648438
2007-03,3.6,4.4,-6.7,5.4875,2.8,0.4,1.7,1.3,-1.1,0.3,2.2,0.7,4.6,-6.4,-4.529,-0.9000000000000004,0.0,0.4,-0.2,2.0,57.3,3.9,0.9,1.6,5.1,24.0,5.375,-0.5,4.0,0.8,2.2,1.4,-0.2,-0.1,0.0,-0.1,1.1,0.7,823.8,2400.0,2134.0,1630.1,0.7,106.19999999999999,-2.2,0.1,-0.3,-1.3,0.5,231.8699951171875
2007-02,3.6,4.2,-6.7,5.5,2.7,-0.9,1.7,-2.5,-2.1,0.4,2.2,-0.5,4.2,-6.4,-4.529,-10.3,0.0,0.4,-0.2,2.0,57.3,3.9,0.9,-1.8,3.3,24.0,5.3125,-0.5,4.0,0.8,2.2,1.4,-0.2,-0.1,0.0,-0.1,1.1,0.7,823.8,2400.0,2134.0,1630.1,0.7,106.1,-2.2,0.1,-0.3,-1.3,0.5,233.14999389648438
