Date,producer-price-index-yy european-union,consumer-price-index-yy european-union,markit-manufacturing-pmi european-union,markit-services-pmi european-union,consumer-confidence-indicator european-union,retail-sales-yy european-union,industrial-production-yy european-union,trade-balance european-union,unemployment-rate european-union,markit-composite-pmi european-union,ecb-deposit-rate-decision european-union,zew-indicator-of-economic-sentiment european-union,ecb-interest-rate-decision european-union,producer-price-index-yy united-states,consumer-price-index-yy united-states,ism-manufacturing-pmi united-states,ism-non-manufacturing-pmi united-states,consumer-confidence-index united-states,retail-sales-yy united-states,retail-sales-ex-autos-mm united-states,durable-goods-orders united-states,nonfarm-payrolls united-states,industrial-production-mm united-states,trade-balance united-states,housing-starts united-states,new-home-sales united-states,building-permits united-states,existing-home-sales united-states,unemployment-rate united-states,adp-nonfarm-employment-change united-states,ny-empire-state-manufacturing-index united-states,chicago-pmi united-states,capacity-utilization united-states,factory-orders united-states,durable-goods-orders-ex-transportation united-states,business-inventories-mm united-states,pce-price-index-mm united-states,core-pce-price-index-yy united-states,core-pce-price-index-mm united-states,average-hourly-earnings-mm united-states,fed-interest-rate-decision united-states,EURUSD
2022-08,35.8,8.9,49.7,50.2,-24.9,-3.7,2.4,-30.8,6.6,49.2,0.0,-54.9,0.5,9.8,8.5,52.8,56.7,95.7,10.3,0.4,0.0,528.0,0.6,-79.614,1.446,0.511,1.674,4.81,3.5,128.0,-31.3,52.1,80.3,2.0,0.3,1.4,-0.1,4.6,0.1,0.5,2.5,0.9948268532752991
2022-07,36.3,8.6,49.6,50.6,-27.0,0.2,1.6,-26.0,6.699999999999999,49.4,-0.5,-51.1,0.5,11.3,9.1,53.0,55.3,98.7,8.5,1.0,1.9,372.0,-0.2,-85.546,1.559,0.59,1.685,5.12,3.6,128.0,11.1,56.0,80.0,1.6,0.3,1.4,1.0,4.8,0.6,0.3,2.5,1.022704005241394
2022-06,37.2,8.1,52.0,52.8,-23.6,3.9,-2.0,-31.7,6.8,51.9,-0.5,-28.0,0.0,10.8,8.6,56.1,55.9,106.4,8.1,0.5,0.7,390.0,0.2,-87.077,1.549,0.696,1.695,5.41,3.6,247.0,-1.2,60.3,79.0,0.3,0.7,1.2,0.6,4.7,0.3,0.3,1.75,1.04465913772583
2022-05,36.8,8.1,54.4,56.3,-21.1,0.8,-0.8,-17.6,6.8,54.9,-0.5,-29.5,0.0,11.0,8.3,55.4,57.1,107.3,8.2,0.6,0.4,428.0,1.1,-109.802,1.724,0.591,1.819,5.61,3.6,351.0,-11.6,56.4,79.0,2.2,0.3,2.0,0.2,4.9,0.3,0.3,1.0,1.0773539543151855
2022-04,31.4,7.5,55.3,57.7,-16.9,5.0,2.0,-9.4,6.8,55.8,-0.5,-43.0,0.0,11.2,8.5,57.1,58.3,107.2,6.9,1.1,0.8,431.0,0.9,-89.185,1.793,0.763,1.873,5.77,3.6,455.0,24.6,62.9,78.3,-0.5,1.1,1.5,0.9,5.2,0.3,0.4,0.75,1.0546298027038574
2022-03,30.6,5.9,57.0,55.5,-18.7,7.8,-1.3,-7.7,6.8,54.5,-0.5,-38.7,0.0,10.0,7.9,58.6,56.5,110.5,17.6,0.2,-2.2,678.0,0.5,-89.692,1.769,0.772,1.859,6.02,3.8,-301.0,-11.8,56.3,77.6,1.4,-0.6,1.1,0.6,5.4,0.4,0.0,0.5,1.1161835193634033
2022-02,26.2,5.1,58.7,51.1,-8.8,2.0,1.6,-9.7,7.0,55.8,-0.5,48.6,0.0,9.7,7.5,57.6,59.9,113.8,13.0,3.3,1.6,467.0,1.4,-80.731,1.638,0.801,1.899,6.5,4.0,807.0,3.1,65.2,77.6,-0.4,0.7,2.1,0.6,5.2,0.5,0.7,0.375,1.118105411529541
2022-01,23.7,5.0,58.0,51.2,-8.3,7.8,-1.5,-1.3,7.2,52.4,-0.5,49.4,0.0,9.7,7.0,58.7,62.0,115.8,17.0,-2.3,-0.9,199.0,-0.1,-80.172,1.702,0.811,1.873,6.18,3.9,534.0,-0.7,63.1,76.5,1.6,0.4,1.3,0.4,4.9,0.5,0.6,0.25,1.1152374744415283
2021-12,21.9,4.9,58.0,53.3,-8.3,1.4,3.3,2.4,7.3,55.4,-0.5,26.8,0.0,9.6,6.8,61.1,69.1,109.5,18.2,0.3,2.5,210.0,0.5,-67.116,1.679,0.744,1.712,6.46,4.2,571.0,31.9,61.8,76.8,1.0,0.8,1.2,0.6,4.7,0.5,0.3,0.25,1.132502794265747
2021-11,16.0,4.9,58.6,56.6,-6.8,2.5,5.2,6.1,7.4,55.8,-0.5,25.9,0.0,8.6,6.2,60.8,66.7,113.8,16.0,1.7,-0.5,531.0,1.6,-80.934,1.52,0.745,1.65,6.34,4.6,568.0,30.9,68.4,76.4,0.2,0.5,0.7,0.6,4.1,0.4,0.4,0.25,1.1293437480926514
2021-10,13.4,4.1,58.5,54.7,-4.8,0.0,5.1,11.1,7.5,54.3,-0.5,21.0,0.0,8.6,5.4,61.1,61.9,109.3,13.8,0.8,-0.4,194.0,-1.3,-73.252,1.555,0.8,1.589,6.29,4.8,374.0,19.8,64.7,75.2,1.2,0.4,0.6,0.4,3.6,0.3,0.6,0.25,1.156136155128479
2021-09,12.1,3.0,58.7,59.0,-4.0,3.1,7.7,13.4,7.6,56.1,-0.5,31.1,0.0,8.3,5.3,59.9,61.7,113.8,14.9,1.8,1.8,235.0,0.4,-70.051,1.615,0.74,1.728,5.88,5.2,330.0,34.3,66.8,76.4,0.4,0.2,0.5,0.4,3.6,0.3,0.6,0.25,1.1601601839065552
2021-08,10.2,2.2,62.8,59.7,-5.3,5.0,9.7,12.4,7.65,59.5,-0.5,42.7,0.0,7.8,5.4,59.5,64.1,129.1,15.8,-0.4,-0.1,943.0,0.9,-75.749,1.534,0.708,1.635,5.99,5.4,654.0,18.3,73.4,76.1,1.5,0.7,0.8,0.4,3.6,0.3,0.4,0.25,1.1796904802322388
2021-07,9.6,1.9,62.6,60.4,-4.4,9.0,20.5,9.4,7.7,60.6,-0.5,61.2,0.0,7.3,5.4,60.6,60.1,127.3,18.0,1.3,0.8,850.0,0.4,-71.24,1.643,0.676,1.598,5.86,5.9,978.0,43.0,66.1,75.4,1.7,0.3,0.5,0.5,3.5,0.4,0.3,0.25,1.1867802143096924
2021-06,7.6,1.9,63.1,58.0,-3.3,23.9,39.3,9.4,8.0,59.2,-0.5,81.3,0.0,6.6,5.0,61.2,64.0,117.2,28.1,-0.7,2.3,559.0,0.8,-68.899,1.572,0.769,1.681,5.8,5.8,742.0,17.4,75.2,75.2,-0.6,0.3,-0.2,0.4,3.4,0.5,0.5,0.25,1.1901928186416626
2021-05,4.3,1.6,62.8,55.1,-5.1,12.0,10.9,13.0,8.05,53.8,-0.5,84.0,0.0,6.2,4.2,60.7,62.7,121.7,51.2,-0.8,-1.3,266.0,0.7,-74.448,1.569,0.863,1.76,5.85,6.1,629.5,24.3,72.1,74.9,1.1,1.0,0.3,0.6,3.1,0.7,0.7,0.25,1.2190067768096924
2021-04,1.5,1.6,63.3,50.3,-8.1,-2.9,-1.6,18.4,8.1,53.7,-0.5,66.3,0.0,4.2,2.6,64.7,63.7,109.7,27.7,8.4,0.5,916.0,1.4,-71.078,1.739,1.021,1.766,6.01,6.0,517.0,26.3,66.3,74.4,-0.8,1.6,0.5,0.5,1.8,0.4,-0.1,0.25,1.2127091884613037
2021-03,0.0,0.9,62.4,45.7,-10.8,-6.4,0.1,24.2,8.1,52.5,-0.5,74.0,0.0,2.8,1.7,60.8,55.3,91.3,6.3,-2.7,-1.1,379.0,-2.2,-68.213,1.421,0.775,1.682,6.22,6.2,174.0,17.4,59.5,73.8,2.6,-0.9,0.3,0.2,1.4,0.1,0.2,0.25,1.1723604202270508
2021-02,-1.1,0.9,54.8,44.7,-14.8,0.6,-0.8,27.5,8.3,48.1,-0.5,69.6,0.0,1.7,1.4,58.7,58.7,89.3,7.4,5.9,3.4,49.0,0.9,-66.613,1.58,0.923,1.881,6.69,6.3,-123.0,12.1,63.8,75.6,1.1,1.4,0.6,0.3,1.5,0.3,0.2,0.25,1.2073606252670288
2021-01,-1.9,-0.3,54.7,45.0,-15.5,-2.9,-0.6,25.1,8.3,47.5,-0.5,58.3,0.0,0.8,1.4,60.7,57.2,88.6,2.9,-1.4,0.2,-140.0,1.6,-68.142,1.669,0.842,1.709,6.76,6.7,307.0,3.5,59.5,74.5,1.0,0.7,0.5,0.4,1.5,0.3,0.8,0.25,1.213900089263916
2020-12,-2.0,-0.3,55.5,47.3,-13.9,4.3,-3.8,25.9,8.4,49.8,-0.5,54.4,0.0,0.8,1.2,57.5,55.9,96.1,4.1,-0.9,0.9,245.0,0.4,-63.123,1.547,0.841,1.639,6.69,6.7,365.0,4.9,58.2,73.3,1.0,0.4,0.7,0.0,1.4,0.0,0.3,0.25,1.2299896478652954
2020-11,-2.4,-0.3,53.6,41.3,-17.6,2.2,-6.8,24.0,8.25,45.1,-0.5,32.8,0.0,0.5,1.2,59.3,56.6,100.9,5.7,0.2,1.3,638.0,1.1,-63.862,1.53,0.999,1.545,6.85,6.9,557.0,6.3,61.1,72.8,1.1,1.3,0.7,0.0,1.4,0.0,0.1,0.25,1.1971460580825806
2020-10,-2.5,-0.3,54.4,48.0,-15.5,3.7,-7.2,21.9,8.1,50.4,-0.5,52.3,0.0,0.4,1.4,55.4,57.8,101.8,5.4,1.5,1.9,661.0,-0.6,-67.102,1.415,0.959,1.553,6.54,7.9,749.0,10.5,62.4,71.5,0.7,0.8,0.3,0.3,1.6,0.3,0.1,0.25,1.1676785945892334
2020-09,-3.3,-0.2,51.7,47.6,-13.9,0.4,-7.7,20.3,7.9,50.1,-0.5,73.9,0.0,-0.2,1.3,56.0,56.9,84.8,2.6,0.7,0.4,1371.0,0.4,-63.556,1.416,1.011,1.47,6.0,8.4,167.0,17.0,51.2,71.4,6.4,0.4,0.1,0.3,1.4500000000000002,0.3,0.4,0.25,1.1742050647735596
2020-08,-3.7,0.4,51.7,50.1,-14.7,1.3,-12.3,17.1,7.85,51.6,-0.5,64.0,0.0,-0.4,1.0,54.2,58.1,92.6,2.7,1.9,11.2,1763.0,3.0,-50.695,1.496,0.901,1.495,5.86,10.2,2369.0,3.7,51.9,70.6,6.2,2.4,-1.1,0.3,1.3,0.3,0.2,0.25,1.1918240785598755
2020-07,-5.0,0.4,51.1,55.1,-15.0,-5.1,-20.9,8.0,7.8,54.8,-0.5,59.6,0.0,-0.8,0.6,52.6,57.1,98.1,1.1,7.3,7.3,4800.0,5.4,-54.601,1.186,0.776,1.241,4.72,11.1,-2760.0,17.2,36.6,68.6,8.0,3.3,-2.3,0.4,0.9,0.2,-1.2,0.25,1.1872254610061646
2020-06,-4.5,0.3,46.9,47.3,-14.7,-19.6,-28.0,1.2,7.3,47.5,-0.5,58.6,0.0,-0.8,0.1,43.1,45.4,86.6,-6.1,12.4,15.8,2509.0,1.4,-49.408,0.974,0.676,1.22,3.91,13.3,-20236.0,-0.2,32.3,64.8,-13.0,4.0,-1.3,0.1,1.0,0.1,-1.0,0.25,1.1247202157974243
2020-05,-2.8,0.1,39.5,12.0,-18.8,-9.2,-12.9,23.5,7.35,30.5,-0.5,46.0,0.0,-1.2,0.3,41.5,41.8,86.9,-21.6,-17.2,-17.2,-20500.0,-11.2,-44.415,0.891,0.623,1.074,4.33,14.7,-27.0,-48.5,35.4,64.9,-10.3,-7.4,-0.2,-0.5,1.0,-0.4,4.7,0.25,1.1110000610351562
2020-04,-1.3,0.4,44.5,11.7,-22.7,3.0,-1.9,25.8,7.4,13.5,-0.5,25.2,0.0,0.7,1.5,49.1,52.5,120.0,-6.2,-4.5,-14.4,-701.0,-5.4,-39.932,1.216,0.627,1.353,5.27,4.4,183.0,-78.2,47.8,72.7,0.0,-0.2,-0.4,-0.3,1.7,-0.1,0.4,0.25,1.087725043296814
2020-03,-0.5,1.2,44.8,28.4,-11.6,1.7,-1.9,17.3,7.4,31.4,-0.5,-49.5,0.0,1.3,2.3,50.1,57.3,130.7,4.3,-0.4,1.2,273.0,0.6,-45.338,1.599,0.765,1.464,5.77,3.5,291.0,-21.5,49.0,77.0,-0.5,-0.6,-0.1,0.1,1.8,0.2,0.3,0.25,1.1030466556549072
2020-02,-0.7,1.4,49.1,52.8,-6.6,1.3,-4.1,22.2,7.4,51.3,-0.5,10.4,0.0,2.1,2.5,50.9,55.5,131.6,4.4,0.3,-0.2,225.0,-0.3,-48.88,1.567,0.764,1.551,5.46,3.6,202.0,12.9,42.9,76.8,1.8,0.9,0.1,0.1,1.6,0.1,0.2,1.0,1.1030004024505615
2020-01,-1.4,1.4,47.8,52.2,-8.1,2.2,-1.5,19.2,7.4,50.9,-0.5,25.6,0.0,1.3,2.3,47.2,55.0,126.5,5.8,0.7,2.4,145.0,-0.3,-43.086,1.608,0.694,1.416,5.54,3.5,67.0,4.8,48.9,77.0,-0.7,-0.1,-0.2,0.3,1.6,0.2,0.1,1.75,1.1029127836227417
2019-12,-1.9,1.0,45.9,52.4,-8.1,1.4,-2.2,24.5,7.45,50.6,-0.5,11.2,0.0,1.1,2.1,48.1,53.9,125.5,3.3,0.1,-2.0,266.0,1.1,-47.199,1.365,0.719,1.482,5.35,3.5,96.0,3.5,46.3,77.3,0.3,0.0,0.2,0.2,1.6,0.1,0.2,1.75,1.120229721069336
2019-11,-1.2,1.0,46.6,52.2,-7.2,3.1,-1.7,18.3,7.5,50.3,-0.5,-1.0,0.0,1.1,1.8,48.3,54.7,125.9,3.1,0.2,0.6,128.0,-0.8,-52.45,1.314,0.733,1.461,5.46,3.6,125.0,2.9,43.2,76.7,-0.6,0.6,0.0,0.2,1.6,0.1,0.2,1.75,1.1019999980926514
2019-10,-0.8,0.8,45.7,51.6,-7.6,2.1,-2.8,20.3,7.5,50.2,-0.5,-23.5,0.0,1.4,1.7,47.8,52.6,125.1,4.1,-0.1,-1.1,136.0,-0.4,-54.896,1.256,0.701,1.387,5.38,3.5,195.0,4.0,47.1,77.5,-0.1,-0.3,0.0,0.0,1.7,0.0,0.0,1.75,1.1154489517211914
2019-09,0.2,1.0,47.0,52.0,-6.5,2.2,-2.0,19.0,7.4,50.4,-0.45,-22.4,0.0,1.8,1.7,49.1,56.4,135.1,4.1,0.0,0.2,130.0,0.6,-53.989,1.364,0.713,1.419,5.49,3.7,148.5,2.0,50.4,77.9,1.4,0.5,0.4,0.0,1.8,0.1,0.4,2.0,1.0942714214324951
2019-08,0.7,1.0,47.0,53.4,-7.1,2.6,-2.6,17.9,7.5,51.8,-0.4,-43.6,0.0,1.7,1.8,51.2,53.7,135.7,3.4,1.0,2.1,164.0,-0.2,-55.154,1.191,0.635,1.336,5.42,3.7,102.0,4.8,44.4,77.5,0.6,-0.4,0.0,0.2,1.6,0.2,0.3,2.125,1.1012003421783447
2019-07,1.6,1.1,46.4,53.3,-6.6,1.3,-0.5,20.2,7.5,51.5,-0.4,-20.3,0.0,1.7,1.6,51.7,55.1,121.5,3.4,0.4,2.0,224.0,0.0,-55.52,1.253,0.646,1.22,5.27,3.7,27.0,4.3,49.7,77.9,-0.7,1.2,0.3,0.1,1.6,0.2,0.2,2.25,1.1157974004745483
2019-06,2.6,1.2,47.8,53.4,-7.2,1.5,-0.4,15.3,7.6,51.8,-0.4,-20.2,0.0,1.8,1.8,52.1,56.9,134.1,3.2,0.5,-1.3,75.0,0.4,-50.791,1.269,0.626,1.294,5.34,3.6,275.0,-8.6,54.2,78.1,-0.8,0.3,0.5,0.2,1.6,0.2,0.2,2.5,1.1390948295593262
2019-05,2.9,1.7,47.7,52.8,-6.5,1.9,-0.6,17.9,7.65,51.5,-0.4,-1.6,0.0,2.2,2.0,52.8,55.5,129.2,3.1,0.1,-2.1,263.0,-0.5,-50.002,1.235,0.673,1.296,5.19,3.6,129.0,17.8,52.6,77.9,1.9,0.0,0.0,0.3,1.6,0.2,0.2,2.5,1.1131147146224976
2019-04,3.0,1.4,47.5,52.5,-7.9,2.8,-0.3,19.5,7.7,51.3,-0.4,4.5,0.0,2.2,1.9,55.3,56.1,124.1,3.6,1.2,2.7,196.0,-0.1,-49.382,1.139,0.692,1.269,5.21,3.8,183.0,10.1,58.7,78.8,-0.5,0.4,0.3,0.2,1.6,0.0,0.1,2.5,1.1185182332992554
2019-03,3.0,1.5,47.6,52.7,-7.2,2.2,-1.1,17.0,7.8,51.3,-0.4,-2.5,0.0,1.9,1.5,54.2,59.7,131.4,2.3,0.9,0.4,20.0,0.1,-51.149,1.162,0.667,1.296,5.51,3.8,198.0,3.7,64.7,78.2,0.1,-0.1,0.6,-0.1,1.8,0.1,0.4,2.5,1.1233052015304565
2019-02,3.0,1.4,49.2,52.3,-7.4,0.8,-4.2,15.6,7.85,51.4,-0.4,-16.6,0.0,2.0,1.6,56.6,56.7,120.2,2.3,-1.8,1.2,304.0,-0.6,-49.313,1.078,0.662,1.326,4.94,4.0,213.0,8.8,56.7,78.2,0.1,0.1,-0.1,-0.033333333333333326,1.8333333333333333,0.1,0.1,2.5,1.1380189657211304
2019-01,4.0,1.6,50.5,50.8,-7.9,1.1,-3.3,15.1,7.9,50.7,-0.4,-20.9,0.0,2.5,1.9,54.1,57.6,128.1,3.25,-0.8,1.0,312.0,0.3,-52.4005,1.167,0.657,1.327,4.99,3.9,179.0,3.9,65.4,78.7,-1.0,-0.09999999999999998,0.25,0.03333333333333334,1.8666666666666667,0.1,0.4,2.5,1.1487650871276855
2018-12,4.9,1.9,51.4,51.4,-6.2,1.7,1.2,12.5,8.0,51.3,-0.4,-21.0,0.0,2.5,2.2,59.3,60.7,135.7,4.2,0.2,0.8,155.0,0.6,-55.488,1.256,0.6005,1.328,5.32,3.7,203.0,10.9,66.4,78.5,-2.1,-0.3,0.6,0.1,1.9,0.1,0.2,2.5,1.1439945697784424
2018-11,4.5,2.0,51.5,53.7,-3.9,0.8,0.9,13.4,8.1,52.4,-0.4,-22.0,0.0,2.9,2.5,57.7,60.3,137.9,4.6,0.7,-4.4,250.0,0.1,-54.019,1.228,0.544,1.263,5.22,3.7,227.0,23.3,58.4,78.4,0.7,0.1,0.3,0.2,1.8,0.1,0.2,2.25,1.1392766237258911
2018-10,4.2,2.1,53.2,54.7,-2.7,1.8,0.9,16.6,8.1,54.1,-0.4,-19.4,0.0,2.6,2.3,59.8,61.6,138.4,4.7,-0.1,0.8,134.0,0.3,-53.237,1.201,0.553,1.241,5.15,3.7,163.0,21.1,60.4,78.1,2.3,0.1,0.5,0.1,2.0,0.2,0.3,2.25,1.1346358060836792
2018-09,4.0,2.1,53.3,54.7,-2.9,1.1,-0.1,12.8,8.149999999999999,54.2,-0.4,-7.2,0.0,2.8,2.7,61.3,58.5,133.4,6.6,0.3,4.5,201.0,0.4,-50.082,1.282,0.629,1.229,5.34,3.9,219.0,19.0,63.6,78.1,-0.8,0.1,0.6,0.1,2.0,0.0,0.4,2.25,1.162304162979126
2018-08,3.6,2.0,54.6,54.4,-1.9,1.2,2.5,16.7,8.2,54.4,-0.4,-11.1,0.0,3.3,2.9,58.1,55.7,127.4,6.4,0.6,-1.7,157.0,0.1,-46.348,1.168,0.627,1.311,5.34,3.9,177.0,25.6,65.5,78.1,0.7,0.2,0.1,0.1,2.0,0.2,0.3,2.0,1.1664663553237915
2018-07,3.0,2.1,55.1,54.4,-0.6,1.4,2.4,16.9,8.3,54.3,-0.4,-18.7,0.0,3.4,2.9,60.2,59.1,126.4,6.6,0.4,1.0,213.0,0.6,-43.053,1.173,0.631,1.273,5.38,4.0,190.5,22.6,64.1,78.0,0.4,0.4,0.4,0.1,1.9,0.1,0.2,2.0,1.1707408428192139
2018-06,2.0,2.0,55.0,55.0,-0.5,1.7,1.7,18.1,8.4,54.8,-0.4,-12.6,0.0,3.1,2.8,58.7,58.6,128.0,5.9,0.9,-0.6,223.0,-0.1,-46.199,1.35,0.689,1.301,5.43,3.8,204.0,25.0,62.7,77.9,-0.8,-0.3,0.3,0.2,2.0,0.2,0.3,2.0,1.1704941987991333
2018-05,2.1,1.9,56.2,53.9,0.2,0.8,3.0,21.2,8.5,54.1,-0.4,2.4,0.0,2.6,2.5,57.3,56.8,128.7,4.7,0.3,-1.7,164.0,0.7,-48.956,1.287,0.662,1.352,5.46,3.9,241.0,20.1,57.6,78.0,1.6,0.9,0.0,0.2,1.8,0.2,0.1,1.75,1.1667250394821167
2018-04,1.6,1.4,56.0,54.9,0.4,1.8,2.9,21.0,8.5,55.2,-0.4,1.9,0.0,3.0,2.4,59.3,58.8,127.7,4.5,0.2,2.6,103.0,0.5,-57.591,1.319,0.694,1.354,5.6,4.1,235.0,15.8,57.4,78.0,1.2,0.0,0.6,0.0,1.9,0.2,0.3,1.75,1.2122827768325806
2018-03,1.5,1.1,56.6,55.0,0.1,2.3,2.7,19.9,8.6,55.3,-0.4,13.4,0.0,2.8,2.2,60.8,59.5,130.8,4.0,0.2,3.1,313.0,1.1,-56.601,1.236,0.618,1.298,5.54,4.1,234.5,22.5,61.9,78.1,-1.4,1.2,0.6,0.2,1.6,0.2,0.1,1.75,1.2331976890563965
2018-02,2.2,1.2,58.5,56.7,0.1,1.9,5.2,23.8,8.649999999999999,58.8,-0.4,29.3,0.0,2.7,2.1,59.1,59.9,125.4,3.6,0.0,-3.7,200.0,-0.1,-53.118,1.326,0.593,1.396,5.38,4.1,234.0,13.1,65.7,77.5,1.7,-0.3,0.4,0.15000000000000002,1.55,0.2,0.3,1.625,1.2230321168899536
2018-01,2.8,1.3,59.6,57.6,1.3,2.8,3.2,22.5,8.7,58.6,-0.4,31.8,0.0,2.6,2.1,59.7,55.9,122.1,5.4,0.4,2.9,148.0,0.9,-50.497,1.192,0.625,1.302,5.57,4.1,190.0,17.7,67.6,77.9,1.3,0.6,0.4,0.1,1.5,0.2,0.3,1.5,1.2409565448760986
2017-12,2.5,1.5,60.6,56.5,0.5,0.4,3.7,19.0,8.75,58.0,-0.4,29.0,0.0,3.1,2.2,58.2,57.4,129.5,5.8,1.0,1.3,228.0,0.2,-48.731,1.297,0.733,1.298,5.81,4.1,235.0,18.0,63.9,77.1,-0.1,-0.1,-0.1,0.2,1.5,0.1,0.2,1.5,1.2000048160552979
2017-11,2.9,1.5,58.5,55.0,0.1,3.7,3.3,25.0,8.8,57.5,-0.4,30.9,0.0,2.8,2.0,58.7,60.1,125.9,4.6,0.1,-1.2,261.0,0.9,-43.495,1.29,0.685,1.297,5.48,4.1,135.0,19.4,66.2,77.0,1.4,0.4,0.0,0.1,1.4,0.2,0.0,1.25,1.18519926071167
2017-10,2.5,1.5,58.1,55.8,-1.0,1.2,3.8,21.6,9.1,55.9,-0.4,26.7,0.0,2.6,2.2,60.8,59.8,119.8,4.4,1.0,2.2,-33.0,0.3,-42.395,1.127,0.667,1.215,5.39,4.2,156.5,30.2,65.2,76.0,1.2,0.7,0.7,0.4,1.3,0.1,0.5,1.25,1.1652703285217285
2017-09,2.0,1.5,58.2,55.6,-1.2,2.6,3.2,18.6,9.1,56.7,-0.4,31.7,0.0,2.4,1.9,58.8,55.3,122.9,3.2,0.2,1.7,156.0,-0.9,-43.689,1.18,0.56,1.3,5.35,4.4,178.0,24.4,58.9,76.1,-3.3,0.2,0.2,0.2,1.3,0.1,0.1,1.25,1.1741636991500854
2017-08,2.5,1.5,57.4,54.9,-1.5,3.1,2.6,22.3,9.1,55.8,-0.4,29.3,0.0,1.9,1.7,56.3,53.9,121.1,4.2,0.5,-6.8,209.0,0.2,-43.642,1.155,0.571,1.223,5.44,4.3,158.0,25.2,58.9,76.7,3.0,0.5,0.5,0.1,1.4,0.1,0.3,1.25,1.1893434524536133
2017-07,3.3,1.3,56.8,55.4,-1.7,2.6,4.0,19.7,9.1,56.3,-0.4,35.6,0.0,2.0,1.6,57.8,57.4,118.9,2.8,-0.2,6.5,222.0,0.4,-46.507,1.215,0.61,1.254,5.52,4.4,253.0,9.8,65.7,76.6,-0.8,0.2,0.3,0.0,1.4,0.1,0.2,1.25,1.1747292280197144
2017-06,4.3,1.3,57.3,54.7,-1.3,2.5,1.4,19.6,9.2,55.7,-0.4,37.7,0.0,2.4,1.9,54.9,56.9,117.9,3.8,-0.3,-1.1,138.0,0.0,-47.617,1.092,0.61,1.168,5.62,4.3,177.0,19.8,59.4,76.6,-0.2,0.1,-0.2,-0.1,1.4,0.1,0.2,1.25,1.144164800643921
2017-05,3.9,1.4,56.7,56.4,-3.3,2.3,1.9,23.1,9.3,56.8,-0.4,35.1,0.0,2.5,2.2,54.8,57.5,120.3,4.5,0.3,-0.7,211.0,1.0,-43.706,1.172,0.569,1.229,5.57,4.4,263.0,-1.0,58.3,76.7,0.2,-0.4,0.2,0.2,1.5,0.2,0.3,1.0,1.117168664932251
2017-04,4.5,1.5,56.8,56.2,-3.6,1.8,1.2,19.2,9.5,56.7,-0.4,26.3,0.0,2.3,2.4,57.2,55.2,125.6,5.2,0.0,0.7,98.0,0.5,-43.557,1.215,0.621,1.26,5.71,4.5,298.0,5.2,57.7,76.1,1.0,-0.2,0.3,0.15000000000000002,1.65,0.2,0.2,1.0,1.0907504558563232
2017-03,3.5,1.5,57.2,56.5,-5.0,1.2,0.6,15.7,9.6,56.7,-0.4,25.6,0.0,2.2,2.7,57.7,57.6,114.8,5.7,0.2,1.7,235.0,0.0,-48.5,1.288,0.592,1.213,5.48,4.7,246.0,16.4,57.4,75.4,1.2,0.4,0.3,0.1,1.8,0.2,0.2,1.0,1.0687072277069092
2017-02,1.6,1.8,55.5,55.6,-6.2,1.1,2.0,24.5,9.6,56.0,-0.4,17.1,0.0,1.6,2.5,56.0,56.5,111.8,5.6,0.8,1.8,227.0,-0.3,-44.3,1.246,0.555,1.285,5.69,4.8,153.0,18.7,50.3,75.3,1.3,-0.2,0.4,0.15000000000000002,1.75,0.15000000000000002,0.1,0.75,1.0584250688552856
2017-01,0.1,1.8,55.1,53.6,-4.7,2.3,3.2,22.7,9.6,54.3,-0.4,23.2,0.0,1.6,2.1,54.7,57.2,113.7,4.1,0.2,-0.4,156.0,0.8,-45.2,1.226,0.536,1.21,5.49,4.7,184.5,6.5,54.6,75.5,-2.4,0.5,0.7,0.2,1.7,0.1,0.4,0.75,1.0708587169647217
2016-12,-0.4,0.6,54.9,53.8,-5.1,2.4,0.6,19.7,9.8,53.9,-0.4,18.1,0.0,1.3,1.7,53.2,57.2,107.1,3.8,0.2,-4.6,178.0,-0.4,-42.6,1.09,0.592,1.201,5.61,4.6,216.0,9.0,57.6,75.0,2.7,0.5,-0.2,0.0,1.6,0.0,-0.1,0.75,1.0520004034042358
2016-11,-1.5,0.5,53.5,54.1,-6.1,1.1,1.2,24.9,10.0,53.7,-0.4,15.8,0.0,0.8,1.6,51.9,54.8,98.6,4.3,0.8,4.8,161.0,0.0,-36.44,1.323,0.563,1.229,5.6,4.9,154.0,1.5,50.6,75.3,0.3,1.0,0.1,0.2,1.7,0.1,0.4,0.5,1.0648492574691772
2016-10,-2.1,0.5,52.6,53.5,-8.0,0.6,1.8,23.3,10.05,52.6,-0.4,12.3,0.0,0.7,1.5,51.5,57.1,104.1,2.7,0.5,-0.1,156.0,0.1,-40.7,1.047,0.593,1.225,5.47,5.0,166.5,-6.8,54.2,75.4,0.2,0.2,0.2,0.2,1.7,0.1,0.2,0.5,1.0984665155410767
2016-09,-2.8,0.4,52.6,52.1,-8.2,2.9,-0.5,20.0,10.1,52.6,-0.4,5.4,0.0,0.0,1.1,49.4,51.4,101.1,1.9,-0.1,0.0,151.0,-0.4,-39.47,1.142,0.609,1.139,5.33,4.9,179.0,-2.0,51.5,75.5,1.9,-0.4,0.0,0.1,1.7,0.2,0.1,0.5,1.121956706047058
2016-08,-3.1,0.2,51.8,53.1,-8.5,1.6,0.4,23.4,10.1,53.3,-0.4,4.6,0.0,-0.2,0.8,52.6,55.5,97.3,2.3,-0.3,4.4,255.0,0.7,-44.5,1.211,0.654,1.152,5.39,4.9,172.0,-4.2,55.8,75.9,-1.5,1.5,0.2,0.0,1.6,0.1,0.3,0.5,1.1153244972229004
2016-07,-3.9,0.2,51.9,52.7,-7.9,1.6,0.5,24.5,10.1,52.9,-0.4,-14.7,0.0,0.3,1.0,53.2,56.5,98.0,2.7,0.7,-4.0,287.0,0.6,-41.14,1.189,0.592,1.153,5.57,4.9,173.0,0.6,56.8,75.4,-1.0,-0.5,0.2,0.1,1.6,0.15000000000000002,0.1,0.5,1.1168068647384644
2016-06,-4.4,0.1,52.6,53.3,-7.3,1.4,2.0,28.0,10.149999999999999,52.8,-0.4,20.2,0.0,-0.1,1.0,51.3,52.9,92.6,2.5,0.4,-2.2,38.0,-0.4,-37.4,1.164,0.551,1.138,5.53,4.7,156.0,6.0,49.3,74.9,1.9,-0.3,0.1,0.2,1.6,0.2,0.2,0.5,1.1128050088882446
2016-05,-4.2,-0.2,51.7,53.1,-7.0,2.1,0.2,22.3,10.2,52.9,-0.4,16.8,0.0,0.0,1.1,50.8,55.7,94.2,3.0,0.8,3.4,160.0,0.7,-40.4,1.172,0.619,1.116,5.45,5.0,178.0,-9.0,50.4,75.4,1.1,0.4,0.4,0.3,1.6,0.2,0.3,0.5,1.1148396730422974
2016-04,-4.2,0.0,51.6,53.2,-9.3,2.4,0.8,20.2,10.2,53.0,-0.4,21.5,0.0,-0.1,0.9,51.8,54.5,96.2,1.7,0.2,0.8,215.0,-0.6,-47.06,1.089,0.511,1.086,5.33,5.0,200.0,9.6,53.6,74.8,-1.7,-0.2,-0.1,0.1,1.6,0.1,0.3,0.5,1.1448328495025635
2016-03,-2.9,-0.1,51.4,54.0,-9.7,2.0,2.8,21.2,10.3,53.0,-0.35,10.6,0.0,0.0,1.0,49.5,53.4,92.2,3.1,-0.1,-2.8,242.0,-0.5,-45.68,1.178,0.512,1.167,5.08,4.9,205.0,0.6,47.6,76.7,1.6,-1.0,0.1,-0.1,1.7,0.1,-0.1,0.5,1.1334655284881592
2016-02,-3.0,-0.2,51.0,53.0,-8.8,1.4,-1.3,21.0,10.4,53.6,-0.3,13.6,0.025,-0.2,1.4,48.2,53.5,98.1,3.4,0.1,4.9,151.0,0.9,-43.36,1.099,0.494,1.202,5.47,4.9,257.0,-16.6,55.6,77.1,-2.9,1.8,0.1,0.1,1.7,0.3,0.5,0.5,1.0923947095870972
2016-01,-3.2,0.4,52.3,53.6,-5.7,1.4,1.1,22.7,10.5,53.5,-0.3,22.7,0.05,-1.0,0.7,48.2,55.3,96.5,2.2,-0.1,-5.1,292.0,-0.4,-42.4,1.149,0.544,1.232,5.46,5.0,217.0,-19.4,42.9,76.5,-0.2,-1.2,-0.2,0.05,1.5,0.2,0.0,0.5,1.0825908184051514
2015-12,-3.1,0.1,53.1,54.2,-5.7,2.5,1.9,19.9,10.7,54.0,-0.25,33.9,0.05,-1.1,0.5,48.6,55.9,90.4,1.4,0.4,0.0,211.0,-0.6,-43.89,1.173,0.49,1.289,4.76,5.0,182.0,-4.6,48.7,77.0,1.5,-0.1,0.0,0.0,1.3,0.1,0.2,0.5,1.093398094177246
2015-11,-3.1,0.1,52.3,54.6,-5.9,2.9,1.7,20.1,10.75,54.4,-0.2,28.3,0.05,-1.6,0.2,50.1,59.1,97.6,1.7,0.2,3.0,271.0,-0.2,-40.8,1.06,0.495,1.15,5.36,5.0,186.0,-10.7,56.2,77.5,-1.0,0.5,0.3,0.1,1.3,0.0,0.4,0.375,1.0583018064498901
2015-10,-2.6,0.0,52.0,54.2,-7.7,2.3,0.9,19.8,10.8,54.0,-0.2,30.1,0.05,-1.1,0.0,50.2,56.9,103.0,2.4,-0.3,-1.2,142.0,-0.2,-48.33,1.206,0.468,1.103,5.55,5.1,190.0,-11.4,48.7,77.5,-1.7,-0.4,0.0,-0.1,1.3,0.1,0.0,0.25,1.100897192955017
2015-09,-2.1,-0.1,52.0,54.0,-7.1,2.7,1.9,22.4,11.0,53.9,-0.2,33.3,0.05,-0.8,0.2,51.1,59.0,101.5,2.2,0.1,-2.0,173.0,-0.4,-41.86,1.126,0.552,1.17,5.31,5.1,185.0,-14.7,54.4,77.6,0.4,0.0,0.1,0.0,1.3,0.1,0.3,0.25,1.1255937814712524
2015-08,-2.2,0.2,52.4,54.3,-6.8,1.2,1.2,21.9,11.05,54.1,-0.2,47.6,0.05,-0.8,0.2,52.7,60.3,90.9,2.4,0.4,2.0,215.0,0.6,-43.84,1.206,0.507,1.119,5.59,5.3,237.0,-14.9,54.7,78.0,1.8,0.6,0.8,0.1,1.2,0.1,0.2,0.25,1.1214030981063843
2015-07,-2.0,0.2,52.2,53.8,-7.1,2.4,1.6,21.2,11.1,54.2,-0.2,42.7,0.05,-0.7,0.1,53.5,56.0,101.4,1.4,-0.1,3.4,223.0,0.3,-41.87,1.174,0.482,1.343,5.49,5.3,201.0,3.9,49.4,78.4,-1.0,0.8,0.3,0.2,1.2,0.1,0.0,0.25,1.0939244031906128
2015-06,-2.2,0.3,52.5,53.8,-5.6,2.2,0.8,24.3,11.1,54.1,-0.2,53.7,0.05,-1.1,0.0,52.8,55.7,95.4,2.7,1.0,-1.8,280.0,-0.2,-40.88,1.036,0.546,1.275,5.35,5.5,169.0,-2.0,46.2,78.1,-0.4,0.5,0.4,0.3,1.2,0.1,0.3,0.25,1.122296690940857
2015-05,-2.3,0.0,52.0,53.3,-5.5,1.6,1.8,19.7,11.2,53.4,-0.2,61.2,0.05,-1.3,-0.2,51.5,57.8,95.2,0.9,0.1,-0.5,223.0,-0.3,-51.37,1.135,0.517,1.143,5.04,5.4,189.0,3.1,52.3,78.2,2.1,0.5,0.1,0.25,1.25,0.1,0.1,0.25,1.0960345268249512
2015-04,-2.8,0.0,51.9,53.7,-4.6,3.0,1.6,22.0,11.3,53.5,-0.2,64.8,0.05,-0.8,-0.1,51.5,56.5,101.4,1.3,0.4,4.0,126.0,-0.6,-35.4,0.926,0.481,1.039,5.19,5.5,214.0,-1.2,46.3,78.4,0.2,-0.2,0.3,0.2,1.3,0.1,0.3,0.25,1.1114321947097778
2015-03,-3.5,-0.1,51.9,54.3,-3.7,3.7,0.4,21.2,11.3,54.1,-0.2,62.4,0.05,-0.6,0.0,52.9,56.9,98.8,1.7,0.0,-1.4,264.0,0.1,-42.68,0.897,0.543,1.092,4.89,5.5,250.0,6.9,45.8,79.0,-0.7,-0.4,0.0,0.2,1.4,0.1,0.1,0.25,1.0830246210098267
2015-02,-2.6,-0.6,51.1,53.9,-6.7,3.1,0.6,23.3,11.3,53.5,-0.2,52.7,0.05,0.0,-0.1,53.5,56.7,103.8,3.3,-1.1,2.0,201.0,-0.3,-45.6,1.081,0.5,1.06,4.82,5.7,253.0,7.8,59.4,79.1,-3.5,-0.7,0.0,-0.2,1.3,0.0,0.5,0.25,1.119795799255371
2015-01,-1.6,-0.2,51.0,51.6,-8.5,1.6,-0.8,21.6,11.3,52.2,-0.2,45.2,0.05,1.1,0.8,55.5,56.2,93.1,3.2,-0.9,-3.7,329.0,-0.3,-39.75,1.087,0.482,1.06,5.07,5.6,227.0,10.0,58.3,79.7,-1.7,-0.9,0.2,-0.2,1.35,0.0,-0.2,0.25,1.1287955045700073
2014-12,-1.3,0.3,50.1,51.1,-10.9,1.6,0.8,19.6,11.4,51.1,-0.2,31.8,0.05,1.4,1.3,58.7,59.3,91.0,5.1,0.5,-2.1,353.0,1.3,-42.25,1.043,0.431,1.052,4.92,5.8,233.0,-1.2,60.8,80.0,-0.7,-1.3,0.2,-0.2,1.4,0.0,0.2,0.25,1.2162047624588013
2014-11,-1.4,0.3,50.4,51.3,-11.5,0.5,0.5,17.9,11.5,51.4,-0.2,11.0,0.05,1.5,1.7,59.0,57.1,94.1,4.1,0.4,0.3,243.0,0.1,-43.6,1.045,0.458,1.08,5.25,5.8,225.0,10.2,66.2,79.3,-0.5,-1.0,0.3,0.1,1.5,0.2,0.1,0.25,1.2437965869903564
2014-10,-1.4,0.4,50.7,52.4,-11.1,1.9,-0.5,15.4,11.5,52.2,-0.2,4.1,0.05,1.6,1.7,56.6,58.6,89.0,4.3,0.0,-0.9,256.0,0.8,-39.99,1.038,0.455,1.031,5.18,5.9,202.0,6.2,60.5,79.2,-10.0,0.2,0.1,0.1,1.5,0.1,0.0,0.25,1.2613362073898315
2014-09,-1.3,0.3,50.5,52.8,-11.4,0.5,1.6,12.7,11.5,52.3,-0.16666666666666669,14.2,0.05,1.8,1.7,59.0,59.6,93.4,5.0,0.3,-18.3,180.0,-0.2,-40.3,0.957,0.466,1.003,5.05,6.1,207.0,27.5,64.3,78.7,10.5,0.4,0.4,0.0,1.5,0.1,0.3,0.25,1.269083857536316
2014-08,-0.8,0.3,50.8,53.5,-10.0,1.9,0.2,13.8,11.5,52.8,-0.13333333333333333,23.7,0.15,1.7,2.0,57.1,58.7,90.3,3.7,0.3,22.5,212.0,0.2,-40.81,1.117,0.427,1.052,5.14,6.2,212.0,14.7,52.6,79.1,1.5,-0.7,0.4,0.1,1.5,0.1,0.1,0.25,1.313456416130066
2014-07,-1.0,0.4,51.9,54.4,-8.4,0.6,0.6,15.2,11.5,54.0,-0.1,48.1,0.15,1.9,2.1,55.3,56.0,86.4,4.3,0.4,2.7,298.0,0.4,-44.66,0.945,0.422,0.963,5.03,6.1,179.0,25.6,62.6,79.1,-0.6,3.0,0.5,0.2,1.6,0.2,0.2,0.25,1.3396027088165283
2014-06,-1.2,0.5,51.9,53.2,-7.5,1.8,1.4,15.2,11.6,52.8,-0.08571428571428572,58.4,0.15,2.0,2.1,55.4,56.3,82.2,4.3,0.1,-1.0,224.0,0.5,-47.04,0.985,0.442,1.005,4.91,6.3,197.0,19.3,65.5,79.1,0.8,-0.1,0.6,0.3,1.7,0.3,0.2,0.25,1.3644425868988037
2014-05,-1.6,0.7,53.4,53.5,-7.1,1.0,0.2,15.2,11.8,53.9,-0.07142857142857144,55.2,0.25,2.1,2.0,54.9,55.2,81.7,4.0,0.4,0.8,282.0,-0.3,-44.18,1.071,0.425,1.08,4.66,6.3,215.0,19.0,63.0,78.9,1.5,0.4,0.4,0.2,1.4,0.2,0.0,0.25,1.3634566068649292
2014-04,-1.7,0.7,53.3,0.0,-8.7,1.0,1.7,13.9,11.8,53.1,-0.05714285714285715,61.2,0.25,1.4,1.5,53.7,53.1,83.9,3.8,1.0,3.6,203.0,0.9,-41.87,0.947,0.407,1.0,4.59,6.7,178.0,1.3,55.9,79.3,1.5,2.9,0.5,0.15000000000000002,1.25,0.15000000000000002,0.1,0.25,1.3813681602478027
2014-03,-1.4,0.5,53.0,52.4,-9.3,0.8,1.6,14.7,11.850000000000001,53.2,-0.04285714285714286,61.5,0.25,0.9,1.1,53.2,51.6,78.3,1.5,0.3,2.2,197.0,1.2,-39.1,0.92,0.449,1.014,4.6,6.7,127.0,5.6,59.8,78.8,-1.0,0.1,0.4,0.1,1.1,0.1,0.4,0.25,1.3752131462097168
2014-02,-0.8,0.8,53.0,51.7,-12.7,-0.4,1.2,15.35,11.9,52.7,-0.028571428571428574,68.5,0.25,1.2,1.6,51.3,54.0,79.4,2.6,-0.3,-1.3,129.0,-0.2,-38.98,0.909,0.455,0.937,4.62,6.6,227.0,4.5,59.6,78.5,-2.0,0.9,0.5,0.15000000000000002,1.15,0.1,0.2,0.25,1.3707455396652222
2014-01,-1.2,0.8,53.9,51.0,-11.7,1.3,2.8,16.0,12.0,53.2,-0.014285714285714287,73.3,0.25,1.2,1.5,57.0,53.0,77.5,4.1,0.7,-4.2,75.0,0.3,-34.56,1.048,0.427,0.991,4.87,6.7,229.0,12.5,60.8,78.9,1.5,-1.9,0.4,0.2,1.2,0.1,0.0,0.25,1.3558770418167114
2013-12,-1.3,0.9,51.6,51.0,-13.6,-0.3,0.5,14.5,12.05,52.1,0.0,68.3,0.25,0.7,1.2,57.3,53.9,72.0,4.7,0.1,2.6,241.0,1.1,-39.33,1.107,0.474,1.017,4.82,7.0,187.0,2.2,63.0,79.1,-0.5,0.1,0.8,0.0,1.1,0.1,0.2,0.25,1.3810056447982788
2013-11,-0.9,0.9,51.5,50.9,-15.4,0.3,0.2,14.3,12.1,51.5,0.0,60.2,0.25,0.3,1.0,56.4,55.4,72.4,3.9,0.5,-0.7,200.0,-0.1,-42.97,0.873,0.4563333333333333,0.974,5.12,7.3,145.0,-2.2,65.9,78.2,-0.1,0.7,0.6,0.1,1.2,0.1,0.1,0.25,1.359397530555725
2013-10,-0.8,0.7,51.3,50.9,-14.5,-0.2,-1.1,12.3,12.2,51.5,0.0,59.1,0.5,0.3,1.2,56.2,54.4,80.2,3.2,0.3,3.8,163.0,0.7,-38.7,0.882,0.43866666666666665,0.95,5.29,7.2,159.0,1.5,55.7,78.3,-1.25,-0.2,0.4,0.1,1.2,0.15000000000000002,0.1,0.25,1.3724011182785034
2013-09,0.0,1.1,51.1,52.1,-14.9,-0.7,-1.9,11.0,12.1,51.5,0.0,58.6,0.5,1.4,1.5,55.7,58.6,81.8,4.7,0.1,0.2,193.0,0.4,-38.64,0.891,0.421,0.926,5.48,7.3,178.5,6.3,53.0,77.9,-2.4,-0.4,0.4,0.1,1.2,0.2,0.3,0.25,1.349545955657959
2013-08,0.3,1.3,51.3,49.8,-16.0,-1.1,-0.4,14.9,12.0,50.5,0.0,44.0,0.5,2.1,2.0,55.4,56.0,81.0,5.4,0.6,-8.1,104.0,0.0,-34.54,0.883,0.39,0.954,5.39,7.4,198.0,8.2,52.3,77.6,1.6,-0.5,0.1,0.1,1.1,0.1,0.0,0.25,1.3224014043807983
2013-07,-0.2,1.6,50.1,49.6,-17.4,0.3,-1.3,13.8,12.1,50.4,0.0,32.8,0.5,2.5,1.8,50.9,52.2,82.1,5.7,0.1,3.9,188.0,0.2,-44.1,0.846,0.455,0.911,5.06,7.6,134.0,9.5,51.6,77.7,3.0,0.1,-0.1,0.1,1.15,0.1,0.4,0.25,1.3264886140823364
2013-06,-0.2,1.4,48.3,48.6,-18.8,-1.0,-0.6,15.2,12.1,48.9,0.0,30.6,0.5,1.7,1.4,49.0,53.7,74.3,4.3,0.3,5.2,176.0,0.0,-40.15,0.928,0.459,0.985,5.14,7.6,113.0,7.8,58.7,77.7,1.3,1.0,0.2,0.1,1.2,0.1,0.1,0.25,1.3013039827346802
2013-05,0.6,1.4,47.8,47.5,-21.9,-2.4,-1.4,18.1,12.1,47.7,0.0,27.6,0.5,0.6,1.1,50.7,53.1,69.0,3.7,0.0,3.6,165.0,-0.4,-37.13,0.856,0.466,1.005,4.97,7.5,131.0,-1.4,49.0,77.7,-4.9,1.5,-0.1,-0.3,1.1,0.0,0.2,0.25,1.3043931722640991
2013-04,1.4,1.2,46.5,46.6,-22.3,-1.7,-3.2,12.7,12.1,46.5,0.0,24.9,0.75,1.1,1.5,51.3,54.4,61.9,2.8,-0.4,-5.9,138.0,0.3,-43.6,1.021,0.444,0.89,4.94,7.6,237.0,3.1,52.4,78.3,1.9,-1.7,0.0,-0.1,1.2,0.1,0.0,0.25,1.3095861673355103
2013-03,1.7,1.8,46.6,46.5,-23.5,-1.9,-2.4,9.0,12.0,46.5,0.0,33.4,0.75,1.7,2.0,54.2,56.0,68.0,4.6,1.0,4.3,268.0,0.8,-44.45,0.939,0.411,0.968,4.95,7.7,226.0,9.2,56.8,78.3,-1.0,-1.7,0.9,0.4,1.3,0.1,0.1,0.25,1.2807868719100952
2013-02,2.1,2.0,47.8,48.6,-23.6,-3.0,-1.7,10.3,11.8,47.3,0.0,42.4,0.75,1.4,1.6,53.1,55.2,58.4,4.4,0.4,-3.8,119.0,0.0,-38.14,0.91,0.431,0.904,4.94,7.9,215.0,10.0,55.6,79.2,1.3,2.9,0.3,0.2,1.35,0.05,0.1,0.25,1.3150973320007324
2013-01,2.1,2.2,46.1,47.8,-23.9,-1.9,-4.0,10.5,11.7,47.2,0.0,31.2,0.75,1.3,1.7,50.2,56.1,66.7,4.7,0.3,3.7,196.0,0.4,-48.61,0.973,0.378,0.903,4.9,7.8,118.0,-7.8,50.0,79.3,-0.3,1.0,0.2,0.0,1.4,0.0,0.3,0.25,1.3568336963653564
2012-12,2.6,2.2,46.3,47.8,-26.6,-3.2,-3.3,7.4,11.7,47.3,0.0,7.6,0.75,1.5,1.8,49.9,54.7,72.2,3.7,-0.1,0.8,161.0,1.0,-42.06,0.851,0.398,0.899,4.99,7.8,157.0,-8.1,50.4,78.7,0.8,1.6,0.3,-0.2,1.5,0.0,0.3,0.25,1.3227688074111938
2012-11,2.7,2.5,46.2,45.7,-26.9,-1.6,-2.3,11.0,11.7,45.8,0.0,-2.6,0.75,2.3,2.2,51.7,54.2,70.30000000000001,3.8,0.0,1.1,138.0,-0.7,-40.28,0.888,0.361,0.868,4.76,7.9,162.0,-5.2,49.9,77.7,4.8,1.9,0.7,0.1,1.6,0.1,0.0,0.25,1.2973533868789673
2012-10,2.7,2.5,45.3,46.2,-25.7,-0.9,-2.9,8.9,11.5,45.8,0.0,-1.4,0.75,2.1,2.0,51.6,55.1,68.4,5.4,1.2,9.2,148.0,0.2,-43.79,0.863,0.369,0.894,4.69,7.8,189.0,-6.2,49.7,78.2,-5.1,1.7,0.6,0.4,1.6,0.1,0.3,0.25,1.2962603569030762
2012-09,1.6,2.7,46.0,46.0,-25.9,-1.4,-2.8,7.2,11.45,45.9,0.0,-3.8,0.75,2.0,1.7,50.7,53.7,61.3,4.7,1.0,-13.1,142.0,-1.4,-42.47,0.758,0.368,0.803,4.83,8.1,156.0,-10.4,53.0,78.0,-1.2499999999999996,-2.1,0.8,0.4,1.6,0.1,0.0,0.25,1.284505009651184
2012-08,1.8,2.4,44.0,47.9,-24.6,-0.9,-2.1,9.3,11.4,46.6,0.0,-21.2,0.75,0.5,1.4,50.5,52.6,65.4,4.1,0.8,3.3,141.0,0.5,-41.9,0.733,0.374,0.812,4.47,8.3,172.0,-5.9,53.7,79.2,2.6,-1.3,0.1,0.0,1.6,0.0,0.1,0.25,1.2510946989059448
2012-07,2.3,2.4,44.1,47.1,-21.6,-0.8,-2.6,6.8,11.3,46.4,0.035714285714285726,-22.3,0.75,0.7,1.7,50.2,52.1,62.7,3.8,-0.4,1.6,45.0,0.1,-48.04,0.754,0.359,0.755,4.37,8.2,152.5,7.4,52.9,78.9,0.5,-2.2,0.3,0.1,1.8,0.2,0.3,0.25,1.2259409427642822
2012-06,2.6,2.4,44.8,46.8,-19.8,-3.4,-2.4,4.5,11.0,46.0,0.07142857142857145,-20.1,1.0,0.7,1.7,52.5,53.7,64.4,5.3,-0.4,1.6,87.0,-0.2,-50.6,0.711,0.382,0.784,4.62,8.2,133.0,2.3,52.7,79.0,-0.7,0.8,0.3,-0.2,1.8,0.1,0.2,0.25,1.266496181488037
2012-05,3.5,2.4,45.0,46.5,-19.3,-0.2,-1.5,4.3,11.0,46.0,0.10714285714285715,-2.4,1.0,1.9,2.3,54.1,53.5,68.7,6.4,-0.3,-0.2,77.0,1.0,-52.62,0.744,0.343,0.723,4.62,8.1,201.0,17.1,56.2,79.2,-2.1,-0.6,0.3,0.0,1.9500000000000002,0.15000000000000002,0.1,0.25,1.2374706268310547
2012-04,3.6,2.6,46.0,47.9,-19.9,-2.1,-1.5,3.7,10.8,46.0,0.14285714285714285,13.1,1.0,2.8,2.7,53.3,56.0,69.5,6.5,0.8,-3.7,154.0,-0.6,-45.42,0.699,0.332,0.769,4.47,8.2,230.0,6.6,62.2,78.4,1.1,-0.8,0.6,0.2,2.1,0.2,0.2,0.25,1.3241524696350098
2012-03,3.8,2.7,47.7,48.7,-19.1,-1.1,-1.7,5.3,10.7,46.0,0.17857142857142858,11.0,1.0,3.3,2.9,51.9,57.3,71.6,6.5,0.9,1.9,240.0,0.0,-52.52,0.694,0.353,0.715,4.6,8.3,173.0,20.2,64.0,78.7,-1.1,1.9,0.8,0.3,1.9,0.1,0.3,0.25,1.334507703781128
2012-02,4.3,2.6,48.8,50.4,-20.2,-1.3,-1.8,7.4,10.649999999999999,46.0,0.2142857142857143,-8.1,1.0,4.1,2.9,54.1,56.8,61.5,5.8,1.1,-3.6,275.0,0.4,-50.42,0.706,0.318,0.676,4.63,8.3,325.0,19.5,60.2,78.8,1.4,-3.2,0.6,0.2,1.85,0.1,0.1,0.25,1.3477997779846191
2012-01,5.4,2.7,46.9,50.5,-20.3,-1.5,0.1,6.1,10.6,46.0,0.25,-32.5,1.0,4.8,3.0,53.1,52.6,64.8,6.5,-0.5,3.2,203.0,1.0,-47.06,0.689,0.324,0.671,4.38,8.5,227.5,13.5,62.2,78.5,2.2,2.1,0.3,0.1,1.8,0.1,0.1,0.25,1.3139568567276
2011-12,5.5,3.0,46.9,48.3,-21.2,-0.7,1.0,0.5,10.45,46.0,0.5,-54.1,1.0,5.7,3.4,52.2,52.0,55.2,6.7,0.3,4.3,100.0,-0.3,-43.27,0.685,0.318,0.68,4.39,8.7,130.0,8.2,62.5,77.9,-0.2,0.5,0.8,0.1,1.7,0.1,0.0,0.25,1.2956053018569946
2011-11,5.8,3.0,46.4,47.8,-20.4,-1.4,2.2,2.5,10.3,46.0,0.5625,-59.1,1.25,5.9,3.5,51.8,52.9,40.9,7.2,0.6,0.0,100.0,0.7,-44.17,0.627,0.311,0.644,4.25,9.0,116.0,0.6,59.3,77.9,-0.1,1.5,0.0,-0.1,1.7,0.1,0.3,0.25,1.3324095010757446
2011-10,5.8,3.0,47.3,47.2,-19.9,-0.1,6.0,-1.2,10.2,46.0,0.625,-51.2,1.5,6.9,3.9,52.5,53.0,46.4,7.9,0.5,-1.5,210.0,-0.1,-44.92,0.63,0.302,0.589,4.9,9.1,102.5,-8.5,61.3,77.7,0.1,1.8,0.4,0.2,1.6,0.0,0.3,0.25,1.4140071868896484
2011-09,6.1,2.5,48.4,49.1,-19.1,-0.4,4.4,-3.6,10.1,46.0,0.6875,-44.6,1.5,6.5,3.8,52.5,53.3,45.2,7.2,0.5,-0.1,104.0,0.0,-45.63,0.572,0.29,0.625,5.06,9.1,89.0,-8.8,58.1,77.6,1.1,-0.4,0.5,0.3,1.7,0.2,-0.2,0.25,1.3585848808288574
2011-08,5.9,2.5,50.4,51.6,-16.5,-0.7,2.6,-2.7,10.0,46.0,0.75,-40.0,1.5,7.2,3.6,51.4,52.7,59.2,8.5,0.3,4.1,127.0,0.9,-51.6,0.601,0.295,0.601,4.67,9.1,145.0,-7.7,59.8,77.5,2.1,0.7,0.4,0.4,1.6,0.2,0.5,0.25,1.4433138370513916
2011-07,6.2,2.5,50.4,51.4,-11.4,-2.3,4.4,-0.8,9.9,46.0,0.6666666666666666,-7.0,1.5,7.0,3.6,55.3,53.3,57.6,8.1,0.2,-1.3,46.0,0.4,-50.83,0.613,0.303,0.617,4.84,9.2,36.0,-3.8,61.1,76.7,0.6,0.6,0.9,0.30000000000000004,1.4500000000000002,0.2,0.0,0.25,1.4331985712051392
2011-06,6.7,2.7,52.0,54.2,-9.7,0.8,5.3,-2.5,9.9,46.0,0.5833333333333334,-5.9,1.25,7.3,3.6,53.5,54.6,61.7,7.7,0.2,1.9,25.0,-0.1,-43.63,0.549,0.308,0.609,4.81,9.1,177.0,-7.8,56.6,76.7,-0.9,0.7,1.0,0.2,1.3,0.2,0.3,0.25,1.4478904008865356
2011-05,6.8,2.7,54.8,55.4,-9.9,-1.7,5.8,-2.2,9.9,46.0,0.5,13.6,1.25,6.8,3.2,60.4,52.8,66.0,7.6,0.5,-2.7,232.0,0.0,-46.82,0.541,0.316,0.563,5.0,9.0,192.0,11.9,67.6,76.7,3.8,-0.4,1.3,0.3,1.1,0.2,0.1,0.25,1.4322338104248047
2011-04,6.6,2.8,57.7,56.9,-11.6,1.3,7.7,-2.7,9.9,46.0,0.4891304347826087,19.7,1.25,5.8,2.7,61.2,57.3,63.8,7.1,1.2,4.4,221.0,0.7,-45.44,0.585,0.305,0.574,5.09,8.8,207.0,21.7,70.6,77.0,1.7499999999999998,2.5,0.7,0.4,0.9,0.1,0.0,0.25,1.4820963144302368
2011-03,5.9,2.4,57.7,56.9,-10.6,0.4,6.3,-3.7,10.0,46.0,0.4782608695652174,31.0,1.0,5.6,2.1,61.4,59.7,72.0,8.9,1.1,-1.1,194.0,0.1,-46.97,0.512,0.281,0.534,4.92,8.9,189.0,17.5,71.2,76.5,-0.3,-0.6,1.0,0.4,0.9,0.2,0.0,0.25,1.4121301174163818
2011-02,5.3,2.3,57.3,57.2,-10.0,-0.4,8.8,-1.8,10.0,46.0,0.46739130434782605,29.5,1.0,3.6,1.6,60.8,59.4,64.8,7.8,0.6,3.6,63.0,0.3,-40.26,0.618,0.31,0.568,5.4,9.0,247.0,15.4,68.8,76.8,1.4,-3.0,1.1,0.3,0.8,0.2,0.4,0.25,1.373437762260437
2011-01,4.5,2.4,57.1,55.2,-11.2,1.0,7.9,-2.8,10.0,46.0,0.4565217391304348,25.4,1.0,4.0,1.5,58.5,57.1,53.3,7.9,0.3,-0.4,121.0,1.2,-38.32,0.52,0.331,0.627,5.22,9.4,92.0,11.9,66.8,76.8,1.3,4.5,0.4,0.3,0.7,0.0,0.1,0.25,1.3572757244110107
2010-12,4.3,1.9,56.8,53.7,-11.0,0.9,7.1,3.5,10.05,46.0,0.44565217391304346,15.5,1.0,3.5,1.1,56.6,55.0,54.3,7.7,1.2,-1.3,71.0,0.3,-38.42,0.553,0.287,0.544,4.7,9.8,82.0,9.9,61.9,75.4,-0.7,2.4,0.8,0.3,0.8,0.1,0.1,0.25,1.3301233053207397
2010-11,4.3,1.9,55.5,55.2,-9.4,1.4,5.5,2.0,10.1,46.0,0.43478260869565216,13.8,1.0,4.3,1.2,56.9,54.3,49.9,7.3,0.3,-3.1,172.0,-0.2,-44.6,0.534,0.282,0.552,4.43,9.6,-2.0,-11.1,60.2,74.9,3.0,-1.9,1.3,0.5,0.8,0.2,0.3,0.25,1.3103927373886108
2010-10,3.6,1.9,54.1,53.2,-11.0,1.5,8.5,-1.7,10.0,46.0,0.42391304347826086,1.8,1.0,4.0,1.1,54.4,53.2,48.5,7.3,0.5,5.0,-41.0,-0.2,-46.48,0.588,0.308,0.539,4.53,9.6,10.0,15.7,60.6,74.8,0.0,1.3,0.6,0.3,1.4,0.1,0.0,0.25,1.377808928489685
2010-09,4.0,1.6,53.6,55.9,-11.0,1.4,7.3,-0.2,10.0,46.0,0.41304347826086957,4.4,1.0,3.1,1.1,56.3,51.5,53.2,3.6,0.6,-1.0,-57.0,0.2,-42.58,0.608,0.288,0.571,4.12,9.6,37.0,4.1,56.7,74.8,0.1,1.9,1.1,0.4,1.4,0.1,0.3,0.25,1.3628062009811401
2010-08,3.0,1.6,55.0,55.8,-11.4,1.4,8.2,-1.4,10.0,46.0,0.40217391304347827,15.8,1.0,4.2,1.2,55.5,54.3,51.0,5.5,0.1,0.7,-54.0,1.0,-49.76,0.541,0.288,0.56,3.83,9.5,28.0,7.1,62.3,74.6,-1.2,-2.8,0.5,0.5,1.4,0.1,0.2,0.25,1.266592264175415
2010-07,3.1,1.7,55.6,56.0,-14.0,0.9,9.8,-3.0,10.0,46.0,0.3913043478260869,10.7,1.0,2.8,1.1,56.2,53.8,54.3,4.8,-0.1,-0.1,-221.0,-0.1,-41.98,0.537,0.315,0.58,5.26,9.5,19.0,5.1,59.1,74.1,-1.4,-0.6,0.1,0.4,1.45,0.1,-0.1,0.25,1.3040019273757935
2010-06,2.8,1.4,55.6,55.4,-17.3,-0.3,9.1,1.4,10.0,46.0,0.3804347826086957,18.8,1.0,5.3,2.0,59.7,55.4,62.7,6.9,-1.2,-0.8,433.0,1.3,-40.32,0.578,0.267,0.57,5.66,9.7,65.0,19.6,59.7,74.7,1.0,1.6,0.4,0.3,1.5,0.1,0.2,0.25,1.223002314567566
2010-05,0.9,1.6,55.9,56.0,-18.0,1.8,7.7,0.0,10.0,46.0,0.3695652173913043,37.6,1.0,5.5,2.2,60.4,55.4,57.7,8.8,0.6,2.9,290.0,0.7,-40.4,0.66,0.446,0.61,5.77,9.9,42.0,19.1,63.8,73.7,1.3,-1.0,0.7,0.2,1.2,0.1,0.1,0.25,1.2287880182266235
2010-04,-0.4,1.4,57.5,55.5,-15.0,0.4,4.2,3.4,10.0,46.0,0.358695652173913,46.0,1.0,6.0,2.3,59.6,55.4,52.3,7.6,1.2,0.0,230.0,0.2,-39.4,0.64,0.439,0.69,5.36,9.7,19.0,31.9,58.8,73.1,1.3,4.8,0.4,0.35,1.25,0.05,-0.1,0.25,1.3298048973083496
2010-03,-1.0,1.5,56.3,51.8,-17.3,-0.6,1.9,1.9,10.0,46.0,0.34782608695652173,37.9,1.0,4.4,2.1,56.5,53.0,46.0,3.9,0.8,1.1,-14.0,0.3,-37.0,0.616,0.324,0.63,5.01,9.7,-60.0,22.9,62.6,72.7,1.3,1.7,0.2,0.5,1.3,0.0,0.1,0.25,1.3508037328720093
2010-02,-2.9,1.0,52.4,52.0,-17.4,-0.1,-3.7,5.2,9.95,46.0,0.33695652173913043,40.2,1.0,4.6,2.6,58.4,50.5,56.5,4.7,0.5,3.9,-26.0,0.9,-39.9,0.61,0.309,0.62,5.05,9.7,-61.0,24.9,61.5,72.5,1.5,-0.6,-0.3,0.3,1.5,0.1,0.2,0.25,1.3637913465499878
2010-01,-4.4,1.0,51.6,52.3,-15.8,-2.4,-6.9,4.0,9.9,46.0,0.32608695652173914,46.4,1.0,4.4,2.7,54.9,49.8,53.6,5.4,-0.2,1.9,-150.0,0.7,-36.4,0.58,0.348,0.65,5.45,10.0,-169.0,15.9,58.7,71.9,1.0,2.0,0.4,0.5,1.45,0.05,0.2,0.25,1.387694001197815
2009-12,-6.6,0.5,51.6,53.7,-16.55,-1.3,-11.1,4.7,9.9,46.0,0.31521739130434784,48.0,1.0,2.4,1.8,53.6,48.7,50.6,1.9,1.9,-0.4,4.0,0.6,-33.2,0.58,0.37,0.59,6.54,10.0,-195.0,2.6,56.1,71.5,0.8,2.1,0.4,0.7,1.4,0.0,0.2,0.25,1.4327058792114258
2009-11,-7.7,-0.1,51.0,53.2,-17.3,-3.1,-12.8,4.3,9.850000000000001,46.0,0.30434782608695654,51.8,1.0,-1.9,-0.2,55.7,50.6,48.7,-1.7,0.2,-0.6,-111.0,0.0,-35.65,0.53,0.4,0.55,6.1,10.2,-211.0,23.5,54.2,70.6,1.6,-1.3,-0.4,0.6,1.4,0.2,0.3,0.25,1.5038950443267822
2009-10,-7.5,-0.1,50.7,52.3,-17.7,-2.3,-15.1,2.2,9.8,46.0,0.2934782608695652,56.9,1.0,-4.8,-1.3,52.6,50.9,53.4,-5.7,0.4,2.0,-219.0,0.6,-30.8,0.59,0.405,0.57,5.54,9.8,-227.0,34.6,46.1,70.5,-0.8,1.8,-1.6,-0.6,1.3,0.1,0.1,0.25,1.4732965230941772
2009-09,-8.5,-0.3,49.0,49.9,-19.1,-1.7,-15.9,6.0,9.6,46.0,0.2826086956521739,59.6,1.0,-4.3,-1.5,52.9,48.4,54.5,-5.3,1.1,-2.6,-201.0,1.2,-31.85,0.59,0.417,0.58,5.09,9.7,-360.0,18.9,50.0,69.9,1.4,-0.3,-1.1,-0.14999999999999997,1.35,0.1,0.4,0.25,1.465502142906189
2009-08,-6.6,-0.2,46.3,49.5,-22.1,-2.3,-16.8,2.3,9.55,46.0,0.2717391304347826,54.9,1.0,-6.8,-2.1,48.9,46.4,47.4,-8.3,-0.5,4.9,-276.0,1.0,-27.49,0.59,0.433,0.56,5.24,9.4,-473.0,12.1,43.4,69.0,0.9,0.8,-1.4,0.3,1.4,0.1,0.3,0.25,1.434267520904541
2009-07,-6.0,-0.6,46.0,45.6,-23.1,-3.6,-17.8,1.1,9.5,46.0,0.2608695652173913,39.5,1.0,-4.6,-1.4,44.8,47.0,49.3,-9.0,0.5,-1.3,-467.0,-0.4,-25.97,0.59,0.395,0.57,4.89,9.5,-485.0,-0.6,39.9,68.1,1.1,2.5,-1.2,0.2,1.6,0.1,0.0,0.25,1.4260046482086182
2009-06,-4.8,-0.1,42.4,44.5,-25.2,-2.5,-21.3,0.7,9.3,46.0,0.25,42.7,1.0,-5.0,-1.3,42.8,44.0,54.8,-9.6,0.4,1.3,-322.0,-1.2,-28.79,0.53,0.342,0.518,4.77,9.4,-491.0,-9.4,34.9,68.2,0.5,1.1,-1.3,0.1,1.8,0.1,0.2,0.25,1.4038830995559692
2009-05,-3.3,0.6,40.5,44.7,-28.3,-3.1,-19.2,-1.8,9.25,46.0,0.25,28.5,1.0,-3.7,-0.7,40.1,43.7,40.8,-10.1,-0.2,1.9,-504.0,-0.7,-28.53,0.45,0.344,0.5,4.66,8.9,-708.0,-4.6,40.1,69.1,-0.9,0.4,-1.0,-0.09999999999999998,1.8,0.15000000000000002,0.1,0.25,1.4120903015136719
2009-04,-1.4,0.6,36.7,40.9,-30.6,-5.1,-17.4,-2.9,9.2,46.0,0.5,11.8,1.25,-3.5,-0.4,36.3,40.8,26.9,-9.4,-1.2,-0.8,-699.0,-1.7,-26.13,0.53,0.351,0.516,4.55,8.5,-697.0,-14.7,31.4,69.4,0.7,-0.6,-1.4,-0.3,1.8,0.2,0.2,0.25,1.323521614074707
2009-03,-0.9,0.6,33.5,40.1,-34.2,-2.5,-16.8,-5.4,8.899999999999999,46.0,0.75,-6.5,1.5,-1.3,0.2,35.8,41.6,25.3,-8.6,1.0,2.1,-651.0,-1.5,-36.2,0.572,0.358,0.564,4.72,8.1,-522.0,-38.2,34.2,70.3,-3.5,3.9,-1.1,0.4,1.8,0.2,0.2,0.25,1.3246963024139404
2009-02,1.1,1.1,33.6,38.9,-32.9,-1.8,-12.5,-1.7,8.6,46.0,1.0,-8.7,2.0,1.0,0.0,35.6,42.9,37.7,-9.7,1.6,-4.5,-655.0,-1.9,-39.9,0.47,0.322,0.52,4.49,7.6,-659.0,-34.7,33.3,71.9,-4.9,-3.0,-1.3,-1.0,1.7,0.0,0.3,0.25,1.2678931951522827
2009-01,2.9,1.1,34.5,42.5,-30.6,-1.6,-9.1,-4.0,8.0,46.0,2.0,-30.8,2.0,-0.9,0.1,32.4,40.1,38.6,-9.8,-3.1,-4.6,-577.0,-2.4,-41.58,0.56,0.344,0.547,4.74,7.2,-476.0,-22.2,35.1,73.3,-6.5,-5.5,-1.1,-0.9,1.7999999999999998,0.0,0.3,0.25,1.2850992679595947
2008-12,6.1,2.1,34.5,42.0,-28.5,-1.9,-5.8,-1.3,7.85,46.0,2.75,-46.1,2.5,0.4,1.1,36.2,37.3,44.9,-7.4,-2.5,-3.7,-584.0,-1.3,-56.69,0.651,0.388,0.615,4.45,6.7,-179.0,-27.9,33.8,75.2,-6.0,0.6,-0.6,-0.8,1.9,0.0,0.4,0.25,1.3979953527450562
2008-11,7.9,2.1,36.2,45.8,-26.4,-1.4,-2.7,-4.4,7.7,46.0,2.875,-48.5,3.25,5.2,3.7,38.9,44.4,38.0,-4.1,-2.4,-6.2,-320.0,1.5,-56.56,0.791,0.419,0.73,4.91,6.5,-26.0,-25.4,37.8,76.0,-2.5,-4.4,-0.2,-1.0,2.1,0.0,0.2,0.875,1.2675074338912964
2008-10,8.5,3.2,41.3,46.9,-24.3,-1.8,-0.7,-5.7,7.6,46.0,3.0,-50.900000000000006,4.25,8.7,4.9,43.5,50.2,61.4,-1.0,-0.6,-0.2,-284.0,-3.7,-59.08,0.82,0.457,0.805,5.18,6.1,-37.0,-24.6,56.7,75.5,-4.3,-1.0,0.3,-0.3,2.4,0.2,0.2,1.5,1.2701960802078247
2008-09,9.0,3.6,47.6,48.2,-19.0,-1.8,-1.7,-6.7,7.5,46.0,3.125,-53.300000000000004,4.25,9.6,5.4,49.9,50.6,58.5,1.6,-0.7,-5.5,-73.0,-1.0,-61.31,0.895,0.452,0.872,4.91,6.1,-14.0,-7.4,57.9,78.7,0.7,-3.0,1.1,0.0,2.6,0.2,0.4,2.0,1.409641981124878
2008-08,8.0,4.0,47.4,48.2,-19.0,-3.2,-0.8,-3.0,7.4,46.0,3.25,-55.7,4.25,9.8,5.6,50.0,49.5,51.9,2.6,0.3,0.8,-51.0,0.1,-58.8,0.954,0.52,0.937,5.0,5.7,9.0,2.8,50.8,79.9,2.1,0.7,0.7,0.1,2.4,0.3,0.3,2.0,1.4695078134536743
2008-07,7.1,4.1,47.5,48.3,-20.0,0.2,-0.4,-1.5,7.3,46.0,3.230769230769231,-63.7,4.25,9.2,5.0,50.2,48.2,51.0,3.0,0.8,1.3,-51.0,0.4,-59.2,1.066,0.503,1.091,4.86,5.5,25.0,-4.9,49.6,79.8,0.6,2.4,0.3,0.45,2.25,0.2,0.6,2.0,1.5593082904815674
2008-06,6.1,3.7,49.1,49.5,-17.0,-3.0,4.0,1.4,7.25,46.0,3.2115384615384617,-53.650000000000006,4.0,7.2,4.2,49.6,51.7,58.1,2.5,1.2,0.1,-49.0,-0.2,-60.5,0.978,0.533,0.978,4.99,5.5,19.0,-8.7,49.1,79.4,1.3,-0.9,0.5,0.8,2.1,0.1,0.3,2.0,1.57500159740448
2008-05,5.7,3.6,50.5,52.0,-15.0,-1.6,1.6,-1.1,7.2,46.0,3.1923076923076925,-43.6,4.0,6.5,3.9,48.6,52.0,62.8,2.0,1.0,-1.0,-28.0,-0.7,-56.49,1.008,0.525,0.982,4.89,5.0,13.0,-3.2,48.3,79.6,1.5,1.9,0.2,0.4,2.1,0.1,0.1,2.0,1.555790662765503
2008-04,5.3,3.3,50.8,51.6,-12.0,1.0,3.1,1.6,7.1,46.0,3.173076923076923,-44.8,4.0,6.9,4.0,48.6,49.6,65.9,2.0,0.1,-0.3,-80.0,0.2,-61.71,0.954,0.526,0.932,4.93,5.1,-18.0,0.6,48.2,80.4,-0.9,1.5,0.5,0.25,2.05,0.1,0.3,2.0,1.5622069835662842
2008-03,5.0,3.5,52.3,51.7,-12.0,0.2,3.3,-1.0,7.1,46.0,3.1538461538461537,-35.0,4.0,6.4,4.0,48.3,49.3,76.4,2.6,-0.1,-0.9,-76.0,-0.7,-58.96,1.075,0.575,0.984,5.03,4.8,9.5,-22.2,44.5,80.3,-2.3,-2.6,0.9,0.1,2.0,0.1,0.3,2.25,1.5757957696914673
2008-02,4.3,3.2,52.3,51.0,-12.0,-1.8,1.7,-1.8,7.1,46.0,3.1346153846153846,-41.4,4.0,7.4,4.3,50.7,44.6,87.9,3.9,0.5,-4.7,-22.0,0.1,-57.9,1.071,0.601,1.048,4.89,4.9,37.0,-11.7,51.5,81.5,2.0,-1.6,0.7,0.4,2.2,0.3,0.2,2.625,1.519202709197998
2008-01,4.2,3.2,52.6,52.0,-9.0,-1.2,3.1,2.0,7.2,46.0,3.1153846153846154,-41.7,4.0,6.3,4.1,48.4,53.9,88.6,4.1,-0.3,4.4,82.0,0.1,-63.12,1.004,0.605,1.08,4.91,5.0,173.0,9.0,56.4,81.5,1.7,2.6,0.4,0.3,2.2,0.2,0.4,3.0,1.4865025281906128
2007-12,3.3,3.1,52.5,53.2,-8.5,0.4,4.1,3.0,7.2,46.0,3.0961538461538463,-35.7,4.0,7.2,4.3,50.8,54.1,87.8,6.3,1.8,0.5,115.0,0.3,-57.82,1.162,0.634,1.08,5.0,4.7,146.0,9.8,52.9,81.6,0.7,-0.4,0.1,1.0,2.2,0.2,0.5,4.25,1.4601097106933594
2007-11,2.7,2.6,52.6,55.8,-8.0,1.6,3.3,3.6,7.25,46.0,3.076923076923077,-30.0,4.0,6.1,3.5,50.9,55.8,95.2,5.2,0.4,-0.4,170.0,-0.7,-57.12,1.232,0.711,1.17,4.98,4.7,119.0,27.4,49.7,81.4,0.3,-0.9,0.4,0.4,2.0,0.2,0.1,4.375,1.469594120979309
2007-10,1.8,2.1,51.5,55.6,-6.0,0.8,4.5,4.5,7.3,46.0,3.0576923076923075,-19.0,4.0,4.4,2.8,52.0,54.8,99.5,5.0,0.3,-1.4,96.0,0.2,-56.8,1.193,0.716,1.261,5.03,4.7,27.0,28.8,54.2,82.1,-3.5,1.1,0.3,0.5,1.9,0.15000000000000002,0.3,4.5,1.4471989870071411
2007-09,1.8,1.7,54.3,54.0,-6.0,1.3,3.9,0.8,7.35,46.0,3.0384615384615383,-20.3,4.0,2.2,2.0,52.9,55.8,105.0,3.7,-0.4,-5.3,93.0,0.0,-59.0,1.327,0.735,1.307,5.48,4.6,48.0,14.7,53.8,82.0,0.10000000000000009,-1.8,0.5,0.6,1.8,0.1,0.3,4.75,1.427001714706421
2007-08,2.3,1.8,54.2,57.9,-4.0,1.0,2.4,4.4,7.4,46.0,3.019230769230769,-20.3,4.0,4.0,2.4,53.8,55.8,111.9,3.2,0.7,6.1,68.0,0.5,-59.43,1.367,0.867,1.389,5.75,4.6,150.0,25.1,53.4,82.2,3.7,3.4,0.4,0.4,1.9,0.1,0.3,5.25,1.3642005920410156
2007-07,2.4,1.8,54.8,58.1,-2.0,0.1,2.5,3.9,7.5,46.0,3.0,-20.3,4.0,3.3,2.7,56.0,60.7,105.3,3.8,-0.4,1.9,69.0,0.6,-59.16,1.467,0.846,1.413,5.76,4.5,123.5,26.5,60.2,81.7,-0.5,-0.5,0.5,0.2,1.9,0.1,0.3,5.25,1.3672035932540894
2007-06,2.4,1.85,55.4,58.3,-2.0,1.5,2.8,2.3,7.5,46.0,3.0,-20.3,4.0,4.1,2.7,55.0,59.7,108.5,5.0,-1.1102230246251565e-16,-2.3,190.0,-0.1,-58.5,1.434,0.893,1.52,5.99,4.5,97.0,25.8,61.7,81.4,0.5,-0.2,0.4,0.6,2.0,0.1,0.1,5.25,1.3536012172698975
2007-05,2.55,1.9,55.0,58.3,-1.0,2.6,4.0,7.6,7.6,46.0,3.0,-20.3,3.75,3.2,2.6,54.7,56.0,106.3,3.2,0.39999999999999997,1.1,80.0,0.4,-62.39,1.506,0.93,1.4885000000000002,6.01,4.5,106.0,25.8,52.9,81.5,4.1,2.5,0.0,0.5,2.15,0.1,0.06666666666666667,5.25,1.3456052541732788
2007-04,2.7,1.9,55.4,58.3,-4.0,1.2,4.05,5.266666666666667,7.6,46.0,3.0,-20.3,3.75,3.2,2.8,50.9,52.4,108.2,3.8,0.8,4.3,177.0,-0.3,-57.89,1.518,0.844,1.457,6.15,4.4,57.0,25.8,61.7,81.2,1.4,2.5,0.3,0.4,2.3,0.1,0.03333333333333333,5.25,1.3652063608169556
2007-03,2.9,1.9,55.6,58.3,-4.0,1.1,4.1,2.9333333333333336,7.6,46.0,3.0,-20.3,3.75,3.2,2.4,52.3,54.3,111.2,3.2,-0.1,2.4,97.0,1.0,-58.88,1.525,0.836,1.532,6.69,4.5,57.0,25.8,47.9,81.6,-5.7,2.5,0.2,0.7,2.4,0.3,0.0,5.25,1.3358982801437378
2007-02,2.9,1.8,55.6,58.3,-4.0,1.1,4.0,0.6,7.7,46.0,3.0,-20.3,3.75,0.2,2.1,52.3,54.3,111.2,2.3,0.2,-8.7,97.0,-0.3,-61.45,1.408,0.882,1.532,6.44,4.5,57.0,25.8,47.9,81.2,-5.7,2.5,0.0,0.7,2.4,0.3,0.0,5.25,1.322891354560852
