Date,producer-price-index-yy united-states,consumer-price-index-yy united-states,ism-manufacturing-pmi united-states,ism-non-manufacturing-pmi united-states,consumer-confidence-index united-states,retail-sales-yy united-states,retail-sales-ex-autos-mm united-states,durable-goods-orders united-states,nonfarm-payrolls united-states,industrial-production-mm united-states,trade-balance united-states,housing-starts united-states,new-home-sales united-states,building-permits united-states,existing-home-sales united-states,unemployment-rate united-states,adp-nonfarm-employment-change united-states,ny-empire-state-manufacturing-index united-states,chicago-pmi united-states,capacity-utilization united-states,factory-orders united-states,durable-goods-orders-ex-transportation united-states,business-inventories-mm united-states,pce-price-index-mm united-states,core-pce-price-index-yy united-states,core-pce-price-index-mm united-states,average-hourly-earnings-mm united-states,fed-interest-rate-decision united-states,labor-cash-earnings-yy japan,unemployment-rate japan,domestic-corporate-goods-price-index-mm japan,domestic-corporate-goods-price-index-yy japan,corporate-service-price-yy japan,national-consumer-price-index-yy japan,national-consumer-price-index-ex-fresh-food-yy japan,tokyo-consumer-price-index-yy japan,tokyo-consumer-price-index-ex-fresh-food-yy japan,m2-money-stock-yy japan,monetary-base-yy japan,adjusted-trade-balance japan,current-account-nsa japan,balance-of-payments japan,trade-balance japan,all-industry-activity-index-mm japan,capacity-utilization japan,tertiary-industry-activity-index-mm japan,household-spending-yy japan,large-retailers-sales-yy japan,retail-sales-mm japan,boj-interest-rate-decision japan,USDJPY
2022-08,9.8,8.5,52.8,56.7,95.7,10.3,0.4,0.0,528.0,0.6,-79.614,1.446,0.511,1.674,4.81,3.5,128.0,-31.3,52.1,80.3,2.0,0.3,1.4,-0.1,4.6,0.1,0.5,2.5,2.2,2.6,0.4,8.6,2.1,2.6,2.4,2.9,2.6,3.4,2.8,-2133.3,-132.4,-1114.0,-1436.8,1.3,9.6,-0.2,3.5,1.3,-1.4,-0.1,137.7519989013672
2022-07,11.3,9.1,53.0,55.3,98.7,8.5,1.0,1.9,372.0,-0.2,-85.546,1.559,0.59,1.685,5.12,3.6,128.0,11.1,56.0,80.0,1.6,0.3,1.4,1.0,4.8,0.6,0.3,2.5,1.0,2.6,0.7,9.2,2.0,2.4,2.2,2.5,2.3,3.3,3.9,-1928.9,128.4,-1951.2,-1383.8,1.3,-9.2,0.8,-0.5,8.5,0.6,-0.1,133.22999572753906
2022-06,10.8,8.6,56.1,55.9,106.4,8.1,0.5,0.7,390.0,0.2,-87.077,1.549,0.696,1.695,5.41,3.6,247.0,-1.2,60.3,79.0,0.3,0.7,1.2,0.6,4.7,0.3,0.3,1.75,1.7,2.5,0.0,9.1,1.8,2.5,2.1,2.3,2.1,3.2,4.6,-1931.4,501.1,-688.4,-2384.7,1.3,0.0,0.7,-1.7,4.0,0.8,-0.1,136.58900451660156
2022-05,11.0,8.3,55.4,57.1,107.3,8.2,0.6,0.4,428.0,1.1,-109.802,1.724,0.591,1.819,5.61,3.6,351.0,-11.6,56.4,79.0,2.2,0.3,2.0,0.2,4.9,0.3,0.3,1.0,1.2,2.6,1.2,10.0,1.7,2.5,2.1,2.4,1.9,3.6,6.6,-1618.9,2549.3,-166.1,-839.2,1.3,-1.6,1.3,-2.3,1.5,2.0,-0.1,127.78399658203125
2022-04,11.2,8.5,57.1,58.3,107.2,6.9,1.1,0.8,431.0,0.9,-89.185,1.793,0.763,1.873,5.77,3.6,455.0,24.6,62.9,78.3,-0.5,1.1,1.5,0.9,5.2,0.3,0.4,0.75,1.2,2.7,0.8,9.5,1.3,1.2,0.8,1.85,1.35,3.5,7.9,-899.8,1648.3,-176.8,-412.4,1.3,1.5,-1.3,1.1,0.1,-0.8,-0.1,129.6820068359375
2022-03,10.0,7.9,58.6,56.5,110.5,17.6,0.2,-2.2,678.0,0.5,-89.692,1.769,0.772,1.859,6.02,3.8,-301.0,-11.8,56.3,77.6,1.4,-0.6,1.1,0.6,5.4,0.4,0.0,0.5,0.9,2.7,0.8,9.3,1.1,0.9,0.6,1.3,0.8,3.6,7.6,-1031.4,-1188.7,-1604.3,-668.3,1.3,-3.2,-0.7,6.9,2.6,-1.9,-0.1,122.02100372314453
2022-02,9.7,7.5,57.6,59.9,113.8,13.0,3.3,1.6,467.0,1.4,-80.731,1.638,0.801,1.899,6.5,4.0,807.0,3.1,65.2,77.6,-0.4,0.7,2.1,0.6,5.2,0.5,0.7,0.375,-0.2,2.7,0.6,8.6,1.2,0.5,0.2,1.0,0.5,3.6,8.4,-932.6,-370.8,-318.7,-2191.1,1.3,-0.4,0.4,-0.2,1.4,-1.0,-0.1,115.58499908447266
2022-01,9.7,7.0,58.7,62.0,115.8,17.0,-2.3,-0.9,199.0,-0.1,-80.172,1.702,0.811,1.873,6.18,3.9,534.0,-0.7,63.1,76.5,1.6,0.4,1.3,0.4,4.9,0.5,0.6,0.25,0.0,2.8,-0.2,8.5,1.1,0.8,0.5,0.5,0.2,3.7,8.3,-435.3,897.3,-431.3,-582.4,1.3,8.0,0.4,-1.3,1.4,1.2,-0.1,115.26200103759766
2021-12,9.6,6.8,61.1,69.1,109.5,18.2,0.3,2.5,210.0,0.5,-67.116,1.679,0.744,1.712,6.46,4.2,571.0,31.9,61.8,76.8,1.0,0.8,1.2,0.6,4.7,0.5,0.3,0.25,0.2,2.7,0.6,9.0,1.1,0.6,0.5,0.5,0.25,4.0,9.3,-486.8,1180.1,166.7,-954.8,1.3,6.2,1.5,-0.6,0.9,1.1,-0.1,115.06300354003906
2021-11,8.6,6.2,60.8,66.7,113.8,16.0,1.7,-0.5,531.0,1.6,-80.934,1.52,0.745,1.65,6.34,4.6,568.0,30.9,68.4,76.4,0.2,0.5,0.7,0.6,4.1,0.4,0.4,0.25,0.2,2.8,1.2,8.0,1.0,0.1,0.1,0.5,0.3,4.2,9.9,-444.7,1033.7,-229.9,-67.4,1.3,-7.3,0.5,-1.9,-1.3,2.7,-0.1,113.80400085449219
2021-10,8.6,5.4,61.1,61.9,109.3,13.8,0.8,-0.4,194.0,-1.3,-73.252,1.555,0.8,1.589,6.29,4.8,374.0,19.8,64.7,75.2,1.2,0.4,0.6,0.4,3.6,0.3,0.6,0.25,0.7,2.8,0.3,6.3,0.9,0.2,0.1,0.3,0.1,4.2,11.7,-624.8,1665.6,-372.4,-622.8,1.3,-3.9,-1.7,-3.0,-4.7,-4.1,-0.1,113.83499908447266
2021-09,8.3,5.3,59.9,61.7,113.8,14.9,1.8,1.8,235.0,0.4,-70.051,1.615,0.74,1.728,5.88,5.2,330.0,34.3,66.8,76.4,0.4,0.2,0.5,0.4,3.6,0.3,0.6,0.25,1.0,2.8,0.0,5.5,1.0,-0.4,0.0,-0.050000000000000044,0.05,4.7,14.9,-271.8,1910.8,622.3,-635.4,1.3,-3.4,-0.6,0.7,1.3,1.1,-0.1,111.93599700927734
2021-08,7.8,5.4,59.5,64.1,129.1,15.8,-0.4,-0.1,943.0,0.9,-75.749,1.534,0.708,1.635,5.99,5.4,654.0,18.3,73.4,76.1,1.5,0.7,0.8,0.4,3.6,0.3,0.4,0.25,-0.1,2.9,1.1,5.6,1.1,0.2,0.4,-0.4,0.0,5.2,15.4,52.7,905.1,648.5,441.0,1.3,6.2,2.3,-5.1,-2.2,3.1,-0.1,109.94400024414062
2021-07,7.3,5.4,60.6,60.1,127.3,18.0,1.3,0.8,850.0,0.4,-71.24,1.643,0.676,1.598,5.86,5.9,978.0,43.0,66.1,75.4,1.7,0.3,0.5,0.5,3.5,0.4,0.3,0.25,1.9,3.0,0.6,5.0,1.4,0.2,0.2,-0.2,0.0,5.9,19.1,-90.2,1979.7,2.0,383.2,1.3,-6.8,-2.7,11.6,5.7,-0.4,-0.1,109.66999816894531
2021-06,6.6,5.0,61.2,64.0,117.2,28.1,-0.7,2.3,559.0,0.8,-68.899,1.572,0.769,1.681,5.8,5.8,742.0,17.4,75.2,75.2,-0.6,0.3,-0.2,0.4,3.4,0.5,0.5,0.25,1.6,2.8,0.7,4.9,1.5,-0.1,0.1,0.0,0.0,7.9,22.4,43.1,1321.8,289.5,-187.1,1.3,1.1,-0.7,13.0,15.5,-4.5,-0.1,110.53500366210938
2021-05,6.2,4.2,60.7,62.7,121.7,51.2,-0.8,-1.3,266.0,0.7,-74.448,1.569,0.863,1.76,5.85,6.1,629.5,24.3,72.1,74.9,1.1,1.0,0.3,0.6,3.1,0.7,0.7,0.25,0.2,2.6,0.7,3.6,1.0,-0.4,-0.1,-0.4,-0.2,9.2,24.3,65.2,2650.1,983.1,255.3,1.3,5.6,1.1,6.2,3.0,1.2,-0.1,109.90699768066406
2021-04,4.2,2.6,64.7,63.7,109.7,27.7,8.4,0.5,916.0,1.4,-71.078,1.739,1.021,1.766,6.01,6.0,517.0,26.3,66.3,74.4,-0.8,1.6,0.5,0.5,1.8,0.4,-0.1,0.25,-0.2,2.9,0.8,1.0,0.7,-0.2,-0.1,-0.6,-0.2,9.5,20.8,297.8,2916.9,524.2,663.7,1.3,-2.8,0.3,-6.6,-4.7,3.1,-0.1,108.90399932861328
2021-03,2.8,1.7,60.8,55.3,91.3,6.3,-2.7,-1.1,379.0,-2.2,-68.213,1.421,0.775,1.682,6.22,6.2,174.0,17.4,59.5,73.8,2.6,-0.9,0.3,0.2,1.4,0.1,0.2,0.25,-0.8,2.9,0.4,-0.7,-0.1,-0.4,-0.4,-0.2,-0.1,9.6,19.6,-38.7,646.8,-130.1,217.4,1.3,4.7,-1.7,-6.1,-7.2,-0.5,-0.1,110.30500030517578
2021-02,1.7,1.4,58.7,58.7,89.3,7.4,5.9,3.4,49.0,0.9,-66.613,1.58,0.923,1.881,6.69,6.3,-123.0,12.1,63.8,75.6,1.1,1.4,0.6,0.3,1.5,0.3,0.2,0.25,-3.2,2.9,0.4,-1.6,-0.5,-0.6,-0.6,-0.3,-0.3,9.4,18.9,392.8,1165.6,965.1,-323.9,1.3,0.8,-0.4,-0.6,-3.5,-0.8,-0.1,106.52999877929688
2021-01,0.8,1.4,60.7,57.2,88.6,2.9,-1.4,0.2,-140.0,1.6,-68.142,1.669,0.842,1.709,6.76,6.7,307.0,3.5,59.5,74.5,1.0,0.7,0.5,0.4,1.5,0.3,0.8,0.25,-2.2,2.9,0.5,-2.0,-0.4,-1.2,-1.0,-0.5,-0.4,9.2,18.3,477.1,1878.4,616.1,751.0,1.3,-2.9,-0.7,1.1,-3.4,-2.0,-0.1,104.68000030517578
2020-12,0.8,1.2,57.5,55.9,96.1,4.1,-0.9,0.9,245.0,0.4,-63.123,1.547,0.841,1.639,6.69,6.7,365.0,4.9,58.2,73.3,1.0,0.4,0.7,0.0,1.4,0.0,0.3,0.25,-0.8,3.1,0.0,-2.2,-0.6,-0.9,-0.9,-1.3,-0.9,9.1,16.5,570.2,2144.7,971.1,366.8,1.3,6.0,1.0,1.9,2.9,0.4,-0.1,103.12100219726562
2020-11,0.5,1.2,59.3,56.6,100.9,5.7,0.2,1.3,638.0,1.1,-63.862,1.53,0.999,1.545,6.85,6.9,557.0,6.3,61.1,72.8,1.1,1.3,0.7,0.0,1.4,0.0,0.1,0.25,-0.9,3.0,-0.2,-2.1,-0.6,-0.4,-0.7,-0.7,-0.7,9.0,16.3,314.3,1660.2,918.4,872.9,1.3,6.4,1.8,-10.2,-13.9,-0.1,-0.1,104.08200073242188
2020-10,0.4,1.4,55.4,57.8,101.8,5.4,1.5,1.9,661.0,-0.6,-67.102,1.415,0.959,1.553,6.54,7.9,749.0,10.5,62.4,71.5,0.7,0.8,0.3,0.3,1.6,0.3,0.1,0.25,-1.3,2.95,-0.2,-0.8,1.3,0.0,-0.3,-0.3,-0.5,9.0,14.3,475.8,2102.8,413.2,675.0,1.3,2.9,0.8,-6.9,-3.2,4.6,-0.1,104.55400085449219
2020-09,-0.2,1.3,56.0,56.9,84.8,2.6,0.7,0.4,1371.0,0.4,-63.556,1.416,1.011,1.47,6.0,8.4,167.0,17.0,51.2,71.4,6.4,0.4,0.1,0.3,1.4500000000000002,0.3,0.4,0.25,-1.3,2.9,0.2,-0.5,1.0,0.2,-0.4,0.2,-0.2,8.6,11.5,350.6,1468.3,137.3,248.3,6.1,9.6,-0.5,-7.6,-4.2,-3.3,-0.1,105.66400146484375
2020-08,-0.4,1.0,54.2,58.1,92.6,2.7,1.9,11.2,1763.0,3.0,-50.695,1.496,0.901,1.495,5.86,10.2,2369.0,3.7,51.9,70.6,6.2,2.4,-1.1,0.3,1.3,0.3,0.2,0.25,-1.7,2.8,0.6,-0.9,1.2,0.3,0.0,0.3,-0.3,7.9,9.8,-34.8,167.5,-77.3,11.6,-3.5,6.2,7.9,-1.2,-3.5,13.1,-0.1,105.53500366210938
2020-07,-0.8,0.6,52.6,57.1,98.1,1.1,7.3,7.3,4800.0,5.4,-54.601,1.186,0.776,1.241,4.72,11.1,-2760.0,17.2,36.6,68.6,8.0,3.3,-2.3,0.4,0.9,0.2,-1.2,0.25,-2.1,2.9,0.6,-1.6,0.8,0.1,0.0,0.3,-0.04999999999999999,7.2,6.0,-423.9,1176.8,-556.8,-268.8,-6.4,-11.6,-2.1,-16.2,-16.7,2.1,-0.1,104.68299865722656
2020-06,-0.8,0.1,43.1,45.4,86.6,-6.1,12.4,15.8,2509.0,1.4,-49.408,0.974,0.676,1.22,3.91,13.3,-20236.0,-0.2,32.3,64.8,-13.0,4.0,-1.3,0.1,1.0,0.1,-1.0,0.25,-0.6,2.6,-0.4,-2.7,0.8,0.1,-0.2,0.3,0.2,5.1,3.9,-601.0,262.7,-966.5,-833.4,-3.8,-13.3,-6.0,-11.1,-22.1,-9.6,-0.1,107.58999633789062
2020-05,-1.2,0.3,41.5,41.8,86.9,-21.6,-17.2,-17.2,-20500.0,-11.2,-44.415,0.891,0.623,1.074,4.33,14.7,-27.0,-48.5,35.4,64.9,-10.3,-7.4,-0.2,-0.5,1.0,-0.4,4.7,0.25,0.1,2.5,-1.5,-2.3,1.0,0.1,-0.2,0.4,0.2,3.7,2.3,-996.3,1971.0,103.1,-930.4,-0.6,-3.6,-4.2,-6.0,-10.1,-4.5,-0.1,107.76000213623047
2020-04,0.7,1.5,49.1,52.5,120.0,-6.2,-4.5,-14.4,-701.0,-5.4,-39.932,1.216,0.627,1.353,5.27,4.4,183.0,-78.2,47.8,72.7,0.0,-0.2,-0.4,-0.3,1.7,-0.1,0.4,0.25,1.0,2.4,-0.9,-0.4,1.6,0.4,0.4,0.2,-0.1,3.3,2.8,-190.0,3168.8,1366.6,4.9,0.8,-1.8,-0.5,-0.3,0.2,0.6,-0.1,106.61000061035156
2020-03,1.3,2.3,50.1,57.3,130.7,4.3,-0.4,1.2,273.0,0.6,-45.338,1.599,0.765,1.464,5.77,3.5,291.0,-21.5,49.0,77.0,-0.5,-0.6,-0.1,0.1,1.8,0.2,0.3,0.25,1.5,2.4,-0.4,0.8,2.1,0.4,0.6,0.4,0.4,3.0,3.6,498.3,612.3,-985.1,1109.8,0.0,1.1,0.8,-3.9,-1.4,0.6,-0.1,108.03500366210938
2020-02,2.1,2.5,50.9,55.5,131.6,4.4,0.3,-0.2,225.0,-0.3,-48.88,1.567,0.764,1.551,5.46,3.6,202.0,12.9,42.9,76.8,1.8,0.9,0.1,0.1,1.6,0.1,0.2,1.0,0.0,2.2,0.2,1.7,2.3,0.7,0.8,0.4,0.5,2.8,2.9,-224.1,524.0,120.7,-1312.6,0.9,-0.4,-0.2,-4.8,-3.0,0.2,-0.1,108.13600158691406
2020-01,1.3,2.3,47.2,55.0,126.5,5.8,0.7,2.4,145.0,-0.3,-43.086,1.608,0.694,1.416,5.54,3.5,67.0,4.8,48.9,77.0,-0.7,-0.1,-0.2,0.3,1.6,0.2,0.1,1.75,-0.2,2.2,0.1,0.9,2.1,0.8,0.7,0.6,0.7,2.7,3.2,-102.5,1436.8,-2.5,-152.5,-4.3,-0.3,1.3,-2.0,-1.8,4.5,-0.1,108.87699890136719
2019-12,1.1,2.1,48.1,53.9,125.5,3.3,0.1,-2.0,266.0,1.1,-47.199,1.365,0.719,1.482,5.35,3.5,96.0,3.5,46.3,77.3,0.3,0.0,0.2,0.2,1.6,0.1,0.2,1.75,0.5,2.4,0.2,0.1,2.1,0.5,0.5,0.9,0.8,2.8,3.3,-60.8,1816.8,254.0,-82.1,1.5,-4.5,-4.6,-5.1,-8.2,-14.4,-0.1,108.87300109863281
2019-11,1.1,1.8,48.3,54.7,125.9,3.1,0.2,0.6,128.0,-0.8,-52.45,1.314,0.733,1.461,5.46,3.6,125.0,2.9,43.2,76.7,-0.6,0.6,0.0,0.2,1.6,0.1,0.2,1.75,0.8,2.4,1.1,-0.4,2.1,0.2,0.4,0.8,0.6,2.5,3.1,-34.7,1612.9,1.1,17.3,0.0,1.0,1.8,9.5,10.0,7.1,-0.1,109.44499969482422
2019-10,1.4,1.7,47.8,52.6,125.1,4.1,-0.1,-1.1,136.0,-0.4,-54.896,1.256,0.701,1.387,5.38,3.5,195.0,4.0,47.1,77.5,-0.1,-0.3,0.0,0.0,1.7,0.0,0.0,1.75,-0.2,2.2,0.0,-1.1,0.5,0.2,0.3,0.4,0.5,2.4,3.0,-97.2,2157.7,50.9,-123.0,0.2,-2.9,0.4,1.0,0.4,4.8,-0.1,108.78900146484375
2019-09,1.8,1.7,49.1,56.4,135.1,4.1,0.0,0.2,130.0,0.6,-53.989,1.364,0.713,1.419,5.49,3.7,148.5,2.0,50.4,77.9,1.4,0.5,0.4,0.0,1.8,0.1,0.4,2.0,-0.3,2.2,-0.3,-0.9,0.6,0.3,0.5,0.4,0.5,2.4,2.8,-130.8,1999.9,-74.5,-136.3,-0.8,1.1,0.1,0.8,-4.8,-2.3,-0.1,107.94400024414062
2019-08,1.7,1.8,51.2,53.7,135.7,3.4,1.0,2.1,164.0,-0.2,-55.154,1.191,0.635,1.336,5.42,3.7,102.0,4.8,44.4,77.5,0.6,-0.4,0.0,0.2,1.6,0.2,0.3,2.125,0.4,2.3,0.0,-0.6,0.5,0.5,0.6,0.6,0.7,2.4,3.7,-126.8,1211.2,759.3,-249.6,0.3,-2.6,-0.1,2.7,-0.5,0.0,-0.1,106.43800354003906
2019-07,1.7,1.6,51.7,55.1,121.5,3.4,0.4,2.0,224.0,0.0,-55.52,1.253,0.646,1.22,5.27,3.7,27.0,4.3,49.7,77.9,-0.7,1.2,0.3,0.1,1.6,0.2,0.2,2.25,-0.2,2.4,-0.5,-0.1,0.7,0.7,0.6,0.9,0.9,2.3,4.0,-14.4,1594.8,-650.9,589.5,0.9,1.7,-0.2,4.0,-0.5,0.3,-0.1,108.56199645996094
2019-06,1.8,1.8,52.1,56.9,134.1,3.2,0.5,-1.3,75.0,0.4,-50.791,1.269,0.626,1.294,5.34,3.6,275.0,-8.6,54.2,78.1,-0.8,0.3,0.5,0.2,1.6,0.2,0.2,2.5,-0.1,2.4,-0.1,0.7,0.8,0.7,0.8,1.1,0.9,2.7,3.6,-609.1,1707.4,-98.2,-967.1,-0.4,1.6,0.8,1.3,-1.8,0.0,-0.1,107.74700164794922
2019-05,2.2,2.0,52.8,55.5,129.2,3.1,0.1,-2.1,263.0,-0.5,-50.002,1.235,0.673,1.296,5.19,3.6,129.0,17.8,52.6,77.9,1.9,0.0,0.0,0.3,1.6,0.2,0.2,2.5,-1.9,2.5,0.3,1.2,0.9,0.9,0.9,1.1,1.1,2.6,3.1,-110.9,2847.9,700.1,60.4,-0.2,-0.4,-0.4,2.1,0.6,0.2,-0.1,109.35700225830078
2019-04,2.2,1.9,55.3,56.1,124.1,3.6,1.2,2.7,196.0,-0.1,-49.382,1.139,0.692,1.269,5.21,3.8,183.0,10.1,58.7,78.8,-0.5,0.4,0.3,0.2,1.6,0.0,0.1,2.5,-0.8,2.3,0.3,1.3,1.1,0.5,0.8,1.4,1.3,2.4,3.8,-177.8,2676.8,489.2,528.5,-0.2,1.0,-0.6,1.7,-1.8,0.2,-0.1,111.677001953125
2019-03,1.9,1.5,54.2,59.7,131.4,2.3,0.9,0.4,20.0,0.1,-51.149,1.162,0.667,1.296,5.51,3.8,198.0,3.7,64.7,78.2,0.1,-0.1,0.6,-0.1,1.8,0.1,0.4,2.5,1.2,2.5,0.2,0.8,1.1,0.2,0.7,0.9,1.1,2.4,4.6,116.1,600.4,-964.8,339.0,-0.4,-4.7,0.4,2.0,-3.3,-2.3,-0.1,110.87000274658203
2019-02,2.0,1.6,56.6,56.7,120.2,2.3,-1.8,1.2,304.0,-0.6,-49.313,1.078,0.662,1.326,4.94,4.0,213.0,8.8,56.7,78.2,0.1,0.1,-0.1,-0.033333333333333326,1.8333333333333333,0.1,0.1,2.5,1.8,2.4,-0.6,0.6,1.1,0.2,0.8,0.6,1.1,2.4,4.7,-370.0,452.8,216.2,-1415.2,-0.3,-1.9,-0.3,0.1,-1.0,0.9,-0.1,110.86199951171875
2019-01,2.5,1.9,54.1,57.6,128.1,3.25,-0.8,1.0,312.0,0.3,-52.4005,1.167,0.657,1.327,4.99,3.9,179.0,3.9,65.4,78.7,-1.0,-0.09999999999999998,0.25,0.03333333333333334,1.8666666666666667,0.1,0.4,2.5,2.0,2.5,-0.6,1.5,1.1,0.3,0.7,0.4,1.1,2.4,4.8,-183.6,757.2,-559.1,-55.3,1.9,1.0,-0.3,-0.6,-2.2,-1.0,-0.1,108.98100280761719
2018-12,2.5,2.2,59.3,60.7,135.7,4.2,0.2,0.8,155.0,0.6,-55.488,1.256,0.6005,1.328,5.32,3.7,203.0,10.9,66.4,78.5,-2.1,-0.3,0.6,0.1,1.9,0.1,0.2,2.5,1.5,2.4,-0.3,2.3,1.2,0.8,0.9,0.3,0.9,2.3,6.1,-492.2,1309.9,-321.7,-737.3,-0.9,4.0,1.9,-0.3,-0.8,1.2,-0.1,110.33000183105469
2018-11,2.9,2.5,57.7,60.3,137.9,4.6,0.7,-4.4,250.0,0.1,-54.019,1.228,0.544,1.263,5.22,3.7,227.0,23.3,58.4,78.4,0.7,0.1,0.3,0.2,1.8,0.1,0.2,2.25,1.1,2.3,0.3,2.9,1.3,1.4,1.0,0.8,1.0,2.7,5.9,-302.7,1821.6,323.3,-449.3,0.5,-1.5,-1.1,-1.6,0.4,-0.2,-0.1,113.41100311279297
2018-10,2.6,2.3,59.8,61.6,138.4,4.7,-0.1,0.8,134.0,0.3,-53.237,1.201,0.553,1.241,5.15,3.7,163.0,21.1,60.4,78.1,2.3,0.1,0.5,0.1,2.0,0.2,0.3,2.25,0.9,2.4,0.3,3.0,1.2,1.2,1.0,1.5,1.0,2.8,5.9,-238.9,1838.4,-219.3,139.6,0.0,2.2,0.5,2.8,-0.1,0.9,-0.1,113.052001953125
2018-09,2.8,2.7,61.3,58.5,133.4,6.6,0.3,4.5,201.0,0.4,-50.082,1.282,0.629,1.229,5.34,3.9,219.0,19.0,63.6,78.1,-0.8,0.1,0.6,0.1,2.0,0.0,0.4,2.25,1.5,2.5,0.0,3.0,1.3,1.3,0.9,1.3,1.0,2.9,6.9,-190.4,2009.7,-1.0,-444.6,-0.8,-0.6,0.1,0.1,-1.6,0.1,-0.1,113.68299865722656
2018-08,3.3,2.9,58.1,55.7,127.4,6.4,0.6,-1.7,157.0,0.1,-46.348,1.168,0.627,1.311,5.34,3.9,177.0,25.6,65.5,78.1,0.7,0.2,0.1,0.1,2.0,0.2,0.3,2.0,3.6,2.4,0.5,3.1,1.1,0.9,0.8,1.2,0.9,3.0,7.0,-45.6,1175.6,820.5,-231.2,0.1,-2.2,-0.5,-1.2,1.5,1.5,-0.1,110.9990005493164
2018-07,3.4,2.9,60.2,59.1,126.4,6.6,0.4,1.0,213.0,0.6,-43.053,1.173,0.631,1.273,5.38,4.0,190.5,22.6,64.1,78.0,0.4,0.4,0.4,0.1,1.9,0.1,0.2,2.0,2.1,2.2,0.2,2.8,1.2,0.7,0.8,0.9,0.8,3.2,7.4,66.2,1938.3,-303.8,721.4,1.0,-2.1,0.1,-3.9,-2.0,-1.7,-0.1,110.99400329589844
2018-06,3.1,2.8,58.7,58.6,128.0,5.9,0.9,-0.6,223.0,-0.1,-46.199,1.35,0.689,1.301,5.43,3.8,204.0,25.0,62.7,77.9,-0.8,-0.3,0.3,0.2,2.0,0.2,0.3,2.0,0.8,2.5,0.6,2.7,1.0,0.7,0.7,0.6,0.7,3.2,8.1,-296.8,1845.1,573.8,-578.3,0.0,1.8,1.0,-1.3,-0.8,1.4,-0.1,110.48600006103516
2018-05,2.6,2.5,57.3,56.8,128.7,4.7,0.3,-1.7,164.0,0.7,-48.956,1.287,0.662,1.352,5.46,3.9,241.0,20.1,57.6,78.0,1.6,0.9,0.0,0.2,1.8,0.2,0.1,1.75,2.1,2.5,0.1,2.0,0.9,0.6,0.7,0.4,0.5,3.3,7.8,550.0,3122.3,1190.7,626.0,0.4,0.5,-0.3,-0.2,0.1,-0.7,-0.1,108.71199798583984
2018-04,3.0,2.4,59.3,58.8,127.7,4.5,0.2,2.6,103.0,0.5,-57.591,1.319,0.694,1.354,5.6,4.1,235.0,15.8,57.4,78.0,1.2,0.0,0.6,0.0,1.9,0.2,0.3,1.75,1.3,2.5,-0.1,2.1,0.5,1.1,0.9,0.5,0.6,3.2,9.1,119.2,2076.0,188.7,797.3,-1.8,1.3,0.0,0.1,0.6,0.4,-0.1,109.0979995727539
2018-03,2.8,2.2,60.8,59.5,130.8,4.0,0.2,3.1,313.0,1.1,-56.601,1.236,0.618,1.298,5.54,4.1,234.5,22.5,61.9,78.1,-1.4,1.2,0.6,0.2,1.6,0.2,0.1,1.75,0.7,2.65,0.0,2.5,0.6,1.5,1.0,1.0,0.8,3.3,9.4,-201.5,607.4,-666.6,3.4,0.5,-7.3,-0.6,2.0,0.5,-1.8,-0.1,106.2699966430664
2018-02,2.7,2.1,59.1,59.9,125.4,3.6,0.0,-3.7,200.0,-0.1,-53.118,1.326,0.593,1.396,5.38,4.1,234.0,13.1,65.7,77.5,1.7,-0.3,0.4,0.15000000000000002,1.55,0.2,0.3,1.625,0.7,2.8,0.3,2.7,0.7,1.4,0.9,1.15,0.75,3.4,9.7,373.3,797.2,538.9,-943.4,1.0,2.8,-0.2,0.9500000000000001,1.1,0.9,-0.1,107.4260025024414
2018-01,2.6,2.1,59.7,55.9,122.1,5.4,0.4,2.9,148.0,0.9,-50.497,1.192,0.625,1.302,5.57,4.1,190.0,17.7,67.6,77.9,1.3,0.6,0.4,0.1,1.5,0.2,0.3,1.5,0.9,2.7,0.2,3.1,0.8,1.0,0.9,1.3,0.7,3.6,11.2,86.8,1347.3,181.0,359.0,0.3,0.0,1.1,-0.1,1.4,1.9,-0.1,108.73200225830078
2017-12,3.1,2.2,58.2,57.4,129.5,5.8,1.0,1.3,228.0,0.2,-48.731,1.297,0.733,1.298,5.81,4.1,235.0,18.0,63.9,77.1,-0.1,-0.1,-0.1,0.2,1.5,0.1,0.2,1.5,0.6,2.8,0.4,3.5,0.8,0.6,0.9,1.0,0.8,4.0,13.2,364.1,2176.4,430.2,113.4,-0.5,0.2,0.3,1.7,-0.7,0.0,-0.1,112.68000030517578
2017-11,2.8,2.0,58.7,60.1,125.9,4.6,0.1,-1.2,261.0,0.9,-43.495,1.29,0.685,1.297,5.48,4.1,135.0,19.4,66.2,77.0,1.4,0.4,0.0,0.1,1.4,0.2,0.0,1.25,0.9,2.8,0.3,3.4,0.8,0.2,0.8,0.3,0.6,4.1,14.5,322.9,2271.2,852.2,285.4,0.1,-1.5,-0.2,0.0,1.9,0.8,-0.1,112.00199890136719
2017-10,2.6,2.2,60.8,59.8,119.8,4.4,1.0,2.2,-33.0,0.3,-42.395,1.127,0.667,1.215,5.39,4.2,156.5,30.2,65.2,76.0,1.2,0.7,0.7,0.4,1.3,0.1,0.5,1.25,0.9,2.8,0.2,3.0,0.9,0.7,0.7,-0.2,0.6,4.1,15.6,240.3,2380.4,318.7,670.2,-0.1,3.3,-0.2,-0.3,0.6,-1.7,-0.1,112.99600219726562
2017-09,2.4,1.9,58.8,55.3,122.9,3.2,0.2,1.7,156.0,-0.9,-43.689,1.18,0.56,1.3,5.35,4.4,178.0,24.4,58.9,76.1,-3.3,0.2,0.2,0.2,1.3,0.1,0.1,1.25,-0.3,2.8,0.0,2.9,0.8,0.7,0.7,0.5,0.5,4.0,16.3,367.3,2320.0,566.6,113.6,0.4,-1.8,0.1,0.6,-0.2,1.1,-0.1,112.99434661865234
2017-08,1.9,1.7,56.3,53.9,121.1,4.2,0.5,-6.8,209.0,0.2,-43.642,1.155,0.571,1.223,5.44,4.3,158.0,25.2,58.9,76.7,3.0,0.5,0.5,0.1,1.4,0.1,0.3,1.25,-0.4,2.8,0.3,2.6,0.6,0.4,0.5,0.5,0.4,4.0,15.6,337.4,934.6,518.5,418.8,-0.9,2.1,0.0,-0.2,0.2,0.2,-0.1,110.45999908447266
2017-07,2.0,1.6,57.8,57.4,118.9,2.8,-0.2,6.5,222.0,0.4,-46.507,1.215,0.61,1.254,5.52,4.4,253.0,9.8,65.7,76.6,-0.8,0.2,0.3,0.0,1.4,0.1,0.2,1.25,0.7,3.1,0.0,2.1,0.8,0.4,0.4,0.1,0.2,3.9,17.0,81.4,1653.9,-115.1,439.9,2.1,-4.1,-0.1,2.3,-0.6,-1.6,-0.1,110.51000213623047
2017-06,2.4,1.9,54.9,56.9,117.9,3.8,-0.3,-1.1,138.0,0.0,-47.617,1.092,0.61,1.168,5.62,4.3,177.0,19.8,59.4,76.6,-0.2,0.1,-0.2,-0.1,1.4,0.1,0.2,1.25,0.5,2.8,0.0,2.1,0.7,0.4,0.4,0.0,0.0,3.9,19.4,133.8,1951.9,553.6,-203.4,-0.6,4.3,1.2,-0.1,1.1,1.4,-0.1,112.00900268554688
2017-05,2.5,2.2,54.8,57.5,120.3,4.5,0.3,-0.7,211.0,1.0,-43.706,1.172,0.569,1.229,5.57,4.4,263.0,-1.0,58.3,76.7,0.2,-0.4,0.2,0.2,1.5,0.2,0.3,1.0,-0.4,2.8,0.2,2.1,0.7,0.4,0.3,0.2,0.1,4.3,19.8,97.6,2907.7,865.5,481.7,0.7,-1.6,-0.2,-1.4,-0.8,0.2,-0.1,110.83899688720703
2017-04,2.3,2.4,57.2,55.2,125.6,5.2,0.0,0.7,98.0,0.5,-43.557,1.215,0.621,1.26,5.71,4.5,298.0,5.2,57.7,76.1,1.0,-0.2,0.3,0.15000000000000002,1.65,0.2,0.2,1.0,0.4,2.8,0.2,1.4,0.8,0.2,0.2,-0.1,-0.1,4.3,20.3,172.2,2813.6,1076.8,614.7,0.1,3.2,0.2,-1.3,-2.7,0.2,-0.1,111.302001953125
2017-03,2.2,2.7,57.7,57.6,114.8,5.7,0.2,1.7,235.0,0.0,-48.5,1.288,0.592,1.213,5.48,4.7,246.0,16.4,57.4,75.4,1.2,0.4,0.3,0.1,1.8,0.2,0.2,1.0,0.5,2.95,0.2,1.0,0.8,0.3,0.2,-0.4,-0.4,4.2,21.4,680.3,65.5,-853.4,813.5,-0.3,0.1,0.0,-3.8,-1.1,0.5,-0.1,111.7760009765625
2017-02,1.6,2.5,56.0,56.5,111.8,5.6,0.8,1.8,227.0,-0.3,-44.3,1.246,0.555,1.285,5.69,4.8,153.0,18.7,50.3,75.3,1.3,-0.2,0.4,0.15000000000000002,1.75,0.15000000000000002,0.1,0.75,0.1,3.1,0.6,0.5,0.5,0.3,0.0,-0.15,-0.35,4.1,22.6,155.5,1112.2,806.8,-1086.9,0.3,0.6,-0.4,-2.05,-1.3,-1.7,-0.1,112.74500274658203
2017-01,1.6,2.1,54.7,57.2,113.7,4.1,0.2,-0.4,156.0,0.8,-45.2,1.226,0.536,1.21,5.49,4.7,184.5,6.5,54.6,75.5,-2.4,0.5,0.7,0.2,1.7,0.1,0.4,0.75,0.2,3.1,0.6,-1.2,0.4,0.3,-0.2,0.1,-0.3,4.0,23.1,356.7,1415.5,313.4,641.4,0.2,3.0,0.2,-0.3,-0.3,0.2,-0.1,113.6500015258789
2016-12,1.3,1.7,53.2,57.2,107.1,3.8,0.2,-4.6,178.0,-0.4,-42.6,1.09,0.592,1.201,5.61,4.6,216.0,9.0,57.6,75.0,2.7,0.5,-0.2,0.0,1.6,0.0,-0.1,0.75,0.1,3.0,0.4,-2.2,0.3,0.5,-0.4,0.0,-0.6,4.0,21.5,536.1,1719.9,587.6,152.5,0.2,1.4,0.2,-1.5,-1.0,2.5,-0.1,116.88999938964844
2016-11,0.8,1.6,51.9,54.8,98.6,4.3,0.8,4.8,161.0,0.0,-36.44,1.323,0.563,1.229,5.6,4.9,154.0,1.5,50.6,75.3,0.3,1.0,0.1,0.2,1.7,0.1,0.4,0.5,0.2,3.0,-0.1,-2.7,0.5,0.1,-0.4,0.5,-0.4,3.7,22.1,474.3,1821.0,642.4,496.2,0.2,-2.0,-0.1,-0.4,-3.2,0.0,-0.1,112.47000122070312
2016-10,0.7,1.5,51.5,57.1,104.1,2.7,0.5,-0.1,156.0,0.1,-40.7,1.047,0.593,1.225,5.47,5.0,166.5,-6.8,54.2,75.4,0.2,0.2,0.2,0.2,1.7,0.1,0.2,0.5,-0.1,3.1,0.0,-3.2,0.3,-0.5,-0.5,0.1,-0.4,3.6,22.7,349.0,2000.8,243.2,498.3,0.3,2.6,0.0,-2.1,-3.6,-1.1,-0.1,104.56500244140625
2016-09,0.0,1.1,49.4,51.4,101.1,1.9,-0.1,0.0,151.0,-0.4,-39.47,1.142,0.609,1.139,5.33,4.9,179.0,-2.0,51.5,75.5,1.9,-0.4,0.0,0.1,1.7,0.2,0.1,0.5,1.4,3.0,-0.3,-3.6,0.2,-0.5,-0.5,-0.5,-0.5,3.3,24.2,340.0,1938.2,613.9,-18.7,1.0,0.6,0.3,-4.6,-0.2,1.4,-0.1,101.1989974975586
2016-08,-0.2,0.8,52.6,55.5,97.3,2.3,-0.3,4.4,255.0,0.7,-44.5,1.211,0.654,1.152,5.39,4.9,172.0,-4.2,55.8,75.9,-1.5,1.5,0.2,0.0,1.6,0.1,0.3,0.5,1.3,3.1,0.0,-3.9,0.4,-0.4,-0.5,-0.5,-0.4,3.3,24.7,317.6,974.4,763.3,513.5,-1.0,1.5,0.8,-0.5,-1.5,0.2,-0.1,102.86799621582031
2016-07,0.3,1.0,53.2,56.5,98.0,2.7,0.7,-4.0,287.0,0.6,-41.14,1.189,0.592,1.153,5.57,4.9,173.0,0.6,56.8,75.4,-1.0,-0.5,0.2,0.1,1.6,0.15000000000000002,0.1,0.5,-0.2,3.2,-0.1,-4.2,0.2,-0.4,-0.5,-0.4,-0.4,3.4,25.4,335.0,1809.1,39.9,692.8,1.3,-2.4,-0.7,-2.2,-2.2,0.0,-0.1,102.33200073242188
2016-06,-0.1,1.0,51.3,52.9,92.6,2.5,0.4,-2.2,38.0,-0.4,-37.4,1.164,0.551,1.138,5.53,4.7,156.0,6.0,49.3,74.9,1.9,-0.3,0.1,0.2,1.6,0.2,0.2,0.5,0.3,3.2,0.2,-4.2,0.2,-0.4,-0.4,-0.5,-0.5,3.4,25.5,269.8,1878.5,697.1,-40.7,0.1,-1.0,1.4,-1.1,-0.8,0.0,-0.1,102.77799987792969
2016-05,0.0,1.1,50.8,55.7,94.2,3.0,0.8,3.4,160.0,0.7,-40.4,1.172,0.619,1.116,5.45,5.0,178.0,-9.0,50.4,75.4,1.1,0.4,0.4,0.3,1.6,0.2,0.3,0.5,1.4,3.2,-0.3,-4.2,0.2,-0.3,-0.3,-0.5,-0.5,3.3,26.8,426.6,2980.4,927.2,823.5,-1.2,3.2,-0.7,-0.4,-1.2,1.4,-0.1,110.84100341796875
2016-04,-0.1,0.9,51.8,54.5,96.2,1.7,0.2,0.8,215.0,-0.6,-47.06,1.089,0.511,1.086,5.33,5.0,200.0,9.6,53.6,74.8,-1.7,-0.2,-0.1,0.1,1.6,0.1,0.3,0.5,0.9,3.3,-0.1,-3.8,0.2,-0.1,-0.3,-0.4,-0.3,3.2,28.5,276.5,2434.9,425.0,755.0,-0.9,-5.4,-0.1,-5.3,2.2,-2.3,-0.1,106.3499984741211
2016-03,0.0,1.0,49.5,53.4,92.2,3.1,-0.1,-2.8,242.0,-0.5,-45.68,1.178,0.512,1.167,5.08,4.9,205.0,0.6,47.6,76.7,1.6,-1.0,0.1,-0.1,1.7,0.1,-0.1,0.5,0.4,3.2,-0.2,-3.4,0.2,0.3,0.0,-0.1,-0.3,3.1,29.0,166.1,520.8,-411.0,242.8,-0.9,2.6,1.5,1.2,1.0,-1.1,-0.1,112.36599731445312
2016-02,-0.2,1.4,48.2,53.5,98.1,3.4,0.1,4.9,151.0,0.9,-43.36,1.099,0.494,1.202,5.47,4.9,257.0,-16.6,55.6,77.1,-2.9,1.8,0.1,0.1,1.7,0.3,0.5,0.5,0.1,3.3,-0.9,-3.1,0.2,0.0,0.0,0.1,-0.1,3.2,28.9,119.4,960.7,188.7,-645.9,-1.0,-1.0,-0.6,-3.1,0.0,-0.2,-0.1,113.66000366210938
2016-01,-1.0,0.7,48.2,55.3,96.5,2.2,-0.1,-5.1,292.0,-0.4,-42.4,1.149,0.544,1.232,5.46,5.0,217.0,-19.4,42.9,76.5,-0.2,-1.2,-0.2,0.05,1.5,0.2,0.0,0.5,0.0,3.3,-0.3,-3.4,0.4,0.2,0.1,-0.3,-0.1,3.0,29.5,36.6,1143.5,-271.5,140.2,1.0,-0.1,-0.8,-4.4,2.0,-2.5,-0.1,121.33999633789062
2015-12,-1.1,0.5,48.6,55.9,90.4,1.4,0.4,0.0,211.0,-0.6,-43.89,1.173,0.49,1.289,4.76,5.0,182.0,-4.6,48.7,77.0,1.5,-0.1,0.0,0.0,1.3,0.1,0.2,0.5,0.7,3.1,-0.1,-3.6,0.2,0.3,0.1,0.0,0.6,3.3,32.5,-3.3,1458.4,200.2,-379.7,-0.2,1.3,0.9,-2.9,2.9,1.1,0.1,120.44999694824219
2015-11,-1.6,0.2,50.1,59.1,97.6,1.7,0.2,3.0,271.0,-0.2,-40.8,1.06,0.495,1.15,5.36,5.0,186.0,-10.7,56.2,77.5,-1.0,0.5,0.3,0.1,1.3,0.0,0.4,0.375,0.6,3.4,-0.6,-3.8,0.5,0.3,-0.1,0.2,0.0,3.6,32.5,-202.3,1468.4,82.3,111.5,-0.2,1.5,-0.4,-2.4,1.7,0.7,0.1,122.83000183105469
2015-10,-1.1,0.0,50.2,56.9,103.0,2.4,-0.3,-1.2,142.0,-0.2,-48.33,1.206,0.468,1.103,5.55,5.1,190.0,-11.4,48.7,77.5,-1.7,-0.4,0.0,-0.1,1.3,0.1,0.0,0.25,0.5,3.3499999999999996,-0.5,-3.9,0.6,0.0,-0.1,0.1,-0.2,3.8,35.1,-355.7,1653.1,-326.1,-114.5,0.2,-0.9,0.1,-0.4,1.8,0.0,0.1,120.62725830078125
2015-09,-0.8,0.2,51.1,59.0,101.5,2.2,0.1,-2.0,173.0,-0.4,-41.86,1.126,0.552,1.17,5.31,5.1,185.0,-14.7,54.4,77.6,0.4,0.0,0.1,0.0,1.3,0.1,0.3,0.25,0.6,3.3,-0.6,-3.6,0.7,0.2,-0.1,-0.1,-0.2,4.2,33.3,-358.8,1808.6,-108.0,-569.7,0.3,-0.2,0.2,-0.30000000000000004,2.1,1.2,0.1,119.86000061035156
2015-08,-0.8,0.2,52.7,60.3,90.9,2.4,0.4,2.0,215.0,0.6,-43.84,1.206,0.507,1.119,5.59,5.3,237.0,-14.9,54.7,78.0,1.8,0.6,0.8,0.1,1.2,0.1,0.2,0.25,-2.4,3.4,-0.2,-3.0,0.6,0.2,0.0,0.1,-0.1,4.1,32.8,-368.8,558.6,102.6,-268.1,-0.5,0.7,0.3,-0.2,-0.3,-0.8,0.1,121.28900146484375
2015-07,-0.7,0.1,53.5,56.0,101.4,1.4,-0.1,3.4,223.0,0.3,-41.87,1.174,0.482,1.343,5.49,5.3,201.0,3.9,49.4,78.4,-1.0,0.8,0.3,0.2,1.2,0.1,0.0,0.25,-0.9,3.3,-0.2,-2.4,0.4,0.4,0.1,0.2,-0.1,3.8,34.2,-251.7,1880.9,-47.3,-69.0,0.1,-3.0,-0.7,-2.0,5.3,1.7,0.1,124.07099914550781
2015-06,-1.1,0.0,52.8,55.7,95.4,2.7,1.0,-1.8,280.0,-0.2,-40.88,1.036,0.546,1.275,5.35,5.5,169.0,-2.0,46.2,78.1,-0.4,0.5,0.4,0.3,1.2,0.1,0.3,0.25,0.6,3.3,0.3,-2.1,0.6,0.5,0.1,0.3,0.1,4.0,35.6,-182.5,1326.4,-146.2,-216.0,-1.3,-0.4,-0.2,4.8,8.6,0.4,0.1,122.66999816894531
2015-05,-1.3,-0.2,51.5,57.8,95.2,0.9,0.1,-0.5,223.0,-0.3,-51.37,1.135,0.517,1.143,5.04,5.4,189.0,3.1,52.3,78.2,2.1,0.5,0.1,0.25,1.25,0.1,0.1,0.25,0.1,3.4,0.1,-2.1,0.7,0.6,0.3,0.5,0.2,3.6,35.2,-208.7,2795.3,671.4,-53.4,0.1,-1.2,-1.0,-1.3,-13.0,-1.9,0.1,123.81999969482422
2015-04,-0.8,-0.1,51.5,56.5,101.4,1.3,0.4,4.0,126.0,-0.6,-35.4,0.926,0.481,1.039,5.19,5.5,214.0,-1.2,46.3,78.4,0.2,-0.2,0.3,0.2,1.3,0.1,0.3,0.25,0.5,3.5,0.3,0.7,3.2,2.3,2.2,0.7,0.4,3.6,35.2,3.3,1440.1,-143.1,229.3,1.9,-3.2,0.3,-10.6,1.3,-2.2,0.1,118.97000122070312
2015-03,-0.6,0.0,52.9,56.9,98.8,1.7,0.0,-1.4,264.0,0.1,-42.68,0.897,0.543,1.092,4.89,5.5,250.0,6.9,45.8,79.0,-0.7,-0.4,0.0,0.2,1.4,0.1,0.1,0.25,1.3,3.6,0.0,0.5,3.3,2.2,2.0,2.3,2.2,3.5,36.7,-573.2,61.4,-864.2,-424.6,-0.3,3.6,0.7,-2.9,0.0,-1.9,0.1,120.01300048828125
2015-02,0.0,-0.1,53.5,56.7,103.8,3.3,-1.1,2.0,201.0,-0.3,-45.6,1.081,0.5,1.06,4.82,5.7,253.0,7.8,59.4,79.1,-3.5,-0.7,0.0,-0.2,1.3,0.0,0.5,0.25,1.3,3.4,-1.3,0.3,3.5,2.4,2.2,2.3,2.2,3.4,37.4,-406.1,187.2,-395.6,-1177.5,0.0,2.0,0.0,-5.1,0.1,-0.4,0.1,119.61722564697266
2015-01,1.1,0.8,55.5,56.2,93.1,3.2,-0.9,-3.7,329.0,-0.3,-39.75,1.087,0.482,1.06,5.07,5.6,227.0,10.0,58.3,79.7,-1.7,-0.9,0.2,-0.2,1.35,0.0,-0.2,0.25,0.7,3.5,-0.5,1.8,3.5,2.4,2.5,2.3,2.2,3.6,38.2,-620.7,433.0,-636.8,-660.7,-0.1,-0.8,0.2,-3.4,1.1,-0.2,0.1,117.44999694824219
2014-12,1.4,1.3,58.7,59.3,91.0,5.1,0.5,-2.1,353.0,1.3,-42.25,1.043,0.431,1.052,4.92,5.8,233.0,-1.2,60.8,80.0,-0.7,-1.3,0.2,-0.2,1.4,0.0,0.2,0.25,0.1,3.5,-0.3,2.6,3.6,2.4,2.7,2.1,2.3,3.6,36.7,-925.0,833.4,-766.6,-891.9,1.0,0.7,-0.1,-2.5,0.0,-1.4,0.1,119.45800018310547
2014-11,1.5,1.7,59.0,57.1,94.1,4.1,0.4,0.3,243.0,0.1,-43.6,1.045,0.458,1.08,5.25,5.8,225.0,10.2,66.2,79.3,-0.5,-1.0,0.3,0.1,1.5,0.2,0.1,0.25,0.7,3.6,-0.8,2.9,3.6,2.9,2.9,2.1,2.4,3.2,36.9,-985.1,963.0,-714.5,-736.9,0.0,3.6,1.3,-4.0,0.5,2.7,0.1,118.82599639892578
2014-10,1.6,1.7,56.6,58.6,89.0,4.3,0.0,-0.9,256.0,0.8,-39.99,1.038,0.455,1.031,5.18,5.9,202.0,6.2,60.5,79.2,-10.0,0.2,0.1,0.1,1.5,0.1,0.0,0.25,0.8,3.5,-0.1,3.6,3.5,3.2,3.0,2.5,2.5,3.1,35.3,-1070.1,287.1,-831.8,-958.3,-0.2,-1.7,-0.1,-5.6,1.6,1.9,0.1,109.21299743652344
2014-09,1.8,1.7,59.0,59.6,93.4,5.0,0.3,-18.3,180.0,-0.2,-40.3,0.957,0.466,1.003,5.05,6.1,207.0,27.5,64.3,78.7,10.5,0.4,0.4,0.0,1.5,0.1,0.3,0.25,0.9,3.8,-0.2,3.9,3.5,3.3,3.1,2.8,2.6,3.0,40.5,-912.4,416.7,-828.1,-948.5,-0.4,-0.8,-0.3,-4.7,-0.6,-0.5,0.1,109.38999938964844
2014-08,1.7,2.0,57.1,58.7,90.3,3.7,0.3,22.5,212.0,0.2,-40.81,1.117,0.427,1.052,5.14,6.2,212.0,14.7,52.6,79.1,1.5,-0.7,0.4,0.1,1.5,0.1,0.1,0.25,0.95,3.7,0.3,4.3,3.4,3.4,3.3,2.8,2.7,3.0,42.7,-1021.8,-399.1,-537.1,-964.0,0.6,-3.3,0.0,-5.9,-1.8,0.5,0.1,104.11799621582031
2014-07,1.9,2.1,55.3,56.0,86.4,4.3,0.4,2.7,298.0,0.4,-44.66,0.945,0.422,0.963,5.03,6.1,179.0,25.6,62.6,79.1,-0.6,3.0,0.5,0.2,1.6,0.2,0.2,0.25,1.0,3.5,0.2,4.6,3.7,3.6,3.3,2.8,2.8,3.0,42.6,-1067.8,522.8,-675.9,-822.2,-4.6,-0.7,0.9,-3.0,-1.2,4.6,0.1,102.83999633789062
2014-06,2.0,2.1,55.4,56.3,82.2,4.3,0.1,-1.0,224.0,0.5,-47.04,0.985,0.442,1.005,4.91,6.3,197.0,19.3,65.5,79.1,0.8,-0.1,0.6,0.3,1.7,0.3,0.2,0.25,0.7,3.6,0.3,4.4,3.6,3.7,3.4,3.0,2.8,3.3,45.6,-862.2,187.4,-780.4,-910.8,1.5,-2.2,-5.7,-8.0,-6.7,-13.6,0.1,101.44300079345703
2014-05,2.1,2.0,54.9,55.2,81.7,4.0,0.4,0.8,282.0,-0.3,-44.18,1.071,0.425,1.08,4.66,6.3,215.0,19.0,63.0,78.9,1.5,0.4,0.4,0.2,1.4,0.2,0.0,0.25,0.29999999999999993,3.6,2.9,4.2,3.4,3.4,3.2,3.1,2.8,3.5,48.5,-880.5,116.4,-1133.6,-808.9,-1.1,0.4,2.4,-4.6,16.1,6.3,0.1,101.83299255371094
2014-04,1.4,1.5,53.7,53.1,83.9,3.8,1.0,3.6,203.0,0.9,-41.87,0.947,0.407,1.0,4.59,6.7,178.0,1.3,55.9,79.3,1.5,2.9,0.5,0.15000000000000002,1.25,0.15000000000000002,0.1,0.25,-0.1,3.6,0.0,1.7,0.7,1.6,1.3,2.9,2.7,3.6,54.8,-1626.8,612.7,-553.4,-1446.3,1.7,-2.6,-0.9,-3.55,1.3,0.3,0.1,102.56400299072266
2014-03,0.9,1.1,53.2,51.6,78.3,1.5,0.3,2.2,197.0,1.2,-39.1,0.92,0.449,1.014,4.6,6.7,127.0,5.6,59.8,78.8,-1.0,0.1,0.4,0.1,1.1,0.1,0.4,0.25,-0.2,3.7,-0.2,1.8,0.7,1.5,1.3,1.3,1.0,4.0,55.7,-1184.0,-1589.0,-787.0333333333333,-802.5,-0.1,5.9,1.6,-2.5,0.0,1.4,0.1,102.88899993896484
2014-02,1.2,1.6,51.3,54.0,79.4,2.6,-0.3,-1.3,129.0,-0.2,-38.98,0.909,0.455,0.937,4.62,6.6,227.0,4.5,59.6,78.5,-2.0,0.9,0.5,0.15000000000000002,1.15,0.1,0.2,0.25,0.5,3.7,0.1,2.4,0.7,1.4,1.3,1.1,0.9,4.3,51.9,-1818.8,-638.6,-1020.6666666666666,-2790.0,0.3,2.2,-0.4,1.1,0.1,-1.2,0.1,102.11000061035156
2014-01,1.2,1.5,57.0,53.0,77.5,4.1,0.7,-4.2,75.0,0.3,-34.56,1.048,0.427,0.991,4.87,6.7,229.0,12.5,60.8,78.9,1.5,-1.9,0.4,0.2,1.2,0.1,0.0,0.25,0.55,4.0,0.3,2.5,1.1,1.6,1.3,0.7,0.7,4.3,46.6,-1258.8,-592.8,-1254.3,-1304.2,-0.2,-0.5,0.8,0.7,0.6,2.0,0.1,102.75800323486328
2013-12,0.7,1.2,57.3,53.9,72.0,4.7,0.1,2.6,241.0,1.1,-39.33,1.107,0.474,1.017,4.82,7.0,187.0,2.2,63.0,79.1,-0.5,0.1,0.8,0.0,1.1,0.1,0.2,0.25,0.6,4.0,0.0,2.6,1.0,1.5,1.2,0.9,0.7,4.4,52.5,-1293.8,-127.9,-1091.9,-1292.9,0.5,1.2,-0.9,0.2,-0.4,-1.0,0.1,104.93399810791016
2013-11,0.3,1.0,56.4,55.4,72.4,3.9,0.5,-0.7,200.0,-0.1,-42.97,0.873,0.4563333333333333,0.974,5.12,7.3,145.0,-2.2,65.9,78.2,-0.1,0.7,0.6,0.1,1.2,0.1,0.1,0.25,0.2,4.0,-0.1,2.5,0.8,1.1,0.9,0.9,0.6,4.1,45.8,-1072.5,587.3,-874.8,-1090.7,0.3,1.2,0.0,0.9,0.7,1.7,0.1,102.43000030517578
2013-10,0.3,1.2,56.2,54.4,80.2,3.2,0.3,3.8,163.0,0.7,-38.7,0.882,0.43866666666666665,0.95,5.29,7.2,159.0,1.5,55.7,78.3,-1.25,-0.2,0.4,0.1,1.2,0.15000000000000002,0.1,0.25,-0.2,4.1,0.2,2.2,0.7,1.1,0.7,0.6,0.3,3.9,46.1,-1091.3,161.5,-885.9,-932.1,0.4,-2.1,0.6,3.7,-0.1,0.9,0.1,98.50700378417969
2013-09,1.4,1.5,55.7,58.6,81.8,4.7,0.1,0.2,193.0,0.4,-38.64,0.891,0.421,0.926,5.48,7.3,178.5,6.3,53.0,77.9,-2.4,-0.4,0.4,0.1,1.2,0.2,0.3,0.25,0.1,3.8,0.3,2.4,0.7,0.9,0.8,0.5,0.2,3.7,42.0,-820.8,577.3,-943.3,-960.3,-0.6,3.7,-0.4,-1.6,1.7,-1.7,0.1,97.8270034790039
2013-08,2.1,2.0,55.4,56.0,81.0,5.4,0.6,-8.1,104.0,0.0,-34.54,0.883,0.39,0.954,5.39,7.4,198.0,8.2,52.3,77.6,1.6,-0.5,0.1,0.1,1.1,0.1,0.0,0.25,0.35,3.9,0.6,2.3,0.6,0.7,0.7,0.5,0.4,3.7,38.0,-911.1,336.3,-139.2,-1024.0,1.2,-2.3,-0.3,0.1,3.5,-0.2,0.1,98.1500015258789
2013-07,2.5,1.8,50.9,52.2,82.1,5.7,0.1,3.9,188.0,0.2,-44.1,0.846,0.455,0.911,5.06,7.6,134.0,9.5,51.6,77.7,3.0,0.1,-0.1,0.1,1.15,0.1,0.4,0.25,0.6,4.1,0.1,1.2,0.4,0.2,0.4,0.4,0.3,3.8,36.0,-663.7,540.7,-906.7,-182.3,0.1,2.3,1.2,-0.4,-0.4,1.5,0.1,98.01599884033203
2013-06,1.7,1.4,49.0,53.7,74.3,4.3,0.3,5.2,176.0,0.0,-40.15,0.928,0.459,0.985,5.14,7.6,113.0,7.8,58.7,77.7,1.3,1.0,0.2,0.1,1.2,0.1,0.1,0.25,0.0,4.1,0.0,0.5,0.3,-0.3,0.0,0.0,0.2,3.5,31.6,-777.9,750.0,-818.8,-996.4,-0.3,1.6,-0.5,-1.6,-2.3,0.7,0.1,99.37999725341797
2013-05,0.6,1.1,50.7,53.1,69.0,3.7,0.0,3.6,165.0,-0.4,-37.13,0.856,0.466,1.005,4.97,7.5,131.0,-1.4,49.0,77.7,-4.9,1.5,-0.1,-0.3,1.1,0.0,0.2,0.25,-0.9,4.1,0.4,0.1,-0.4,-0.7,-0.4,-0.2,0.1,3.3,23.1,-702.8,1251.2,-219.9,-881.9,0.6,-0.8,-0.2,1.5,2.5,-1.5,0.1,101.0999984741211
2013-04,1.1,1.5,51.3,54.4,61.9,2.8,-0.4,-5.9,138.0,0.3,-43.6,1.021,0.444,0.89,4.94,7.6,237.0,3.1,52.4,78.3,1.9,-1.7,0.0,-0.1,1.2,0.1,0.0,0.25,-0.8,4.3,0.1,-0.5,-0.2,-0.9,-0.5,-0.7,-0.3,3.0,19.8,-919.8,637.4,-677.0,-362.4,-1.6,0.7,1.2,5.2,-3.7,1.7,0.1,97.86399841308594
2013-03,1.7,2.0,54.2,56.0,68.0,4.6,1.0,4.3,268.0,0.8,-44.45,0.939,0.411,0.968,4.95,7.7,226.0,9.2,56.8,78.3,-1.0,-1.7,0.9,0.4,1.3,0.1,0.1,0.25,0.1,4.2,0.4,-0.1,0.0,-0.7,-0.3,-1.0,-0.5,2.9,15.0,-1086.6,-364.8,-1479.3,-777.5,1.6,1.7,-1.1,0.8,-3.5,-0.2,0.1,94.27999877929688
2013-02,1.4,1.6,53.1,55.2,58.4,4.4,0.4,-3.8,119.0,0.0,-38.14,0.91,0.431,0.904,4.94,7.9,215.0,10.0,55.6,79.2,1.3,2.9,0.3,0.2,1.35,0.05,0.1,0.25,-0.7999999999999999,4.3,0.4,-0.3,-0.2,-0.3,-0.2,-0.9,-0.6,2.7,10.9,-737.3,-264.1,-567.6,-1630.9,-0.4,2.9,1.1,2.4,0.1,0.0,0.1,92.3030014038086
2013-01,1.3,1.7,50.2,56.1,66.7,4.7,0.3,3.7,196.0,0.4,-48.61,0.973,0.378,0.903,4.9,7.8,118.0,-7.8,50.0,79.3,-0.3,1.0,0.2,0.0,1.4,0.0,0.3,0.25,-1.7,4.1,0.2,-0.7,-0.4,-0.1,-0.2,-0.6,-0.5,2.6,11.8,-783.8,-222.4,-847.5,-641.5,0.2,-0.2,-0.4,-0.7,0.9,-0.1,0.1,91.02100372314453
2012-12,1.5,1.8,49.9,54.7,72.2,3.7,-0.1,0.8,161.0,1.0,-42.06,0.851,0.398,0.899,4.99,7.8,157.0,-8.1,50.4,78.7,0.8,1.6,0.3,-0.2,1.5,0.0,0.3,0.25,-0.8,4.2,0.0,-0.9,-0.5,-0.2,-0.1,-0.6,-0.6,2.1,5.0,-852.1,376.9,-450.3,-953.4,-0.3,1.6,-0.1,0.2,-3.2,0.7,0.1,85.95999908447266
2012-11,2.3,2.2,51.7,54.2,70.30000000000001,3.8,0.0,1.1,138.0,-0.7,-40.28,0.888,0.361,0.868,4.76,7.9,162.0,-5.2,49.9,77.7,4.8,1.9,0.7,0.1,1.6,0.1,0.0,0.25,-0.65,4.2,-0.3,-1.0,-0.7,-0.4,0.0,-0.5,-0.5,2.3,10.8,-624.3,503.6,471.3,-551.1,0.0,-5.5,0.2,-0.1,-1.0,-3.5,0.1,82.1510009765625
2012-10,2.1,2.0,51.6,55.1,68.4,5.4,1.2,9.2,148.0,0.2,-43.79,0.863,0.369,0.894,4.69,7.8,189.0,-6.2,49.7,78.2,-5.1,1.7,0.6,0.4,1.6,0.1,0.3,0.25,-0.5,4.2,0.2,-1.5,-0.5,-0.3,-0.1,-0.8,-0.4,2.4,9.0,-959.1,454.7,-644.5,-558.6,-0.6,-2.6,0.3,-0.9,-0.9,1.5,0.1,79.68399810791016
2012-09,2.0,1.7,50.7,53.7,61.3,4.7,1.0,-13.1,142.0,-1.4,-42.47,0.758,0.368,0.803,4.83,8.1,156.0,-10.4,53.0,78.0,-1.2499999999999996,-2.1,0.8,0.4,1.6,0.1,0.0,0.25,-1.6,4.3,0.2,-1.9,-0.3,-0.4,-0.3,-0.7,-0.4,2.4,6.5,-461.9,625.4,-373.6,-755.9,0.2,0.5,-0.7,1.8,-4.4,-1.5,0.1,77.96199798583984
2012-08,0.5,1.4,50.5,52.6,65.4,4.1,0.8,3.3,141.0,0.5,-41.9,0.733,0.374,0.812,4.47,8.3,172.0,-5.9,53.7,79.2,2.6,-1.3,0.1,0.0,1.6,0.0,0.1,0.25,-1.35,4.3,-0.4,-2.2,-0.3,-0.4,-0.3,-0.7,-0.5,2.2,8.6,-371.9,433.3,112.0,-518.9,-0.2,-2.3,0.2,1.7,-2.6,-1.2,0.1,78.52999877929688
2012-07,0.7,1.7,50.2,52.1,62.7,3.8,-0.4,1.6,45.0,0.1,-48.04,0.754,0.359,0.755,4.37,8.2,152.5,7.4,52.9,78.9,0.5,-2.2,0.3,0.1,1.8,0.2,0.3,0.25,-1.1,4.4,-0.6,-1.3,-0.4,-0.2,-0.2,-0.8,-0.6,2.2,5.9,-300.8,215.1,848.2,61.7,0.1,-2.2,0.7,1.6,-0.8,0.7,0.1,78.10099792480469
2012-06,0.7,1.7,52.5,53.7,64.4,5.3,-0.4,1.6,87.0,-0.2,-50.6,0.711,0.382,0.784,4.62,8.2,133.0,2.3,52.7,79.0,-0.7,0.8,0.3,-0.2,1.8,0.1,0.2,0.25,-0.45,4.6,-0.5,-0.7,0.1,0.2,-0.1,-0.6,-0.6,2.2,2.4,-618.3,333.8,463.9,-910.4,-0.3,0.2,-0.2,4.0,-0.6,-0.4,0.1,79.80999755859375
2012-05,1.9,2.3,54.1,53.5,68.7,6.4,-0.3,-0.2,77.0,1.0,-52.62,0.744,0.343,0.723,4.62,8.1,201.0,17.1,56.2,79.2,-2.1,-0.6,0.3,0.0,1.9500000000000002,0.15000000000000002,0.1,0.25,0.2,4.5,0.3,-0.2,0.2,0.4,0.2,-0.5,-0.8,2.6,-0.3,-512.0,1589.4,4.2,-522.0,-0.1,1.3,-0.6,2.6,5.1,-1.2,0.1,78.98200225830078
2012-04,2.8,2.7,53.3,56.0,69.5,6.5,0.8,-3.7,154.0,-0.6,-45.42,0.699,0.332,0.769,4.47,8.2,230.0,6.6,62.2,78.4,1.1,-0.8,0.6,0.2,2.1,0.2,0.2,0.25,0.1,4.5,0.6,0.5,-0.2,0.5,0.2,-0.3,-0.5,3.0,-0.2,-616.6,1177.8,102.1,-82.6,-1.0,-1.7,0.0,3.4,0.2,2.0,0.1,80.3499984741211
2012-03,3.3,2.9,51.9,57.3,71.6,6.5,0.9,1.9,240.0,0.0,-52.52,0.694,0.353,0.715,4.6,8.3,173.0,20.2,64.0,78.7,-1.1,1.9,0.8,0.3,1.9,0.1,0.3,0.25,-0.9,4.55,0.2,0.6,-0.6,0.3,0.1,-0.1,-0.3,2.9,11.3,-321.4,-437.3,-1381.6,32.9,1.6,3.4,-0.6,-2.3,-1.2,3.1,0.1,82.86000061035156
2012-02,4.1,2.9,54.1,56.8,61.5,5.8,1.1,-3.6,275.0,0.4,-50.42,0.706,0.318,0.676,4.63,8.3,325.0,19.5,60.2,78.8,1.4,-3.2,0.6,0.2,1.85,0.1,0.1,0.25,0.1,4.6,-0.1,0.5,-0.2,0.04999999999999999,0.0,-0.2,-0.35,3.1,15.0,-494.3,303.5,-145.8,-1475.0,-1.0,3.1,1.8,-0.8999999999999999,-0.3,0.7,0.1,80.4800033569336
2012-01,4.8,3.0,53.1,52.6,64.8,6.5,-0.5,3.2,203.0,1.0,-47.06,0.689,0.324,0.671,4.38,8.5,227.5,13.5,62.2,78.5,2.2,2.1,0.3,0.1,1.8,0.1,0.1,0.25,-0.04999999999999999,4.5,0.1,1.2,0.1,-0.2,-0.1,-0.3,-0.4,3.2,13.5,-568.7,138.5,-585.1,-205.6,0.8,-2.9,-0.6,0.5,-2.5,-2.0,0.1,76.36000061035156
2011-12,5.7,3.4,52.2,52.0,55.2,6.7,0.3,4.3,100.0,-0.3,-43.27,0.685,0.318,0.68,4.39,8.7,130.0,8.2,62.5,77.9,-0.2,0.5,0.8,0.1,1.7,0.1,0.0,0.25,-0.2,4.5,0.1,1.6,-0.1,-0.5,-0.2,-0.4,-0.3,3.0,19.5,-537.9,562.4,-206.1,-684.7,-0.7,4.1,0.7,-3.2,-1.4,1.4,0.1,77.65899658203125
2011-11,5.9,3.5,51.8,52.9,40.9,7.2,0.6,0.0,100.0,0.7,-44.17,0.627,0.311,0.644,4.25,9.0,116.0,0.6,59.3,77.9,-0.1,1.5,0.0,-0.1,1.7,0.1,0.3,0.25,0.0,4.1,-0.8,1.6,0.1,-0.2,-0.1,-0.8,-0.5,2.8,17.0,-495.7,1584.8,373.2,-280.2,-0.3,-3.6,-0.7,-0.4,-3.6,-1.4,0.1,77.95999908447266
2011-10,6.9,3.9,52.5,53.0,46.4,7.9,0.5,-1.5,210.0,-0.1,-44.92,0.63,0.302,0.589,4.9,9.1,102.5,-8.5,61.3,77.7,0.1,1.8,0.4,0.2,1.6,0.0,0.3,0.25,-0.4,4.3,-0.1,2.5,-0.1,0.0,0.2,-0.5,-0.4,2.7,16.7,-96.7,407.5,533.95,-296.2,0.4,2.4,0.0,-1.9,-2.6,-1.7,0.1,75.73999786376953
2011-09,6.5,3.8,52.5,53.3,45.2,7.2,0.5,-0.1,104.0,0.0,-45.63,0.572,0.29,0.625,5.06,9.1,89.0,-8.8,58.1,77.6,1.1,-0.4,0.5,0.3,1.7,0.2,-0.2,0.25,-0.55,4.7,-0.2,2.6,-0.3,0.2,0.2,-0.2,-0.1,2.7,15.9,-294.4,990.2,694.7,-775.3,2.3,0.6,-0.3,-4.1,0.8,-0.3,0.1,76.76499938964844
2011-08,7.2,3.6,51.4,52.7,59.2,8.5,0.3,4.1,127.0,0.9,-51.6,0.601,0.295,0.601,4.67,9.1,145.0,-7.7,59.8,77.5,2.1,0.7,0.4,0.4,1.6,0.2,0.5,0.25,-0.7,4.6,0.2,2.9,-0.3,0.2,0.1,-0.2,-0.2,3.0,15.0,-160.2,526.9,131.5,70.0,1.8,5.2,1.8,-2.1,-0.5,2.9,0.1,76.70099639892578
2011-07,7.0,3.6,55.3,53.3,57.6,8.1,0.2,-1.3,46.0,0.4,-50.83,0.613,0.303,0.617,4.84,9.2,36.0,-3.8,61.1,76.7,0.6,0.6,0.9,0.30000000000000004,1.4500000000000002,0.2,0.0,0.25,1.0,4.5,0.1,2.6,-0.8,-0.4,-0.2,0.1,0.0,2.9,17.0,-196.5,590.7,772.7,68.6,1.4,12.8,0.8,-4.2,-2.5,2.4,0.1,77.7300033569336
2011-06,7.3,3.6,53.5,54.6,61.7,7.7,0.2,1.9,25.0,-0.1,-43.63,0.549,0.308,0.609,4.81,9.1,177.0,-7.8,56.6,76.7,-0.9,0.7,1.0,0.2,1.3,0.2,0.3,0.25,0.45000000000000007,4.7,-0.1,2.2,-0.9,0.3,0.6,-0.1,0.1,2.7,16.2,-450.0,405.6,-417.5,-855.8,-6.4,-1.1,2.5,-1.9,-1.9,4.1,0.1,80.70999908447266
2011-05,6.8,3.2,60.4,52.8,66.0,7.6,0.5,-2.7,232.0,0.0,-46.82,0.541,0.316,0.563,5.0,9.0,192.0,11.9,67.6,76.7,3.8,-0.4,1.3,0.3,1.1,0.2,0.1,0.25,-0.1,4.6,0.9,2.5,-0.7,0.3,0.6,-0.1,0.1,2.7,23.9,-469.6,1679.1,240.3,-463.7,0.7,-21.5,-5.9,-3.0,-7.5,-7.6,0.1,80.87999725341797
2011-04,5.8,2.7,61.2,57.3,63.8,7.1,1.2,4.4,221.0,0.7,-45.44,0.585,0.305,0.574,5.09,8.8,207.0,21.7,70.6,77.0,1.7499999999999998,2.5,0.7,0.4,0.9,0.1,0.0,0.25,0.09999999999999998,4.6,0.6,2.0,-1.2,0.0,-0.1,-0.1,0.2,2.7,16.9,1.4,1641.0,723.3,196.5,-0.5,2.9,1.0,-8.5,0.5,0.8,0.1,81.52999877929688
2011-03,5.6,2.1,61.4,59.7,72.0,8.9,1.1,-1.1,194.0,0.1,-46.97,0.512,0.281,0.534,4.92,8.9,189.0,17.5,71.2,76.5,-0.3,-0.6,1.0,0.4,0.9,0.2,0.0,0.25,0.3,4.9,0.2,1.7,-1.1,0.0,-0.3,-0.3,-0.3,2.4,5.6,556.0,461.9,-394.5,653.3,-0.3,3.6,-0.1,-0.2,-0.7,4.1,0.1,83.1500015258789
2011-02,3.6,1.6,60.8,59.4,64.8,7.8,0.6,3.6,63.0,0.3,-40.26,0.618,0.31,0.568,5.4,9.0,247.0,15.4,68.8,76.8,1.4,-3.0,1.1,0.3,0.8,0.2,0.4,0.25,0.1,4.9,0.5,1.6,-1.2,0.0,-0.2,-0.1,-0.4,2.3,5.5,268.8,1195.3,768.8,-471.4,-0.2,3.0,-0.8,-1.0,-1.7,-4.1,0.1,81.62200164794922
2011-01,4.0,1.5,58.5,57.1,53.3,7.9,0.3,-0.4,121.0,1.2,-38.32,0.52,0.331,0.627,5.22,9.4,92.0,11.9,66.8,76.8,1.3,4.5,0.4,0.3,0.7,0.0,0.1,0.25,0.15000000000000002,5.1,0.4,1.2,-1.4,0.0,-0.4,-0.1,-0.2,2.3,7.0,579.9,926.2,259.7,725.9,-0.3,1.6,0.6,-3.3,0.1,2.1,0.1,82.08899688720703
2010-12,3.5,1.1,56.6,55.0,54.3,7.7,1.2,-1.3,71.0,0.3,-38.42,0.553,0.287,0.544,4.7,9.8,82.0,9.9,61.9,75.4,-0.7,2.4,0.8,0.3,0.8,0.1,0.1,0.25,0.2,5.1,0.1,0.9,-1.3,0.1,-0.5,-0.2,-0.4,2.6,7.6,536.0,1436.2,912.9,162.8,-0.8,-2.3,0.3,-0.4,0.4,-1.9,0.1,81.4800033569336
2010-11,4.3,1.2,56.9,54.3,49.9,7.3,0.3,-3.1,172.0,-0.2,-44.6,0.534,0.282,0.552,4.43,9.6,-2.0,-11.1,60.2,74.9,3.0,-1.9,1.3,0.5,0.8,0.2,0.3,0.25,0.5,5.0,0.2,0.8,-1.5,0.2,-0.6,0.2,-0.5,2.7,6.4,575.7,1959.8,927.0,821.9,-0.4,-1.1,-0.9,-0.4,-1.7,-2.8,0.1,84.25399780273438
2010-10,4.0,1.1,54.4,53.2,48.5,7.3,0.5,5.0,-41.0,-0.2,-46.48,0.588,0.308,0.539,4.53,9.6,10.0,15.7,60.6,74.8,0.0,1.3,0.6,0.3,1.4,0.1,0.0,0.25,0.0,5.1,0.0,-0.1,-1.3,-0.6,-1.1,0.3,-0.5,2.8,5.8,611.3,1709.9,195.9,791.1,1.0,-0.9,-0.2,0.0,-1.9,1.4,0.1,81.67900085449219
2010-09,3.1,1.1,56.3,51.5,53.2,3.6,0.6,-1.0,-57.0,0.2,-42.58,0.608,0.288,0.571,4.12,9.6,37.0,4.1,56.7,74.8,0.1,1.9,1.1,0.4,1.4,0.1,0.3,0.25,0.9,5.2,0.0,0.0,-1.4,-0.9,-1.0,-0.6,-1.0,2.8,5.6,590.0,1460.0,916.1,103.2,0.2,-0.3,1.6,1.7,-1.2,0.7,0.1,83.76599884033203
2010-08,4.2,1.2,55.5,54.3,51.0,5.5,0.1,0.7,-54.0,1.0,-49.76,0.541,0.288,0.56,3.83,9.5,28.0,7.1,62.3,74.6,-1.2,-2.8,0.5,0.5,1.4,0.1,0.2,0.25,1.8,5.3,-0.1,-0.1,-1.4,-0.9,-1.1,-1.0,-1.1,2.7,5.4,610.4,1360.0,769.0,804.2,0.2,-2.1,-0.1,1.1,-2.6,0.4,0.1,84.53199768066406
2010-07,2.8,1.1,56.2,53.8,54.3,4.8,-0.1,-0.1,-221.0,-0.1,-41.98,0.537,0.315,0.58,5.26,9.5,19.0,5.1,59.1,74.1,-1.4,-0.6,0.1,0.4,1.45,0.1,-0.1,0.25,0.95,5.2,-0.4,0.5,-1.2,-0.7,-1.0,-1.2,-1.3,2.9,3.6,514.5,904.8,391.0,687.0,1.8,0.8,-0.9,0.8,-4.0,-2.0,0.1,86.44999694824219
2010-06,5.3,2.0,59.7,55.4,62.7,6.9,-1.2,-0.8,433.0,1.3,-40.32,0.578,0.267,0.57,5.66,9.7,65.0,19.6,59.7,74.7,1.0,1.6,0.4,0.3,1.5,0.1,0.2,0.25,0.1,5.1,0.1,0.4,-0.9,-0.9,-1.25,-0.9,-1.3,3.1,3.7,320.2,1379.6,859.1,487.0,-0.8,0.0,2.1,0.5,-3.6,0.5,0.1,88.43000030517578
2010-05,5.5,2.2,60.4,55.4,57.7,8.8,0.6,2.9,290.0,0.7,-40.4,0.66,0.446,0.61,5.77,9.9,42.0,19.1,63.8,73.7,1.3,-1.0,0.7,0.2,1.2,0.1,0.1,0.25,1.6,5.0,0.5,-0.1,-1.2,-1.2,-1.5,-1.4,-1.5,2.9,2.9,729.1,1773.0,1074.7,740.5,-2.3,0.6,-3.0,-0.7,-5.0,0.8,0.1,91.19000244140625
2010-04,6.0,2.3,59.6,55.4,52.3,7.6,1.2,0.0,230.0,0.2,-39.4,0.64,0.439,0.69,5.36,9.7,19.0,31.9,58.8,73.1,1.3,4.8,0.4,0.35,1.25,0.05,-0.1,0.25,1.4000000000000001,4.9,0.2,-1.3,-1.3,-1.1,-1.2,-1.5,-1.9,2.7,2.1,666.2,1119.0,778.0,948.9,3.8,0.0,-0.2,4.4,-4.0,0.9,0.1,93.83000183105469
2010-03,4.4,2.1,56.5,53.0,46.0,3.9,0.8,1.1,-14.0,0.3,-37.0,0.616,0.324,0.63,5.01,9.7,-60.0,22.9,62.6,72.7,1.3,1.7,0.2,0.5,1.3,0.0,0.1,0.25,1.2,4.9,0.1,-1.5,-1.2,-1.1,-1.2,-1.7,-1.8,2.9,2.2,471.8,1712.8,197.2,651.0,-0.3,3.9,2.9,1.7,-5.7,2.0,0.1,93.5199966430664
2010-02,4.6,2.6,58.4,50.5,56.5,4.7,0.5,3.9,-26.0,0.9,-39.9,0.61,0.309,0.62,5.05,9.7,-61.0,24.9,61.5,72.5,1.5,-0.6,-0.3,0.3,1.5,0.1,0.2,0.25,1.0,4.9,0.1,-2.1,-1.2,-1.2,-1.3,-1.8,-1.8,2.9,4.9,728.4,1100.5,631.2,85.2,0.2,1.4,-0.9,1.9,-4.6,-1.2,0.1,88.88999938964844
2010-01,4.4,2.7,54.9,49.8,53.6,5.4,-0.2,1.9,-150.0,0.7,-36.4,0.58,0.348,0.65,5.45,10.0,-169.0,15.9,58.7,71.9,1.0,2.0,0.4,0.5,1.45,0.05,0.2,0.25,-0.8999999999999999,5.2,0.1,-3.9,-1.5,-2.0,-1.3,-1.9500000000000002,-2.0,3.1,5.2,655.9,1304.8,490.6,545.3,1.1,3.2,-0.1,2.1,-7.1499999999999995,0.0,0.1,90.2300033569336
2009-12,2.4,1.8,53.6,48.7,50.6,1.9,1.9,-0.4,4.0,0.6,-33.2,0.58,0.37,0.59,6.54,10.0,-195.0,2.6,56.1,71.5,0.8,2.1,0.4,0.7,1.4,0.0,0.2,0.25,-2.8,5.1,0.1,-5.0,-2.0,-1.9,-1.7,-2.1,-1.9,3.3,3.8,492.4,1321.4,949.0,371.3,-0.6,0.2,0.4,2.2,-9.7,-0.9,0.1,92.91000366210938
2009-11,-1.9,-0.2,55.7,50.6,48.7,-1.7,0.2,-0.6,-111.0,0.0,-35.65,0.53,0.4,0.55,6.1,10.2,-211.0,23.5,54.2,70.6,1.6,-1.3,-0.4,0.6,1.4,0.2,0.3,0.25,-1.9,5.3,-0.7,-6.7,-2.2,-2.5,-1.9,-2.2,-1.9,3.4,4.4,419.1,1338.0,599.2,805.4,0.9,1.6,-0.6,1.6,-7.6499999999999995,0.9,0.1,86.25
2009-10,-4.8,-1.3,52.6,50.9,53.4,-5.7,0.4,2.0,-219.0,0.6,-30.8,0.59,0.405,0.57,5.54,9.8,-227.0,34.6,46.1,70.5,-0.8,1.8,-1.6,-0.6,1.3,0.1,0.1,0.25,-2.5,5.5,-0.35,-7.35,-3.2,-2.2,-2.3,-2.4,-2.2,3.0,4.5,58.6,1233.6,303.7,525.3,0.5,2.3,0.3,1.0,-5.6,1.0,0.1,90.31999969482422
2009-09,-4.3,-1.5,52.9,48.4,54.5,-5.3,1.1,-2.6,-201.0,1.2,-31.85,0.59,0.417,0.58,5.09,9.7,-360.0,18.9,50.0,69.9,1.4,-0.3,-1.1,-0.14999999999999997,1.35,0.1,0.4,0.25,-3.1,5.7,0.0,-8.0,-3.5,-2.2,-2.4,-2.1,-2.1,2.8,6.1,173.5,1159.0,437.3,183.3,0.2,3.9,0.6,-0.5,-6.15,0.35000000000000003,0.1,89.87000274658203
2009-08,-6.8,-2.1,48.9,46.4,47.4,-8.3,-0.5,4.9,-276.0,1.0,-27.49,0.59,0.433,0.56,5.24,9.4,-473.0,12.1,43.4,69.0,0.9,0.8,-1.4,0.3,1.4,0.1,0.3,0.25,-5.6,5.4,0.4,-8.5,-3.4,-2.2,-2.2,-1.7,-1.9,2.7,6.1,222.1,1798.8,602.2,377.9,0.7,2.3,0.2,-2.0,-6.7,-0.3,0.1,92.87000274658203
2009-07,-4.6,-1.4,44.8,47.0,49.3,-9.0,0.5,-1.3,-467.0,-0.4,-25.97,0.59,0.395,0.57,4.89,9.5,-485.0,-0.6,39.9,68.1,1.1,2.5,-1.2,0.2,1.6,0.1,0.0,0.25,-4.15,5.2,-0.4,-6.6,-3.2,-1.8,-1.7,-1.8,-1.7,2.7,6.1,374.1,1015.8,387.3,507.5,2.6,8.0,-0.3,0.2,-6.5,0.1,0.1,94.63999938964844
2009-06,-5.0,-1.3,42.8,44.0,54.8,-9.6,0.4,1.3,-322.0,-1.2,-28.79,0.53,0.342,0.518,4.77,9.4,-491.0,-9.4,34.9,68.2,0.5,1.1,-1.3,0.1,1.8,0.1,0.2,0.25,-2.7,5.0,-0.5,-5.5,-3.0,-1.1,-1.1,-1.5,-1.3,2.7,7.9,309.5,966.3,184.3,298.2,-1.8,10.2,2.2,0.3,-6.7,0.6,0.1,96.33100128173828
2009-05,-3.7,-0.7,40.1,43.7,40.8,-10.1,-0.2,1.9,-504.0,-0.7,-28.53,0.45,0.344,0.5,4.66,8.9,-708.0,-4.6,40.1,69.1,-0.9,0.4,-1.0,-0.09999999999999998,1.8,0.15000000000000002,0.1,0.25,-3.9,4.8,-0.6,-4.0,-2.4,-0.1,-0.1,-0.8,-0.7,2.7,8.2,81.7,902.3,132.9,69.0,-2.3,0.8,-2.8,-1.3,-8.1,-1.1,0.1,95.31199645996094
2009-04,-3.5,-0.4,36.3,40.8,26.9,-9.4,-1.2,-0.8,-699.0,-1.7,-26.13,0.53,0.351,0.516,4.55,8.5,-697.0,-14.7,31.4,69.4,0.7,-0.6,-1.4,-0.3,1.8,0.2,0.2,0.25,-3.3,4.4,-0.3,-2.5,-2.1,-0.3,-0.1,-0.2,0.0,2.2,6.9,-97.1,685.0,202.1,10.3,-1.7,-11.9,-0.8,-0.4,-8.1,-0.2,0.1,98.69000244140625
2009-03,-1.3,0.2,35.8,41.6,25.3,-8.6,1.0,2.1,-651.0,-1.5,-36.2,0.572,0.358,0.564,4.72,8.1,-522.0,-38.2,34.2,70.3,-3.5,3.9,-1.1,0.4,1.8,0.2,0.2,0.25,-2.7,4.1,-0.5,-1.6,-2.6,-0.1,0.0,0.2,0.4,2.1,6.4,71.1,258.0,-844.4,82.1,-2.6,-12.9,0.4,-3.5,-1.1,-0.1,0.1,98.97000122070312
2009-02,1.0,0.0,35.6,42.9,37.7,-9.7,1.6,-4.5,-655.0,-1.9,-39.9,0.47,0.322,0.52,4.49,7.6,-659.0,-34.7,33.3,71.9,-4.9,-3.0,-1.3,-1.0,1.7,0.0,0.3,0.25,-0.8,4.4,-0.8,-0.3,-2.4,0.0,0.0,0.5,0.6,2.0,3.9,-400.0,407.5,-197.9,-956.9,-2.3,-11.8,-1.6,-5.9,-6.3,-1.9,0.1,97.66999816894531
2009-01,-0.9,0.1,32.4,40.1,38.6,-9.8,-3.1,-4.6,-577.0,-2.4,-41.58,0.56,0.344,0.547,4.74,7.2,-476.0,-22.2,35.1,73.3,-6.5,-5.5,-1.1,-0.9,1.7999999999999998,0.0,0.3,0.25,-0.75,3.9,-1.1,1.1,-2.5,0.4,0.0,0.5,0.5,1.8,1.8,-214.2,557.0,-93.4,-322.3,-0.5,-9.4,-1.1,-4.6,-3.2,-0.1,0.1,89.91999816894531
2008-12,0.4,1.1,36.2,37.3,44.9,-7.4,-2.5,-3.7,-584.0,-1.3,-56.69,0.651,0.388,0.615,4.45,6.7,-179.0,-27.9,33.8,75.2,-6.0,0.6,-0.6,-0.8,1.9,0.0,0.4,0.25,-0.7,3.7,-1.9,2.8,-2.0,1.0,1.0,0.8,0.8,1.7,1.9,-367.6,1113.2,145.0,-225.2,-0.1,-3.9,0.4,-0.5,-4.3,-0.6,0.1,90.6500015258789
2008-11,5.2,3.7,38.9,44.4,38.0,-4.1,-2.4,-6.2,-320.0,1.5,-56.56,0.791,0.419,0.73,4.91,6.5,-26.0,-25.4,37.8,76.0,-2.5,-4.4,-0.2,-1.0,2.1,0.0,0.2,0.875,0.1,4.0,-1.6,4.8,-1.4,1.7,1.9,1.1,1.1,1.8,1.4,-247.9,970.5,247.1,-67.7,-1.8,1.6,-0.6,-3.8,-3.3,-0.5,0.3,95.33999633789062
2008-10,8.7,4.9,43.5,50.2,61.4,-1.0,-0.6,-0.2,-284.0,-3.7,-59.08,0.82,0.457,0.805,5.18,6.1,-37.0,-24.6,56.7,75.5,-4.3,-1.0,0.3,-0.3,2.4,0.2,0.2,1.5,-0.3,4.2,-0.4,6.8,0.1,2.1,2.3,1.2,1.5,2.2,0.9,33.0,903.2,-236.0,95.1,0.8,-3.5,-1.4,-2.3,-2.2,0.7,0.5,98.44000244140625
2008-09,9.6,5.4,49.9,50.6,58.5,1.6,-0.7,-5.5,-73.0,-1.0,-61.31,0.895,0.452,0.872,4.91,6.1,-14.0,-7.4,57.9,78.7,0.7,-3.0,1.1,0.0,2.6,0.2,0.4,2.0,0.3,4.0,-0.1,7.2,1.4,2.1,2.4,1.4,1.7,2.4,-0.2,-113.3,1555.9,232.2,-324.0,-0.9,1.4,1.2,-4.0,-0.7,0.0,0.5,106.06999969482422
2008-08,9.8,5.6,50.0,49.5,51.9,2.6,0.3,0.8,-51.0,0.1,-58.8,0.954,0.52,0.937,5.0,5.7,9.0,2.8,50.8,79.9,2.1,0.7,0.7,0.1,2.4,0.3,0.3,2.0,0.25,4.1,2.0,7.1,1.3,2.3,2.4,1.3,1.5,2.1,-0.7,172.4,1290.7,252.1,91.1,0.4,-1.7,-0.8,-0.5,-3.9,0.0,0.5,108.43000030517578
2008-07,9.2,5.0,50.2,48.2,51.0,3.0,0.8,1.3,-51.0,0.4,-59.2,1.066,0.503,1.091,4.86,5.5,25.0,-4.9,49.6,79.8,0.6,2.4,0.3,0.45,2.25,0.2,0.6,2.0,0.2,4.0,0.8,5.6,1.2,2.0,1.9,1.6,1.6,2.3,-0.5599999999999998,135.4,2000.6,529.4,138.6,0.8,2.2,-0.2,-1.8,-2.1,0.2,0.5,107.80999755859375
2008-06,7.2,4.2,49.6,51.7,58.1,2.5,1.2,0.1,-49.0,-0.2,-60.5,0.978,0.533,0.978,4.99,5.5,19.0,-8.7,49.1,79.4,1.3,-0.9,0.5,0.8,2.1,0.1,0.3,2.0,0.6,4.0,1.1,4.7,0.6,1.3,1.5,1.5,1.3,2.0,-0.41999999999999993,642.3,1510.7,634.7,365.6,0.5,105.9,1.8,-3.2,-2.2,-0.1,0.5,106.12000274658203
2008-05,6.5,3.9,48.6,52.0,62.8,2.0,1.0,-1.0,-28.0,-0.7,-56.49,1.008,0.525,0.982,4.89,5.0,13.0,-3.2,48.3,79.6,1.5,1.9,0.2,0.4,2.1,0.1,0.1,2.0,1.5,3.8,0.6,3.7,0.5,0.8,0.9,0.9,0.9,1.9,-0.2799999999999999,609.2,2096.6,1250.7,485.0,-1.4,102.6,0.3,-2.7,0.2,0.5,0.5,105.43000030517578
2008-04,6.9,4.0,48.6,49.6,65.9,2.0,0.1,-0.3,-80.0,0.2,-61.71,0.954,0.526,0.932,4.93,5.1,-18.0,0.6,48.2,80.4,-0.9,1.5,0.5,0.25,2.05,0.1,0.3,2.0,1.5,3.9,0.5,3.9,0.4,1.2,1.2,0.6,0.7,2.2,-0.1399999999999999,770.0,1461.1,1035.3,1118.6,0.0,106.3,-1.7,-1.6,1.3,-1.0,0.5,103.94300079345703
2008-03,6.4,4.0,48.3,49.3,76.4,2.6,-0.1,-0.9,-76.0,-0.7,-58.96,1.075,0.575,0.984,5.03,4.8,9.5,-22.2,44.5,80.3,-2.3,-2.6,0.9,0.1,2.0,0.1,0.3,2.25,1.0,3.8,0.4,3.4,0.7,1.0,1.0,0.6,0.6,2.3,0.0,610.0,2074.7,85.8,970.0,-0.2,107.4,0.4,0.0,-1.9,0.8,0.5,99.8499984741211
2008-02,7.4,4.3,50.7,44.6,87.9,3.9,0.5,-4.7,-22.0,0.1,-57.9,1.071,0.601,1.048,4.89,4.9,37.0,-11.7,51.5,81.5,2.0,-1.6,0.7,0.4,2.2,0.3,0.2,2.625,-0.34999999999999987,3.8,0.2,3.0,0.8,0.7,0.8,0.4,0.4,2.2,0.14,861.9,1832.6,1013.0,-794.3,-0.5,110.2,-0.6,3.6,-1.5,-0.8,0.5,103.7699966430664
2008-01,6.3,4.1,48.4,53.9,88.6,4.1,-0.3,4.4,82.0,0.1,-63.12,1.004,0.605,1.08,4.91,5.0,173.0,9.0,56.4,81.5,1.7,2.6,0.4,0.3,2.2,0.2,0.4,3.0,-1.7,3.8,0.4,2.6,1.4,0.7,0.8,0.2,0.4,2.1,0.28,640.0,2164.0,932.7,877.0,1.2,108.4,0.1,2.2,0.4,0.3,0.5,106.2509994506836
2007-12,7.2,4.3,50.8,54.1,87.8,6.3,1.8,0.5,115.0,0.3,-57.82,1.162,0.634,1.08,5.0,4.7,146.0,9.8,52.9,81.6,0.7,-0.4,0.1,1.0,2.2,0.2,0.5,4.25,-0.2,4.0,0.2,2.3,1.4,0.6,0.4,0.4,0.3,2.0,0.42,830.0,2229.0,1132.9166666666665,791.0,-1.6,110.2,1.1,-0.6,-1.8,0.3,0.5,111.6500015258789
2007-11,6.1,3.5,50.9,55.8,95.2,5.2,0.4,-0.4,170.0,-0.7,-57.12,1.232,0.711,1.17,4.98,4.7,119.0,27.4,49.7,81.4,0.3,-0.9,0.4,0.4,2.0,0.2,0.1,4.375,-0.35,4.0,0.05000000000000002,2.4,1.4,0.3,0.1,0.3,0.1,2.0,0.5599999999999999,1072.6,2242.0,1333.1333333333332,1018.6,1.0,108.6,-1.6,0.6,-2.0,-1.5,0.5,111.76000213623047
2007-10,4.4,2.8,52.0,54.8,99.5,5.0,0.3,-1.4,96.0,0.2,-56.8,1.193,0.716,1.261,5.03,4.7,27.0,28.8,54.2,82.1,-3.5,1.1,0.3,0.5,1.9,0.15000000000000002,0.3,4.5,-0.5,3.8,-0.1,1.7,1.4,-0.2,-0.1,0.1,0.0,1.7,0.7,1034.3,2081.0,1533.35,1635.9,-0.4,109.7,1.3,3.2,-2.9,3.9,0.5,115.38999938964844
2007-09,2.2,2.0,52.9,55.8,105.0,3.7,-0.4,-5.3,93.0,0.0,-59.0,1.327,0.735,1.307,5.48,4.6,48.0,14.7,53.8,82.0,0.10000000000000009,-1.8,0.5,0.6,1.8,0.1,0.3,4.75,-0.5,3.6,0.0,1.9,1.4,-0.2,-0.1,-0.2,-0.1,1.58,0.7,1144.9,1856.0,1733.5666666666666,743.2,0.2,109.02,-0.5,1.6,-3.8,-2.5,0.5,114.81999969482422
2007-08,4.0,2.4,53.8,55.8,111.9,3.2,0.7,6.1,68.0,0.5,-59.43,1.367,0.867,1.389,5.75,4.6,150.0,25.1,53.4,82.2,3.7,3.4,0.4,0.4,1.9,0.1,0.3,5.25,-0.5,3.7,0.6,2.1,1.4,-0.1,-0.1,-0.3,0.0,1.46,0.7,878.3,2004.0,1933.7833333333333,822.6,-0.3,108.34,0.1,-0.1,0.9,-0.8,0.5,115.7699966430664
2007-07,3.3,2.7,56.0,60.7,105.3,3.8,-0.4,1.9,69.0,0.6,-59.16,1.467,0.846,1.413,5.76,4.5,123.5,26.5,60.2,81.7,-0.5,-0.5,0.5,0.2,1.9,0.1,0.3,5.25,-0.5,3.8,0.1,2.3,1.4,-0.2,-0.1,-0.1,-0.1,1.34,0.7,823.8,2152.0,2134.0,1227.0,1.2,107.66,-0.1,0.1,-0.8,-0.9666666666666668,0.5,118.41999816894531
2007-06,4.1,2.7,55.0,59.7,108.5,5.0,-1.1102230246251565e-16,-2.3,190.0,-0.1,-58.5,1.434,0.893,1.52,5.99,4.5,97.0,25.8,61.7,81.4,0.5,-0.2,0.4,0.6,2.0,0.1,0.1,5.25,-0.5,3.8,0.5,2.2,1.4,0.0,-0.1,-0.2,-0.1,1.22,0.7,823.8,2300.0,2134.0,799.7,-1.4,106.98,1.7,0.1,-1.8,-1.1333333333333333,0.5,123.16000366210938
2007-05,3.2,2.6,54.7,56.0,108.5,3.2,0.39999999999999997,1.1,80.0,0.4,-62.39,1.506,0.93,1.4885000000000002,6.01,4.5,97.0,25.8,61.7,81.5,4.1,2.5,0.0,0.5,2.15,0.1,0.06666666666666667,5.25,-0.5,3.8,0.65,2.2,1.4,-0.1,-0.1,0.0,-0.1,1.1,0.7,823.8,2400.0,2134.0,922.8,-1.4,106.3,0.3999999999999999,0.1,-1.8,-1.1333333333333333,0.5,121.75
