Date,producer-price-index-yy european-union,consumer-price-index-yy european-union,markit-manufacturing-pmi european-union,markit-services-pmi european-union,consumer-confidence-indicator european-union,retail-sales-yy european-union,industrial-production-yy european-union,trade-balance european-union,construction-output-yy european-union,unemployment-rate european-union,markit-composite-pmi european-union,ecb-deposit-rate-decision european-union,zew-indicator-of-economic-sentiment european-union,ecb-interest-rate-decision european-union,average-weekly-earnings-regular-pay united-kingdom,average-weekly-earnings-total-pay united-kingdom,claimant-count-change united-kingdom,unemployment-rate united-kingdom,cpi-yy united-kingdom,core-cpi-mm united-kingdom,core-cpi-yy united-kingdom,ppi-input-mm united-kingdom,ppi-input-yy united-kingdom,ppi-output-mm united-kingdom,ppi-output-yy united-kingdom,rpi-mm united-kingdom,rpi-yy united-kingdom,boe-interest-rate-decision UK,snb-interest-rate-decision Switzerland,EURGBP
2022-07,37.2,8.1,52.0,52.8,-23.6,3.9,-2.0,-31.7,3.0,6.8,51.9,-0.5,-28.0,0.0,4.2,6.8,-19.7,3.8,9.1,0.5,5.9,2.1,22.1,1.6,15.7,0.7,11.7,1.25,-0.25,0.8611999750137329
2022-06,36.8,8.1,54.4,56.3,-21.1,0.8,-0.8,-17.6,3.3,6.8,54.9,-0.5,-29.5,0.0,4.2,7.0,-56.9,3.7,9.0,0.7,6.2,1.1,18.6,2.3,14.0,3.4,11.1,1.0,-0.75,0.8518199920654297
2022-05,31.4,7.5,55.3,57.7,-16.9,5.0,2.0,-9.4,9.4,6.8,55.8,-0.5,-43.0,0.0,4.0,5.4,-46.9,3.8,7.0,0.9,5.7,5.2,19.2,2.0,11.9,1.0,9.0,0.75,-0.75,0.8347399830818176
2022-04,30.6,5.9,57.0,55.5,-18.7,7.8,-1.3,-7.7,4.1,6.8,54.5,-0.5,-38.7,0.0,3.8,4.8,-48.1,3.9,6.2,0.8,5.2,1.4,14.7,0.8,10.1,0.8,8.2,0.75,-0.75,0.8492699861526489
2022-03,26.2,5.1,58.7,51.1,-8.8,2.0,1.6,-9.7,-3.9,7.0,55.8,-0.5,48.6,0.0,3.7,4.3,-31.9,4.1,5.5,-0.4,4.4,0.9,13.6,1.2,9.9,0.0,7.8,0.5,-0.75,0.8359900116920471
2022-02,23.7,5.0,58.0,51.2,-8.3,7.8,-1.5,-1.3,0.5,7.2,52.4,-0.5,49.4,0.0,3.8,4.2,-43.3,4.1,5.4,0.5,4.2,-0.2,13.5,0.3,9.3,1.1,7.5,0.25,-0.75,0.8320099711418152
2022-01,21.9,4.9,58.0,53.3,-8.3,1.4,3.3,2.4,4.4,7.3,55.4,-0.5,26.8,0.0,4.3,4.9,-49.7,4.2,5.1,0.5,4.0,1.0,14.3,0.9,9.1,0.7,7.1,0.25,-0.75,0.8385499715805054
2021-12,16.0,4.9,58.6,56.6,-6.8,2.5,5.2,6.1,1.5,7.4,55.8,-0.5,25.9,0.0,4.9,5.8,-14.9,4.3,4.2,0.7,3.4,1.4,13.0,1.1,8.0,1.1,6.0,0.1,-0.75,0.8480600118637085
2021-11,13.4,4.1,58.5,54.7,-4.8,0.0,5.1,11.1,-1.6,7.4,54.3,-0.5,21.0,0.0,6.0,7.2,-51.1,4.5,3.1,0.4,2.9,0.4,11.4,0.5,6.7,0.4,4.9,0.1,-0.75,0.8429700136184692
2021-10,12.1,3.0,58.7,59.0,-4.0,3.1,7.7,13.4,3.3,7.6,56.1,-0.5,31.1,0.0,6.8,8.3,-58.6,4.6,3.2,0.7,3.1,0.4,11.0,0.7,5.9,0.6,4.8,0.1,-0.75,0.8637999892234802
2021-09,10.2,2.2,62.8,59.7,-5.3,5.0,9.7,12.4,2.8,7.6,59.5,-0.5,42.7,0.0,7.4,8.8,-7.8,4.7,2.0,0.0,1.8,0.8,9.9,0.6,4.9,0.5,3.8,0.1,-0.75,0.857200026512146
2021-08,9.6,1.9,62.6,60.4,-4.4,9.0,20.5,9.4,13.6,7.7,60.6,-0.5,61.2,0.0,6.6,7.3,-114.7,4.8,2.5,0.5,2.3,-0.1,9.1,0.4,4.3,0.7,3.9,0.1,-0.75,0.8477100133895874
2021-07,7.6,1.9,63.1,58.0,-3.3,23.9,39.3,9.4,42.3,8.0,59.2,-0.5,81.3,0.0,5.6,5.6,-92.6,4.7,2.1,0.8,2.0,1.1,10.7,0.5,4.6,0.3,3.3,0.1,-0.75,0.8597699999809265
2021-06,4.3,1.6,62.8,55.1,-5.1,12.0,10.9,13.0,18.3,8.0,53.8,-0.5,84.0,0.0,4.6,4.0,-15.1,4.8,1.5,0.3,1.3,1.2,9.9,0.4,3.9,1.4,2.9,0.1,-0.75,0.8583999872207642
2021-05,1.5,1.6,63.3,50.3,-8.1,-2.9,-1.6,18.4,-5.8,8.1,53.7,-0.5,66.3,0.0,4.4,4.5,10.2,4.9,0.7,0.4,1.1,1.3,5.9,0.5,1.9,0.3,1.5,0.1,-0.75,0.8690999746322632
2021-04,0.0,0.9,62.4,45.7,-10.8,-6.4,0.1,24.2,-1.9,8.1,52.5,-0.5,74.0,0.0,4.2,4.8,86.5,5.0,0.4,0.0,0.9,0.6,2.6,0.6,0.9,0.5,1.4,0.1,-0.75,0.8527899980545044
2021-03,-1.1,0.9,54.8,44.7,-14.8,0.6,-0.8,27.5,-2.3,8.3,48.1,-0.5,69.6,0.0,4.1,4.7,-20.0,5.1,0.7,-0.5,1.4,0.7,1.3,0.4,-0.2,-0.3,1.4,0.1,-0.75,0.8626199960708618
2021-02,-1.9,-0.3,54.7,45.0,-15.5,-2.9,-0.6,25.1,-1.3,8.3,47.5,-0.5,58.3,0.0,3.6,3.6,7.0,5.0,0.6,0.3,1.4,0.8,0.2,0.3,-0.4,0.6,1.2,0.1,-0.75,0.8791800141334534
2021-01,-2.0,-0.3,55.5,47.3,-13.9,4.3,-3.8,25.9,-1.4,8.4,49.8,-0.5,54.4,0.0,2.8,2.7,64.3,4.9,0.3,-0.1,1.1,0.2,-0.5,0.2,-0.8,-0.3,0.9,0.1,-0.75,0.9023600220680237
2020-12,-2.4,-0.3,53.6,41.3,-17.6,2.2,-6.8,24.0,-2.5,8.4,45.1,-0.5,32.8,0.0,1.9,1.3,-29.8,4.8,0.7,0.2,1.5,0.2,-1.3,0.0,-1.4,0.0,1.3,0.1,-0.75,0.8978899717330933
2020-11,-2.5,-0.3,54.4,48.0,-15.5,3.7,-7.2,21.9,-0.9,8.1,50.4,-0.5,52.3,0.0,0.8,0.0,28.0,4.5,0.5,0.6,1.3,1.1,-3.7,-0.1,-0.9,0.3,1.1,0.1,-0.75,0.9030500054359436
2020-10,-3.3,-0.2,51.7,47.6,-13.9,0.4,-7.7,20.3,-3.8,7.9,50.1,-0.5,73.9,0.0,0.2,-1.0,73.7,4.1,0.2,-0.6,0.9,-0.4,-5.8,0.0,-0.9,-0.3,0.5,0.1,-0.75,0.9126399755477905
2020-09,-3.7,0.4,51.7,50.1,-14.7,1.3,-12.3,17.1,-5.9,7.9,51.6,-0.5,64.0,0.0,-0.2,-1.2,94.4,3.9,1.0,0.4,1.8,1.8,-5.7,0.3,-0.9,0.5,1.6,0.1,-0.75,0.8922899961471558
2020-08,-5.0,0.4,51.1,55.1,-15.0,-5.1,-20.9,8.0,-11.9,7.8,54.8,-0.5,59.6,0.0,0.7,-0.3,-28.1,3.9,0.6,0.2,1.4,2.4,-6.4,0.3,-0.8,0.2,1.1,0.1,-0.75,0.904990017414093
2020-07,-4.5,0.3,46.9,47.3,-14.7,-19.6,-28.0,1.2,-28.4,7.3,47.5,-0.5,58.6,0.0,1.7,1.0,528.9,3.9,0.5,0.0,1.2,0.3,-10.0,-0.3,-1.4,-0.1,1.0,0.1,-0.75,0.9135599732398987
2020-06,-2.8,0.1,39.5,12.0,-18.8,-9.2,-12.9,23.5,-15.4,7.3,30.5,-0.5,46.0,0.0,2.7,2.4,856.5,3.9,0.8,0.1,1.4,-5.1,-9.8,-0.7,-0.7,0.0,1.5,0.1,-0.75,0.8953099846839905
2020-05,-1.3,0.4,44.5,11.7,-22.7,3.0,-1.9,25.8,-0.9,7.4,13.5,-0.5,25.2,0.0,2.9,2.8,12.2,4.0,1.5,0.1,1.6,-3.6,-2.9,-0.2,0.3,0.2,2.6,0.25,-0.75,0.8720800280570984
2020-04,-0.5,1.2,44.8,28.4,-11.6,1.7,-1.9,17.3,6.0,7.4,31.4,-0.5,-49.5,0.0,3.1,3.1,17.3,3.9,1.7,0.6,1.7,-1.2,-0.5,-0.3,0.4,0.5,2.5,0.25,-0.75,0.8914200067520142
2020-03,-0.7,1.4,49.1,52.8,-6.6,1.3,-4.1,22.2,-3.7,7.4,51.3,-0.5,10.4,0.0,3.2,2.9,5.5,3.8,1.8,-0.6,1.6,0.9,2.1,0.3,1.1,-0.4,2.7,0.75,-0.75,0.8605999946594238
2020-02,-1.4,1.4,47.8,52.2,-8.1,2.2,-1.5,19.2,1.4,7.4,50.9,-0.5,25.6,0.0,3.4,3.2,14.8,3.8,1.3,0.0,1.4,0.1,-0.1,0.0,0.9,0.3,2.2,0.75,-0.75,0.8427299857139587
2020-01,-1.9,1.0,45.9,52.4,-8.1,1.4,-2.2,24.5,0.3,7.4,50.6,-0.5,11.2,0.0,3.5,3.2,28.8,3.8,1.5,0.2,1.7,-0.3,-2.7,-0.2,0.5,0.2,2.2,0.75,-0.75,0.8542600274085999
2019-12,-1.2,1.0,46.6,52.2,-7.2,3.1,-1.7,18.3,-0.7,7.5,50.3,-0.5,-1.0,0.0,3.6,3.6,33.0,3.8,1.5,0.1,1.7,-1.3,-5.1,-0.1,0.8,-0.2,2.1,0.75,-0.75,0.8511899709701538
2019-11,-0.8,0.8,45.7,51.6,-7.6,2.1,-2.8,20.3,1.2,7.5,50.2,-0.5,-23.5,0.0,3.8,3.8,21.1,3.9,1.7,0.2,1.7,-0.8,-2.8,-0.1,1.2,-0.2,2.4,0.75,-0.75,0.8643800020217896
2019-10,0.2,1.0,47.0,52.0,-6.5,2.2,-2.0,19.0,1.1,7.4,50.4,-0.5,-22.4,0.0,3.8,4.0,28.2,3.8,1.7,0.4,1.5,-0.1,-0.8,-0.1,1.6,0.8,2.6,0.75,-0.75,0.8899999856948853
2019-09,0.7,1.0,47.0,53.4,-7.1,2.6,-2.6,17.9,1.0,7.5,51.8,-0.5,-43.6,0.0,3.9,3.7,27.9,3.9,2.1,0.1,1.9,0.9,1.3,0.3,1.8,0.0,2.8,0.75,-0.75,0.9074900150299072
2019-08,1.6,1.1,46.4,53.3,-6.6,1.3,-0.5,20.2,2.0,7.5,51.5,-0.4,-20.3,0.0,3.6,3.4,38.0,3.8,2.0,0.0,1.8,-1.4,-0.3,-0.1,1.6,0.1,2.9,0.75,-0.75,0.9174100160598755
2019-07,2.6,1.2,47.8,53.4,-7.2,1.5,-0.4,15.3,3.9,7.6,51.8,-0.4,-20.2,0.0,3.4,3.1,23.2,3.8,2.0,0.2,1.7,0.0,1.3,0.3,1.8,0.3,3.0,0.75,-0.75,0.8970999717712402
2019-06,2.9,1.7,47.7,52.8,-6.5,1.9,-0.6,17.9,6.3,7.6,51.5,-0.4,-1.6,0.0,3.3,3.2,24.7,3.8,2.1,0.3,1.8,1.1,3.8,0.3,2.1,1.1,3.0,0.75,-0.75,0.8827099800109863
2019-05,3.0,1.4,47.5,52.5,-7.9,2.8,-0.3,19.5,5.2,7.7,51.3,-0.4,4.5,0.0,3.4,3.5,28.3,3.9,1.9,0.2,1.8,-0.2,3.7,0.3,2.4,0.0,2.4,0.75,-0.75,0.8648499846458435
2019-04,3.0,1.5,47.6,52.7,-7.2,2.2,-1.1,17.0,-0.7,7.8,51.3,-0.4,-2.5,0.0,3.4,3.4,27.1,3.9,1.9,0.5,1.8,0.6,3.7,0.1,2.2,0.7,2.5,0.75,-0.75,0.8611999750137329
2019-03,3.0,1.4,49.2,52.3,-7.4,0.8,-4.2,15.6,0.7,7.8,51.4,-0.4,-16.6,0.0,3.4,3.4,14.2,4.0,1.8,-0.8,1.9,-0.1,2.9,0.0,2.1,-0.9,2.5,0.75,-0.75,0.8544399738311768
2019-02,4.0,1.6,50.5,50.8,-7.9,1.1,-3.3,15.1,0.9,7.9,50.7,-0.4,-20.9,0.0,3.3,3.4,20.8,4.0,2.1,0.3,1.9,-1.0,3.7,-0.3,2.5,0.4,2.7,0.75,-0.75,0.8754000067710876
2019-01,4.9,1.9,51.4,51.4,-6.2,1.7,1.2,12.5,1.8,7.9,51.3,-0.4,-21.0,0.0,3.3,3.3,21.9,4.1,2.3,0.3,1.8,-2.3,5.6,0.2,3.1,0.0,3.2,0.75,-0.75,0.9013299942016602
2018-12,4.5,2.0,51.5,53.7,-3.9,0.8,0.9,13.4,4.6,8.1,52.4,-0.4,-22.0,0.0,3.2,3.0,20.2,4.1,2.4,0.0,1.9,0.8,10.0,0.3,3.3,0.1,3.3,0.75,-0.75,0.8910999894142151
2018-11,4.2,2.1,53.2,54.7,-2.7,1.8,0.9,16.6,2.5,8.1,54.1,-0.4,-19.4,0.0,3.1,2.7,18.6,4.0,2.4,0.0,1.9,1.3,10.3,0.4,3.1,0.0,3.3,0.75,-0.75,0.8925999999046326
2018-10,4.0,2.1,53.3,54.7,-2.9,1.1,-0.1,12.8,2.6,8.1,54.2,-0.4,-7.2,0.0,2.9,2.6,8.7,4.0,2.7,0.8,2.1,0.5,8.7,0.2,2.9,0.9,3.5,0.75,-0.75,0.8920000195503235
2018-09,3.6,2.0,54.6,54.4,-1.9,1.2,2.5,16.7,2.6,8.2,54.4,-0.4,-11.1,0.0,2.7,2.4,6.2,4.0,2.5,-0.1,1.9,0.5,10.9,0.0,3.1,0.1,3.2,0.75,-0.75,0.8965100049972534
2018-08,3.0,2.1,55.1,54.4,-0.6,1.4,2.4,16.9,1.8,8.3,54.3,-0.4,-18.7,0.0,2.7,2.5,7.8,4.2,2.4,-0.1,1.9,0.2,10.2,0.1,3.1,0.3,3.4,0.5,-0.75,0.8912699818611145
2018-07,2.0,2.0,55.0,55.0,-0.5,1.7,1.7,18.1,1.8,8.3,54.8,-0.4,-12.6,0.0,2.8,2.5,-7.7,4.2,2.4,0.3,2.1,2.8,9.2,0.4,2.9,0.4,3.3,0.5,-0.75,0.8842800259590149
2018-06,2.1,1.9,56.2,53.9,0.2,0.8,3.0,21.2,0.8,8.5,54.1,-0.4,2.4,0.0,2.9,2.6,31.3,4.2,2.4,0.4,2.1,0.4,5.3,0.3,2.7,0.5,3.4,0.5,-0.75,0.8781099915504456
2018-05,1.6,1.4,56.0,54.9,0.4,1.8,2.9,21.0,0.4,8.5,55.2,-0.4,1.9,0.0,2.8,2.8,11.6,4.2,2.5,0.2,2.3,-0.1,4.2,0.2,2.4,0.1,3.3,0.5,-0.75,0.8801000118255615
2018-04,1.5,1.1,56.6,55.0,0.1,2.3,2.7,19.9,3.7,8.6,55.3,-0.4,13.4,0.0,2.6,2.8,9.2,4.3,2.7,0.6,2.4,-1.1,3.4,0.0,2.6,0.8,3.6,0.5,-0.75,0.8817999958992004
2018-03,2.2,1.2,58.5,56.7,0.1,1.9,5.2,23.8,0.5,8.6,58.8,-0.4,29.3,0.0,2.5,2.5,-7.1,4.4,3.0,-0.8,2.7,0.7,4.7,0.1,2.8,-0.8,4.0,0.5,-0.75,0.8793900012969971
2018-02,2.8,1.3,59.6,57.6,1.3,2.8,3.2,22.5,2.7,8.7,58.6,-0.4,31.8,0.0,2.4,2.5,8.6,4.3,3.0,0.3,2.5,0.1,4.9,0.4,3.3,0.8,4.1,0.5,-0.75,0.876579999923706
2018-01,2.5,1.5,60.6,56.5,0.5,0.4,3.7,19.0,2.0,8.7,58.0,-0.4,29.0,0.0,2.3,2.5,6.0,4.3,3.1,0.3,2.7,1.8,7.3,0.3,3.0,0.2,3.9,0.5,-0.75,0.8878999948501587
2017-12,2.9,1.5,58.5,55.0,0.1,3.7,3.3,25.0,3.1,8.8,57.5,-0.4,30.9,0.0,2.2,2.2,1.1,4.3,3.0,0.0,2.7,1.0,4.6,0.2,2.8,0.1,4.0,0.5,-0.75,0.8833000063896179
2017-11,2.5,1.5,58.1,55.8,-1.0,1.2,3.8,21.6,1.6,9.1,55.9,-0.4,26.7,0.0,2.1,2.2,1.7,4.3,3.0,0.2,2.7,0.4,8.4,0.2,3.3,0.1,3.9,0.25,-0.75,0.8819199800491333
2017-10,2.0,1.5,58.2,55.6,-1.2,2.6,3.2,18.6,3.4,9.1,56.7,-0.4,31.7,0.0,2.1,2.1,-2.8,4.3,2.9,0.6,2.7,1.6,7.6,0.4,3.4,0.7,3.9,0.25,-0.75,0.8765010237693787
2017-09,2.5,1.5,57.4,54.9,-1.5,3.1,2.6,22.3,3.4,9.1,55.8,-0.4,29.3,0.0,2.1,2.1,-4.2,4.4,2.6,-0.1,2.4,0.0,6.5,0.1,3.2,0.2,3.6,0.25,-0.75,0.9200999736785889
2017-08,3.3,1.3,56.8,55.4,-1.7,2.6,4.0,19.7,2.6,9.1,56.3,-0.4,35.6,0.0,2.0,1.8,6.0,4.5,2.6,0.0,2.4,-0.4,9.9,0.0,3.3,0.2,3.5,0.25,-0.75,0.8936499953269958
2017-07,4.3,1.3,57.3,54.7,-1.3,2.5,1.4,19.6,3.2,9.1,55.7,-0.4,37.7,0.0,1.7,2.1,7.3,4.6,2.9,0.3,2.6,-1.3,11.6,0.1,3.6,0.4,3.7,0.25,-0.75,0.8791900277137756
2017-06,3.9,1.4,56.7,56.4,-3.3,2.3,1.9,23.1,3.6,9.3,56.8,-0.4,35.1,0.0,2.1,2.4,19.4,4.6,2.7,0.5,2.4,0.1,16.6,0.4,3.6,0.5,3.5,0.25,-0.75,0.8720999956130981
2017-05,4.5,1.5,56.8,56.2,-3.6,1.8,1.2,19.2,7.1,9.5,56.7,-0.4,26.3,0.0,2.2,2.3,25.5,4.7,2.3,0.4,1.8,0.4,17.9,0.4,3.6,0.3,3.1,0.25,-0.75,0.8433899879455566
2017-04,3.5,1.5,57.2,56.5,-5.0,1.2,0.6,15.7,-6.2,9.6,56.7,-0.4,25.6,0.0,2.3,2.2,-11.3,4.7,2.3,0.8,2.0,-0.4,19.1,0.2,3.7,1.1,3.2,0.25,-0.75,0.856469988822937
2017-03,1.6,1.8,55.5,55.6,-6.2,1.1,2.0,24.5,3.2,9.6,56.0,-0.4,17.1,0.0,2.6,2.6,-42.4,4.8,1.8,-1.0,1.6,1.7,20.5,0.6,3.5,-0.6,2.6,0.25,-0.75,0.8508999943733215
2017-02,0.1,1.8,55.1,53.6,-4.7,2.3,3.2,22.7,0.0,9.6,54.3,-0.4,23.2,0.0,2.7,2.8,-10.1,4.8,1.6,0.5,1.6,1.8,15.8,0.1,2.7,0.6,2.5,0.25,-0.75,0.8566499948501587
2017-01,-0.4,0.6,54.9,53.8,-5.1,2.4,0.6,19.7,2.2,9.8,53.9,-0.4,18.1,0.0,2.6,2.5,2.4,4.8,1.2,0.2,1.4,-1.1,12.9,0.0,2.3,0.3,2.2,0.25,-0.75,0.8521000146865845
2016-12,-1.5,0.5,53.5,54.1,-6.1,1.1,1.2,24.9,1.8,10.0,53.7,-0.4,15.8,0.0,2.4,2.3,9.8,4.8,0.9,0.0,1.2,4.6,12.2,0.6,2.1,0.0,2.0,0.25,-0.75,0.8524199724197388
2016-11,-2.1,0.5,52.6,53.5,-8.0,0.6,1.8,23.3,0.9,10.0,52.6,-0.4,12.3,0.0,2.3,2.3,0.7,4.9,1.0,0.2,1.5,0.0,7.2,0.2,1.2,0.2,2.0,0.25,-0.75,0.8993200063705444
2016-10,-2.8,0.4,52.6,52.1,-8.2,2.9,-0.5,20.0,3.1,10.1,52.6,-0.4,5.4,0.0,2.1,2.3,2.4,4.9,0.6,0.4,1.3,0.2,7.6,0.1,0.8,0.4,1.8,0.25,-0.75,0.8653600215911865
2016-09,-3.1,0.2,51.8,53.1,-8.5,1.6,0.4,23.4,3.1,10.1,53.3,-0.4,4.6,0.0,2.3,2.4,-8.6,4.9,0.6,-0.1,1.3,3.3,4.3,0.3,0.3,0.1,1.9,0.25,-0.75,0.8517000079154968
2016-08,-3.9,0.2,51.9,52.7,-7.9,1.6,0.5,24.5,-0.8,10.1,52.9,-0.4,-14.7,0.0,2.2,2.3,0.4,4.9,0.5,0.2,1.4,1.8,-0.5,0.2,-0.4,0.4,1.6,0.5,-0.75,0.8450000286102295
2016-07,-4.4,0.1,52.6,53.3,-7.3,1.4,2.0,28.0,-0.4,10.1,52.8,-0.4,20.2,0.0,2.3,2.0,-0.4,5.0,0.3,0.2,1.2,2.6,-3.9,0.1,-0.7,0.3,1.4,0.5,-0.75,0.8261799812316895
2016-06,-4.2,-0.2,51.7,53.1,-7.0,2.1,0.2,22.3,-0.5,10.2,52.9,-0.4,16.8,0.0,2.1,2.0,-2.4,5.1,0.3,0.0,1.2,0.9,-6.5,0.4,-0.7,0.1,1.3,0.5,-0.75,0.7617999911308289
2016-05,-4.2,0.0,51.6,53.2,-9.3,2.4,0.8,20.2,2.5,10.2,53.0,-0.4,21.5,0.0,2.2,1.8,6.7,5.1,0.5,0.6,1.5,2.0,-6.5,0.3,-0.9,0.4,1.6,0.5,-0.75,0.7835000157356262
2016-04,-2.9,-0.1,51.4,54.0,-9.7,2.0,2.8,21.2,6.0,10.3,53.0,-0.4,10.6,0.0,2.2,2.1,-18.0,5.1,0.3,0.4,1.2,0.1,-8.1,0.1,-1.1,0.5,1.3,0.5,-0.75,0.7885199785232544
2016-03,-3.0,-0.2,51.0,53.0,-8.8,1.4,-1.3,21.0,-0.4,10.4,53.6,-0.4,13.6,0.05,2.0,1.9,-14.8,5.1,0.3,-1.0,1.2,-0.7,-7.6,-0.1,-1.0,-0.7,1.3,0.5,-0.75,0.7878000140190125
2016-02,-3.2,0.4,52.3,53.6,-5.7,1.4,1.1,22.7,2.1,10.5,53.5,-0.3,22.7,0.05,1.9,2.0,-4.3,5.1,0.2,0.3,1.4,-0.8,-10.8,-0.2,-1.2,0.3,1.2,0.5,-0.75,0.7598999738693237
2016-01,-3.1,0.1,53.1,54.2,-5.7,2.5,1.9,19.9,1.1,10.7,54.0,-0.3,33.9,0.05,2.0,2.4,3.9,5.2,0.1,0.0,1.2,-1.6,-13.1,-0.2,-1.5,0.1,1.1,0.5,-0.75,0.7378000020980835
2015-12,-3.1,0.1,52.3,54.6,-5.9,2.9,1.7,20.1,1.8,10.7,54.4,-0.3,28.3,0.05,2.5,3.0,3.3,5.3,-0.1,0.3,1.1,0.2,-12.1,0.0,-1.3,0.0,0.7,0.5,-0.75,0.7037000060081482
2015-11,-2.6,0.0,52.0,54.2,-7.7,2.3,0.9,19.8,-6.0,10.8,54.0,-0.2,30.1,0.05,2.8,3.0,4.6,5.4,-0.1,0.1,1.0,0.6,-13.3,-0.1,-1.8,-0.1,0.8,0.5,-0.75,0.7138270139694214
2015-10,-2.1,-0.1,52.0,54.0,-7.1,2.7,1.9,22.4,1.8,11.0,53.9,-0.2,33.3,0.05,2.9,2.9,1.2,5.5,0.0,0.4,1.0,-2.4,-13.8,-0.4,-1.8,0.5,1.1,0.5,-0.75,0.7423999905586243
2015-09,-2.2,0.2,52.4,54.3,-6.8,1.2,1.2,21.9,-2.3,11.0,54.1,-0.2,47.6,0.05,2.8,2.4,-4.9,5.6,0.1,0.0,1.2,-0.9,-12.4,-0.1,-1.6,-0.1,1.0,0.5,-0.75,0.7273399829864502
2015-08,-2.0,0.2,52.2,53.8,-7.1,2.4,1.6,21.2,0.3,11.1,54.2,-0.2,42.7,0.05,2.8,3.2,7.0,5.6,0.0,0.1,0.8,-1.3,-12.6,0.0,-1.5,0.2,1.0,0.5,-0.75,0.7009999752044678
2015-07,-2.2,0.3,52.5,53.8,-5.6,2.2,0.8,24.3,0.0,11.1,54.1,-0.2,53.7,0.05,2.7,2.7,-6.5,5.5,0.1,0.1,0.9,-0.9,-12.0,0.1,-1.6,0.2,1.0,0.5,-0.75,0.7131999731063843
2015-06,-2.3,0.0,52.0,53.3,-5.5,1.6,1.8,19.7,-2.7,11.1,53.4,-0.2,61.2,0.05,2.2,1.9,-12.6,5.5,-0.1,0.3,0.8,0.4,-11.7,0.1,-1.7,0.4,0.9,0.5,-0.75,0.715399980545044
2015-05,-2.8,0.0,51.9,53.7,-4.6,3.0,1.6,22.0,-3.7,11.3,53.5,-0.2,64.8,0.05,1.8,1.7,-20.7,5.6,0.0,0.2,1.0,0.3,-13.0,0.2,-1.7,0.2,0.9,0.5,-0.75,0.7203999757766724
2015-04,-3.5,-0.1,51.9,54.3,-3.7,3.7,0.4,21.2,3.0,11.3,54.1,-0.2,62.4,0.05,1.6,1.9,-29.1,5.7,0.0,0.5,1.2,0.1,-13.5,0.2,-1.7,0.5,1.0,0.5,-0.75,0.7311999797821045
2015-03,-2.6,-0.6,51.1,53.9,-6.7,3.1,0.6,23.3,-3.5,11.3,53.5,-0.2,52.7,0.05,1.7,2.1,-38.6,5.7,0.3,-0.8,1.4,-3.6,-14.1,-0.4,-1.9,-0.8,1.1,0.5,-0.75,0.7260580062866211
2015-02,-1.6,-0.2,51.0,51.6,-8.5,1.6,-0.8,21.6,0.5,11.3,52.2,-0.2,45.2,0.05,1.8,1.8,-35.8,5.8,0.5,0.2,1.3,-3.3,-11.6,-0.3,-0.8,0.2,1.6,0.5,-0.75,0.7487999796867371
2015-01,-1.3,0.3,50.1,51.1,-10.9,1.6,0.8,19.6,1.4,11.3,51.1,-0.2,31.8,0.05,1.6,1.4,-29.6,6.0,1.0,-0.1,1.2,-0.7,-8.2,-0.2,-0.6,-0.2,2.0,0.5,0.0,0.7810999751091003
2014-12,-1.4,0.3,50.4,51.3,-11.5,0.5,0.5,17.9,-2.0,11.5,51.4,-0.2,11.0,0.05,1.2,1.0,-25.1,6.0,1.3,0.2,1.5,-1.5,-8.4,-0.3,-0.5,0.0,2.3,0.5,0.0,0.796500027179718
2014-11,-1.4,0.4,50.7,52.4,-11.1,1.9,-0.5,15.4,-0.3,11.5,52.2,-0.2,4.1,0.05,0.9,0.7,-18.4,6.0,1.2,0.1,1.5,-0.6,-7.4,-0.2,-0.5,0.2,2.3,0.5,0.0,0.7881199717521667
2014-10,-1.3,0.3,50.5,52.8,-11.4,0.5,1.6,12.7,0.4,11.5,52.3,-0.2,14.2,0.05,0.8,0.6,-33.2,6.2,1.5,0.5,1.9,-1.2,-7.7,-0.1,-0.3,0.4,2.4,0.5,0.0,0.7811999917030334
2014-09,-0.8,0.3,50.8,53.5,-10.0,1.9,0.2,13.8,-1.1,11.5,52.8,-0.2,23.7,0.15,0.7,-0.1,-37.4,6.4,1.6,-0.4,1.8,-1.7,-7.5,-0.1,-0.1,-0.1,2.5,0.5,0.0,0.7915999889373779
2014-08,-1.0,0.4,51.9,54.4,-8.4,0.6,0.6,15.2,3.5,11.5,54.0,-0.2,48.1,0.15,0.7,0.4,-39.5,6.5,1.9,0.2,2.0,-0.9,-4.5,-0.1,0.3,0.2,2.6,0.5,0.0,0.7921299934387207
2014-07,-1.2,0.5,51.9,53.2,-7.5,1.8,1.4,15.2,8.0,11.6,52.8,-0.1,58.4,0.15,0.9,0.8,-32.8,6.6,1.5,0.0,1.6,0.3,-5.0,-0.1,0.5,0.1,2.4,0.5,0.0,0.8008999824523926
2014-06,-1.6,0.7,53.4,53.5,-7.1,1.0,0.2,15.2,5.2,11.8,53.9,-0.1,55.2,0.25,1.3,1.9,-28.4,6.8,1.8,0.5,2.0,-0.9,-5.3,0.1,0.6,0.4,2.5,0.5,0.0,0.8140010237693787
2014-05,-1.7,0.7,53.3,0.0,-8.7,1.0,1.7,13.9,6.7,11.8,53.1,-0.1,61.2,0.25,1.4,1.7,-30.6,6.9,1.6,0.4,1.6,-0.6,-6.3,0.2,0.5,0.2,2.5,0.5,0.0,0.8210200071334839
2014-04,-1.4,0.5,53.0,52.4,-9.3,0.8,1.6,14.7,8.0,11.8,53.2,-0.1,61.5,0.25,1.2,1.4,-34.6,7.1,1.7,0.7,1.7,-0.5,-5.8,0.1,0.6,0.6,2.7,0.5,0.0,0.8259999752044678
2014-03,-0.8,0.8,53.0,51.7,-12.7,-0.4,1.2,14.7,-0.2,11.9,52.7,-0.1,68.5,0.25,1.0,1.2,-33.9,7.2,1.9,-0.9,1.6,-0.9,-2.9,0.3,0.9,-0.3,2.8,0.5,0.0,0.8209999799728394
2014-02,-1.2,0.8,53.9,51.0,-11.7,1.3,2.8,16.0,-1.6,12.0,53.2,-0.1,73.3,0.25,0.9,0.9,-24.0,7.1,2.0,0.1,1.7,0.2,-1.0,0.0,1.0,0.5,2.7,0.5,0.0,0.8217999935150146
2014-01,-1.3,0.9,51.6,51.0,-13.6,-0.3,0.5,14.5,-2.4,12.0,52.1,-0.1,68.3,0.25,0.8,0.9,-34.3,7.4,2.1,0.1,1.8,-0.7,-1.0,-0.2,0.8,0.1,2.6,0.5,0.0,0.8371999859809875
2013-12,-0.9,0.9,51.5,50.9,-15.4,0.3,0.2,14.3,-0.2,12.1,51.5,0.0,60.2,0.25,0.8,0.8,-42.8,7.6,2.2,0.2,1.7,-0.4,0.0,0.3,0.8,0.0,2.6,0.5,0.0,0.8302000164985657
2013-11,-0.8,0.7,51.3,50.9,-14.5,-0.2,-1.1,12.3,-1.3,12.2,51.5,0.0,59.1,0.5,0.8,0.8,-44.7,7.7,2.7,0.4,2.2,-1.0,0.9,-0.1,1.2,0.4,3.2,0.5,0.0,0.8562700152397156
2013-10,0.0,1.1,51.1,52.1,-14.9,-0.7,-1.9,11.0,-2.2,12.2,51.5,0.0,58.6,0.5,1.0,1.2,-41.6,7.7,2.7,0.4,2.0,-0.7,2.8,0.2,1.7,0.5,3.3,0.5,0.0,0.8345999717712402
2013-09,0.3,1.3,51.3,49.8,-16.0,-1.1,-0.4,14.9,-3.0,12.0,50.5,0.0,44.0,0.5,1.1,2.2,-36.3,7.8,2.8,-0.2,2.0,1.2,5.1,0.2,2.1,0.0,3.1,0.5,0.0,0.8529000282287598
2013-08,-0.2,1.6,50.1,49.6,-17.4,0.3,-1.3,13.8,-3.8,12.1,50.4,0.0,32.8,0.5,1.0,1.8,-29.4,7.8,2.9,-0.2,2.3,0.2,4.0,0.1,2.0,-0.1,3.3,0.5,0.0,0.870199978351593
2013-07,-0.2,1.4,48.3,48.6,-18.8,-1.0,-0.6,15.2,-6.8,12.1,48.9,0.0,30.6,0.5,0.9,1.3,-16.2,7.8,2.7,0.4,2.2,-0.6,1.8,0.0,1.2,0.2,3.1,0.5,0.0,0.8555999994277954
2013-06,0.6,1.4,47.8,47.5,-21.9,-2.4,-1.4,18.1,-7.3,12.1,47.7,0.0,27.6,0.5,0.8,0.6,-11.8,7.8,2.4,0.1,2.0,-2.3,-0.1,-0.1,0.9,0.3,2.9,0.5,0.0,0.856440007686615
2013-05,1.4,1.2,46.5,46.6,-22.3,-1.7,-3.2,12.7,1.7,12.1,46.5,0.0,24.9,0.75,1.0,1.0,-9.9,7.9,2.8,0.5,2.4,0.1,0.4,0.2,1.9,0.4,3.3,0.5,0.0,0.8452799916267395
2013-04,1.7,1.8,46.6,46.5,-23.5,-1.9,-2.4,9.0,-9.0,12.0,46.5,0.0,33.4,0.75,1.3,1.2,-5.3,7.8,2.8,0.6,2.3,2.8,2.1,0.8,2.3,0.7,3.2,0.5,0.0,0.8425999879837036
2013-03,2.1,2.0,47.8,48.6,-23.6,-3.0,-1.7,10.3,-4.6,11.8,47.3,0.0,42.4,0.75,1.3,1.3,-10.0,7.8,2.7,-0.9,2.3,1.3,1.9,0.2,2.1,-0.4,3.3,0.5,0.0,0.8672999739646912
2013-02,2.1,2.2,46.1,47.8,-23.9,-1.9,-4.0,10.5,-4.7,11.7,47.2,0.0,31.2,0.75,1.4,1.5,-12.1,7.7,2.7,0.2,2.4,0.0,0.5,-0.1,2.2,0.5,3.1,0.5,0.0,0.8587999939918518
2013-01,2.6,2.2,46.3,47.8,-26.6,-3.2,-3.3,7.4,-4.1,11.7,47.3,0.0,7.6,0.75,1.7,1.8,-8.9,7.8,2.7,0.1,2.6,0.1,-0.1,-0.3,2.1,0.0,3.0,0.5,0.0,0.8181999921798706
2012-12,2.7,2.5,46.2,45.7,-26.9,-1.6,-2.3,11.0,-3.8,11.7,45.8,0.0,-2.6,0.75,1.9,1.8,6.0,7.8,2.7,0.7,2.6,0.1,0.0,0.2,2.6,0.6,3.2,0.5,0.0,0.8088499903678894
2012-11,2.7,2.5,45.3,46.2,-25.7,-0.9,-2.9,8.9,-5.5,11.5,45.8,0.0,-1.4,0.75,2.0,1.7,0.8,7.9,2.2,0.3,2.1,-0.1,-1.0,0.5,2.5,0.5,2.6,0.5,0.0,0.8062800168991089
2012-10,1.6,2.7,46.0,46.0,-25.9,-1.4,-2.8,7.2,-6.2,11.5,45.9,0.0,-3.8,0.75,1.9,1.5,-14.2,8.1,2.6,0.5,2.1,1.9,1.4,0.5,1.1,0.4,2.9,0.5,0.0,0.7953000068664551
2012-09,1.8,2.4,44.0,47.9,-24.6,-0.9,-2.1,9.3,-2.8,11.4,46.6,0.0,-21.2,0.75,1.8,1.8,-13.6,8.0,2.6,0.1,2.3,0.4,-2.4,0.1,1.8,0.1,3.2,0.5,0.0,0.7922000288963318
2012-08,2.3,2.4,44.1,47.1,-21.6,-0.8,-2.6,6.8,-8.1,11.3,46.4,0.0,-22.3,0.75,1.8,1.5,1.0,8.1,2.4,-0.3,2.1,-2.9,-3.0,-0.6,2.0,-0.2,2.8,0.5,0.0,0.7802000045776367
2012-07,2.6,2.4,44.8,46.8,-19.8,-3.4,-2.4,4.5,-6.3,11.0,46.0,0.0,-20.1,1.0,1.8,1.4,6.9,8.2,2.8,0.1,2.2,-2.5,0.0,-0.2,2.9,0.0,3.1,0.5,0.0,0.8062999844551086
2012-06,3.5,2.4,45.0,46.5,-19.3,-0.2,-1.5,4.3,-3.8,11.0,46.0,0.0,-2.4,1.0,1.6,0.9,-13.7,8.2,3.0,0.6,2.1,-1.4,1.0,0.6,3.2,0.7,3.5,0.5,0.0,0.7990999817848206
2012-05,3.6,2.6,46.0,47.9,-19.9,-2.1,-1.5,3.7,-16.3,10.8,46.0,0.0,13.1,1.0,1.6,1.1,-5.4,8.3,3.5,0.4,2.5,1.7,5.6,0.6,3.7,0.4,3.6,0.5,0.0,0.8130999803543091
2012-04,3.8,2.7,47.7,48.7,-19.1,-1.1,-1.7,5.3,-1.4,10.7,46.0,0.0,11.0,1.0,1.6,1.3,4.5,8.4,3.4,0.6,2.4,2.5,7.8,0.6,4.1,0.8,3.7,0.5,0.0,0.8331999778747559
2012-03,4.3,2.6,48.8,50.4,-20.2,-1.3,-1.8,7.4,7.8,10.7,46.0,0.0,-8.1,1.0,2.0,1.9,7.0,8.4,3.6,-0.8,2.6,0.1,6.6,0.4,4.0,-0.6,3.9,0.5,0.0,0.8464000225067139
2012-02,5.4,2.7,46.9,50.5,-20.3,-1.5,0.1,6.1,0.2,10.6,46.0,0.0,-32.5,1.0,1.9,2.0,1.9,8.4,4.2,0.5,3.0,-0.6,8.9,-0.2,4.8,0.4,4.8,0.5,0.0,0.8364999890327454
2012-01,5.5,3.0,46.9,48.3,-21.2,-0.7,1.0,0.5,-2.8,10.6,46.0,0.25,-54.1,1.0,1.8,2.1,0.2,8.3,4.8,0.1,3.2,0.3,13.6,0.2,5.4,0.2,5.2,0.5,0.0,0.8403699994087219
2011-12,5.8,3.0,46.4,47.8,-20.4,-1.4,2.2,2.5,0.4,10.3,46.0,0.5,-59.1,1.25,1.7,2.3,2.5,8.3,5.0,0.2,3.4,-0.8,14.3,0.0,5.7,0.0,5.4,0.5,0.0,0.8540999889373779
2011-11,5.8,3.0,47.3,47.2,-19.9,-0.1,6.0,-1.2,2.5,10.2,46.0,0.5,-51.2,1.5,1.8,2.7,13.4,8.1,5.2,0.2,3.3,1.8,17.7,0.3,6.3,0.8,5.6,0.5,0.0,0.8773800134658813
2011-10,6.1,2.5,48.4,49.1,-19.1,-0.4,4.4,-3.6,1.2,10.1,46.0,0.5,-44.6,1.5,2.1,2.8,19.1,7.9,4.5,0.7,3.1,-1.8,16.2,0.0,6.0,0.6,5.2,0.5,0.0,0.870710015296936
2011-09,5.9,2.5,50.4,51.6,-16.5,-0.7,2.6,-2.7,-11.3,10.0,46.0,0.5,-40.0,1.5,2.3,2.7,33.7,7.9,4.4,0.0,3.1,0.5,18.3,0.3,6.1,-0.2,5.0,0.5,0.0,0.8848999738693237
2011-08,6.2,2.5,50.4,51.4,-11.4,-2.3,4.4,-0.8,-1.9,9.9,46.0,0.75,-7.0,1.5,2.1,2.3,31.3,7.7,4.2,-0.2,2.8,0.2,16.8,0.1,5.7,0.0,5.0,0.5,0.25,0.8757299780845642
2011-07,6.7,2.7,52.0,54.2,-9.7,0.8,5.3,-2.5,-2.0,9.9,46.0,0.75,-5.9,1.25,2.0,1.8,22.5,7.7,4.5,0.0,3.3,-1.7,16.1,0.2,5.4,0.3,5.2,0.5,0.25,0.9004899859428406
2011-06,6.8,2.7,54.8,55.4,-9.9,-1.7,5.8,-2.2,-4.9,9.9,46.0,0.75,13.6,1.25,2.1,2.3,16.9,7.7,4.5,0.9,3.7,2.8,17.9,1.0,5.5,0.8,5.2,0.5,0.25,0.868399977684021
2011-05,6.6,2.8,57.7,56.9,-11.6,1.3,7.7,-2.7,3.5,9.9,46.0,0.5,19.7,1.25,2.2,2.1,-8.5,7.8,4.0,0.3,3.2,3.7,14.8,1.1,5.6,0.5,5.3,0.5,0.25,0.8914200067520142
2011-04,5.9,2.4,57.7,56.9,-10.6,0.4,6.3,-3.7,-4.5,10.0,46.0,0.5,31.0,1.0,2.3,2.3,-10.2,8.0,4.4,0.8,3.4,1.4,14.9,0.5,5.3,1.0,5.5,0.5,0.25,0.8787000179290771
2011-03,5.3,2.3,57.3,57.2,-10.0,-0.4,8.8,-1.8,-12.0,10.0,46.0,0.5,29.5,1.0,2.3,1.8,1.5,7.9,4.0,-0.4,3.0,2.3,14.1,1.1,5.0,0.3,5.1,0.5,0.25,0.8531000018119812
2011-02,4.5,2.4,57.1,55.2,-11.2,1.0,7.9,-2.8,-6.8,10.0,46.0,0.5,25.4,1.0,2.3,2.1,-3.4,7.9,3.7,0.7,2.9,3.9,12.9,0.4,4.1,0.7,4.8,0.5,0.25,0.857200026512146
2011-01,4.3,1.9,56.8,53.7,-11.0,0.9,7.1,3.5,-6.2,10.0,46.0,0.5,15.5,1.0,2.3,2.1,-3.2,7.9,3.3,0.2,2.7,0.9,9.2,0.4,4.1,0.4,4.7,0.5,0.25,0.8614000082015991
2010-12,4.3,1.9,55.5,55.2,-9.4,1.4,5.5,2.0,-7.7,10.1,46.0,0.5,13.8,1.0,2.2,2.1,-5.2,7.8,3.2,0.1,2.7,2.2,8.2,0.6,4.0,0.2,4.5,0.5,0.25,0.8424999713897705
2010-11,3.6,1.9,54.1,53.2,-11.0,1.5,8.5,-1.7,-8.8,10.0,46.0,0.5,1.8,1.0,2.0,1.7,1.3,7.7,3.1,0.0,2.7,0.4,8.7,0.0,3.8,0.4,4.6,0.5,0.25,0.873199999332428
2010-10,4.0,1.6,53.6,55.9,-11.0,1.4,7.3,-0.2,-7.9,10.0,46.0,0.5,4.4,1.0,1.6,1.3,3.8,7.8,3.1,0.7,2.8,0.1,8.7,0.0,4.7,0.4,4.7,0.5,0.25,0.862559974193573
2010-09,3.0,1.6,55.0,55.8,-11.4,1.4,8.2,-1.4,1.9,10.0,46.0,0.5,15.8,1.0,1.3,0.8,-1.0,7.8,3.1,-0.4,2.6,-1.0,10.8,0.1,5.0,-0.2,4.8,0.5,0.25,0.8187000155448914
2010-08,3.1,1.7,55.6,56.0,-14.0,0.9,9.8,-3.0,-7.2,10.0,46.0,0.5,10.7,1.0,1.6,2.7,-15.9,7.8,3.2,0.3,3.1,-0.3,10.7,-0.3,5.1,0.2,5.0,0.5,0.25,0.8302000164985657
2010-07,2.8,1.4,55.6,55.4,-17.3,-0.3,9.1,1.4,-6.7,10.0,46.0,0.5,18.8,1.0,1.7,4.2,-31.1,8.0,3.4,0.3,2.9,-0.2,11.5,0.1,5.5,0.4,5.1,0.5,0.25,0.8181999921798706
2010-06,0.9,1.6,55.9,56.0,-18.0,1.8,7.7,0.0,-4.9,10.0,46.0,0.5,37.6,1.0,1.8,4.2,-32.0,8.0,3.7,0.4,3.1,0.6,13.1,1.6,5.9,1.0,5.3,0.5,0.25,0.8460000157356262
2010-05,-0.4,1.4,57.5,55.5,-15.0,0.4,4.2,3.4,-15.0,10.0,46.0,0.5,46.0,1.0,1.6,2.3,-32.7,8.0,3.4,0.5,3.0,3.8,10.3,0.9,5.0,0.7,4.4,0.5,0.25,0.8690000176429749
2010-04,-1.0,1.5,56.3,51.8,-17.3,-0.6,1.9,1.9,-10.6,10.0,46.0,0.5,37.9,1.0,1.4,0.8,-40.1,7.8,3.0,0.4,2.9,0.1,6.9,0.3,4.1,0.6,3.7,0.5,0.25,0.8895000219345093
2010-03,-2.9,1.0,52.4,52.0,-17.4,-0.1,-3.7,5.2,-3.1,10.0,46.0,0.5,40.2,1.0,1.1,0.6,16.2,7.8,3.5,-0.6,3.1,2.0,8.4,0.4,3.8,0.0,3.7,0.5,0.25,0.8981999754905701
2010-02,-4.4,1.0,51.6,52.3,-15.8,-2.4,-6.9,4.0,-8.0,9.9,46.0,0.5,46.4,1.0,1.1,0.6,-18.8,7.8,2.9,0.6,2.8,0.6,7.4,0.5,3.5,0.6,2.4,0.5,0.25,0.868399977684021
2010-01,-6.6,0.5,51.6,53.7,-15.8,-1.3,-11.1,4.7,-7.7,9.9,46.0,0.5,48.0,1.0,1.2,0.5,-8.4,7.9,1.9,0.2,1.9,0.1,4.0,0.2,2.9,0.3,0.3,0.5,0.25,0.8859000205993652
2009-12,-7.7,-0.1,51.0,53.2,-17.3,-3.1,-12.8,4.3,-8.1,9.9,46.0,0.5,51.8,1.0,1.7,0.7,10.6,7.8,1.5,0.1,1.8,2.6,0.1,0.2,1.9,0.3,-0.8,0.5,0.25,0.9135000109672546
2009-11,-7.5,-0.1,50.7,52.3,-17.7,-2.3,-15.1,2.2,-8.1,9.8,46.0,0.5,56.9,1.0,1.9,0.7,15.4,7.9,1.1,0.1,1.7,-0.5,-6.5,0.5,0.4,0.4,-1.4,0.5,0.25,0.8956000208854675
2009-10,-8.5,-0.3,49.0,49.9,-19.1,-1.7,-15.9,6.0,-11.3,9.6,46.0,0.5,59.6,1.0,2.2,0.7,20.2,7.9,1.6,0.6,1.8,2.0,-7.5,0.3,-0.4,0.5,-1.3,0.5,0.25,0.9156000018119812
2009-09,-6.6,-0.2,46.3,49.5,-22.1,-2.3,-16.8,2.3,-7.8,9.6,46.0,0.5,54.9,1.0,2.5,1.1,21.4,7.8,1.8,0.0,1.8,-1.4,-12.2,0.3,-1.3,0.0,-1.4,0.5,0.25,0.880299985408783
2009-08,-6.0,-0.6,46.0,45.6,-23.1,-3.6,-17.8,1.1,-7.6,9.5,46.0,0.5,39.5,1.0,2.6,2.3,20.9,7.6,1.8,0.2,1.6,1.5,-11.0,-0.2,-1.2,0.3,-1.6,0.5,0.25,0.8532999753952026
2009-07,-4.8,-0.1,42.4,44.5,-25.2,-2.5,-21.3,0.7,-5.0,9.3,46.0,0.5,42.7,1.0,2.7,0.4,33.7,7.2,2.2,0.4,1.6,0.4,-9.4,0.4,-0.3,0.6,-1.1,0.5,0.25,0.8525000214576721
2009-06,-3.3,0.6,40.5,44.7,-28.3,-3.1,-19.2,-1.8,-8.3,9.3,46.0,0.25,28.5,1.0,3.0,-1.8,51.9,7.1,2.3,0.4,1.5,-1.0,-5.0,0.6,1.2,0.1,-1.2,0.5,0.25,0.8726000189781189
2009-05,-1.4,0.6,36.7,40.9,-30.6,-5.1,-17.4,-2.9,-12.5,9.2,46.0,0.25,11.8,1.25,3.2,-2.7,65.5,6.7,2.9,0.4,1.7,1.3,-0.4,0.1,2.0,0.0,-0.4,0.5,0.25,0.8948000073432922
2009-04,-0.9,0.6,33.5,40.1,-34.2,-2.5,-16.8,-5.4,-10.8,9.2,46.0,0.5,-6.5,1.5,3.5,-1.7,141.9,6.5,3.2,0.7,1.6,0.6,0.5,0.1,3.1,0.6,0.0,0.5,0.25,0.92330002784729
2009-03,1.1,1.1,33.6,38.9,-32.9,-1.8,-12.5,-1.7,-13.0,8.6,46.0,0.5,-8.7,2.0,3.6,1.0,62.8,6.3,3.0,-0.8,1.3,1.5,2.3,0.1,3.5,-1.3,0.1,1.0,0.5,0.8866999745368958
2009-02,2.9,1.1,34.5,42.5,-30.6,-1.6,-9.1,-4.0,-5.1,8.0,46.0,1.0,-30.8,2.0,3.6,2.5,80.8,6.1,3.1,-0.3,1.1,-2.0,4.3,0.0,4.7,-1.4,0.9,1.5,0.5,0.8881999850273132
2009-01,6.1,2.1,34.5,42.0,-30.6,-1.9,-5.8,-1.3,-4.3,8.0,46.0,2.0,-46.1,2.5,3.6,2.8,90.3,6.0,4.1,0.1,2.0,-3.3,7.5,-0.7,5.1,-0.8,3.0,2.0,0.5,0.9447000026702881
2008-12,7.9,2.1,36.2,45.8,-26.4,-1.4,-2.7,-4.4,-3.8,7.7,46.0,2.75,-46.1,3.25,3.6,3.1,44.6,5.8,4.5,0.0,1.9,-4.3,15.4,-1.0,6.7,-0.3,4.2,3.0,1.0,0.8256000280380249
2008-11,8.5,3.2,41.3,46.9,-24.3,-1.8,-0.7,-5.7,-2.5,7.6,46.0,2.75,-46.1,4.25,3.6,3.4,45.7,5.7,5.2,0.2,2.2,-1.2,24.5,-0.3,8.5,0.6,5.0,4.5,2.5,0.7921000123023987
2008-10,9.0,3.6,47.6,48.2,-19.0,-1.8,-1.7,-6.7,-3.3,7.6,46.0,2.75,-46.1,4.25,3.7,3.7,32.0,5.5,4.7,0.6,2.0,-2.0,26.2,-0.6,9.7,0.3,4.8,5.0,2.75,0.7908999919891357
2008-09,8.0,4.0,47.4,48.2,-19.0,-3.2,-0.8,-3.0,-2.4,7.4,46.0,2.75,-55.7,4.25,3.7,3.4,20.1,5.4,4.4,-0.2,1.9,-0.6,30.1,0.4,10.2,-0.1,5.0,5.0,2.75,0.8113999962806702
2008-08,7.1,4.1,47.5,48.3,-20.0,0.2,-0.4,-1.5,-1.1,7.3,46.0,3.25,-63.7,4.25,3.8,3.8,15.0,5.2,3.8,0.3,1.6,2.1,30.0,0.9,10.0,0.8,4.6,5.0,2.75,0.7861999869346619
2008-07,6.1,3.7,49.1,49.5,-17.0,-3.0,4.0,1.4,-1.7,7.3,46.0,3.25,-63.7,4.0,3.9,3.8,9.0,5.3,3.3,0.3,1.5,3.8,27.9,1.6,8.9,0.5,4.3,5.0,2.75,0.7900999784469604
2008-06,5.7,3.6,50.5,52.0,-15.0,-1.6,1.6,-1.1,-1.4,7.2,46.0,3.25,-43.6,4.0,3.8,4.0,7.2,5.2,3.0,0.5,1.4,2.4,23.3,1.4,7.6,0.9,4.2,5.0,2.75,0.7842000126838684
2008-05,5.3,3.3,50.8,51.6,-12.0,1.0,3.1,1.6,4.4,7.1,46.0,3.25,-44.8,4.0,3.8,3.7,-1.2,5.2,2.5,0.4,1.2,1.7,20.1,1.1,6.5,0.3,3.8,5.0,2.75,0.7858999967575073
2008-04,5.0,3.5,52.3,51.7,-12.0,0.2,3.3,-1.0,1.6,7.1,46.0,3.25,-35.0,4.0,3.7,3.9,0.6,5.3,2.5,0.3,1.2,1.9,19.3,0.5,5.7,0.8,4.1,5.25,2.75,0.7940999865531921
2008-03,4.3,3.2,52.3,51.0,-12.0,-1.8,1.7,-1.8,-3.2,7.1,46.0,3.25,-41.4,4.0,3.7,3.8,-10.8,5.2,2.2,-1.0,1.3,2.7,19.1,1.0,5.7,-0.5,4.1,5.25,2.75,0.7634999752044678
2008-02,4.2,3.2,52.6,52.0,-9.0,-1.2,3.1,2.0,-1.1,7.2,46.0,3.25,-41.7,4.0,3.6,4.0,-6.4,5.4,2.1,0.6,1.4,1.6,12.2,0.4,5.0,0.6,4.0,5.5,2.75,0.746720016002655
2008-01,3.3,3.1,52.5,53.2,-9.0,0.4,4.1,3.0,3.5,7.2,46.0,3.25,-35.7,4.0,3.6,4.0,-11.1,5.3,2.1,0.0,1.4,2.2,10.9,0.6,4.7,0.4,4.3,5.5,2.75,0.7353000044822693
2007-12,2.7,2.6,52.6,55.8,-8.0,1.6,3.3,3.6,0.9,7.2,46.0,3.25,-30.0,4.0,3.7,4.1,10.6,5.4,2.1,0.3,1.5,2.2,8.5,0.6,3.9,0.4,4.2,5.75,2.75,0.7121999859809875
2007-11,1.8,2.1,51.5,55.6,-6.0,0.8,4.5,4.5,0.9,7.3,46.0,3.25,-19.0,4.0,3.7,3.7,-12.8,5.4,1.8,0.0,1.5,3.9,6.5,0.3,2.8,0.3,3.9,5.75,2.75,0.6955000162124634
2007-10,1.8,1.7,54.3,54.0,-6.0,1.3,3.9,0.8,0.9,7.3,46.0,3.25,-20.3,4.0,3.5,3.5,-4.2,5.4,1.8,0.4,1.8,-1.4,0.7,0.1,2.5,0.6,4.1,5.75,2.75,0.6973999738693237
2007-09,2.3,1.8,54.2,57.9,-4.0,1.0,2.4,4.4,0.9,7.4,46.0,3.25,-20.3,4.0,3.4,3.4,-6.7,5.4,1.9,-0.5,1.7,-0.8,-0.3,0.3,2.5,-0.6,3.8,5.75,2.5,0.6761000156402588
2007-08,2.4,1.8,54.8,58.1,-2.0,0.1,2.5,3.9,0.9,7.5,46.0,3.25,-20.3,4.0,3.5,3.5,-6.7,5.4,2.4,0.2,1.7,0.6,2.1,0.3,2.5,0.5,4.4,5.75,2.5,0.6736999750137329
2007-07,2.4,1.8,55.4,58.3,-2.0,1.5,2.8,2.3,0.9,7.5,46.0,3.0,-20.3,4.0,3.6,4.1,-6.7,5.4,2.5,0.2,1.7,1.4,1.2,0.4,2.5,0.4,4.3,5.5,2.5,0.673799991607666
2007-06,2.4,1.9,55.0,58.3,-1.0,2.6,4.0,7.6,0.9,7.6,46.0,3.0,-20.3,3.75,3.7,4.4,-6.7,5.4,2.8,0.2,1.7,0.7,-0.3,0.5,2.5,0.5,4.5,5.5,2.5,0.6795200109481812
2007-05,2.4,1.9,55.0,58.3,-1.0,2.6,4.0,7.6,0.9,7.6,46.0,3.0,-20.3,3.75,3.7,4.4,-6.7,5.4,2.8,0.2,1.7,0.7,-0.3,0.5,2.5,0.5,4.5,5.5,2.5,0.6795200109481812
